Workbook
Name alpha_100: Inputs!$M$6
Name alpha_111: Inputs!$M$15
Name CutoffLowBar: Inputs!$M$23
Name CutoffOilBar: Inputs!$M$22
Name gamma_100: Inputs!$M$8
Name gamma_111: Inputs!$M$17
Name gC11_0: Global_Cook!$CW$4
Name gC11a: Global_Cook!$CW$14
Name gC11p: Global_Cook!$CW$7
Name gC12_0: Global_Cook!$CW$5
Name gC12a: Global_Cook!$CW$15
Name gC12p: Global_Cook!$CW$8
Name gC44_0: Global_Cook!$CW$6
Name gC44a: Global_Cook!$CW$16
Name gC44p: Global_Cook!$CW$9
Name gK0: Global_Cook!$CW$11
Name gK0p: Global_Cook!$CW$12
Name Lfin_100: Inputs!$M$5
Name Lfin_111: Inputs!$M$14
Name Linit_100: Inputs!$M$4
Name Linit_111: Inputs!$M$13
Name nData: 22
Name NormalizeFlag: Inputs!$M$24
Name rho_100: Inputs!$M$7
Name rho_111: Inputs!$M$16
Name SBR0_100: Inputs!$M$10
Name SBR0_111: Inputs!$M$19
Name scal_100: Inputs!$M$11
Name scal_111: Inputs!$M$20
Name T_100: Inputs!$M$9
Name T_111: Inputs!$M$18

Sheet Summary
A1: SIMPLIFIED VANADIUM Cij Cij' SUMMARY (all fits live-linked; edit Inputs, re-run each sheet's Solver)
B3: No Vs111 FS | C3: No Vs111 CK | D3: No Vp111 FS | E3: No Vp111 CK | F3: No Vs100 FS | G3: No Vs100 CK | H3: No Vp100 FS | I3: No Vp100 CK | J3: GLOBAL FS | K3: GLOBAL CK | M3: Katahara 1979 | N3: Lenkkeri 1978 | O3: Greiner 1979
A4: C11_0 (GPa) | B4: =FS_NoVs111!AM4 -> 240.96035 | C4: =Cook_NoVs111!AT4 -> 240.71785 | D4: =FS_NoVp111!AM4 -> 240.83323 | E4: =Cook_NoVp111!AT4 -> 241.08939 | F4: =FS_NoVs100!AM4 -> 240.84873 | G4: =Cook_NoVs100!AT4 -> 240.97216 | H4: =FS_NoVp100!AM4 -> 229.36895 | I4: =Cook_NoVp100!AT4 -> 229.5456 | J4: =Global_FS!AT4 -> 239.4993 | K4: =Global_Cook!DA4 -> 238.85608 | M4: 230.9 | N4: 235.7 | O4: 235.89
A5: C12_0 (GPa) | B5: =FS_NoVs111!AM5 -> 112.06575 | C5: =Cook_NoVs111!AT5 -> 111.92081 | D5: =FS_NoVp111!AM5 -> 128.74145 | E5: =Cook_NoVp111!AT5 -> 128.90556 | F5: =FS_NoVs100!AM5 -> 123.20384 | G5: =Cook_NoVs100!AT5 -> 123.26424 | H5: =FS_NoVp100!AM5 -> 117.43415 | I5: =Cook_NoVp100!AT5 -> 117.5164 | J5: =Global_FS!AT5 -> 121.24044 | K5: =Global_Cook!DA5 -> 121.75227 | M5: 120.02 | N5: 126.5 | O5: 120.76
A6: C44_0 (GPa) | B6: =FS_NoVs111!AM6 -> 46.819079 | C6: =Cook_NoVs111!AT6 -> 46.789339 | D6: =FS_NoVp111!AM6 -> 46.761629 | E6: =Cook_NoVp111!AT6 -> 46.760043 | F6: =FS_NoVs100!AM6 -> 41.226119 | G6: =Cook_NoVs100!AT6 -> 41.196739 | H6: =FS_NoVp100!AM6 -> 46.816589 | I6: =Cook_NoVp100!AT6 -> 46.789541 | J6: =Global_FS!AT6 -> 45.46439 | K6: =Global_Cook!DA6 -> 45.196513 | M6: 43.36 | N6: 43.6 | O6: 46.55
A7: C11' | B7: =FS_NoVs111!AM7 -> 5.4419713 | C7: =Cook_NoVs111!AT7 -> 5.3943352 | D7: =FS_NoVp111!AM7 -> 5.3801597 | E7: =Cook_NoVp111!AT7 -> 5.2862824 | F7: =FS_NoVs100!AM7 -> 5.3991815 | G7: =Cook_NoVs100!AT7 -> 5.3201903 | H7: =FS_NoVp100!AM7 -> 5.9623945 | I7: =Cook_NoVp100!AT7 -> 5.8541865 | J7: =Global_FS!AT7 -> 5.5161185 | K7: =Global_Cook!DA7 -> 5.329709 | M7: 5.65
A8: C12' | B8: =FS_NoVs111!AM8 -> 3.4771143 | C8: =Cook_NoVs111!AT8 -> 3.4396087 | D8: =FS_NoVp111!AM8 -> 2.7363926 | E8: =Cook_NoVp111!AT8 -> 2.6829994 | F8: =FS_NoVs100!AM8 -> 2.9762004 | G8: =Cook_NoVs100!AT8 -> 2.9314957 | H8: =FS_NoVp100!AM8 -> 3.268427 | I8: =Cook_NoVp100!AT8 -> 3.2082419 | J8: =Global_FS!AT8 -> 3.0938019 | K8: =Global_Cook!DA8 -> 2.8658596 | M8: 3.566
A9: C44' | B9: =FS_NoVs111!AM9 -> 0.25171875 | C9: =Cook_NoVs111!AT9 -> 0.255884 | D9: =FS_NoVp111!AM9 -> 0.25693971 | E9: =Cook_NoVp111!AT9 -> 0.25806269 | F9: =FS_NoVs100!AM9 -> 0.48443352 | G9: =Cook_NoVs100!AT9 -> 0.48531966 | H9: =FS_NoVp100!AM9 -> 0.25140052 | I9: =Cook_NoVp100!AT9 -> 0.25585661 | J9: =Global_FS!AT9 -> 0.30700295 | K9: =Global_Cook!DA9 -> 0.3404298 | M9: 0.185
A10: K0 (GPa) | B10: =FS_NoVs111!AM10 -> 155.03062 | C10: =Cook_NoVs111!AT10 -> 154.85316 | D10: =FS_NoVp111!AM10 -> 166.10538 | E10: =Cook_NoVp111!AT10 -> 166.30017 | F10: =FS_NoVs100!AM10 -> 162.41881 | G10: =Cook_NoVs100!AT10 -> 162.50021 | H10: =FS_NoVp100!AM10 -> 154.74575 | I10: =Cook_NoVp100!AT10 -> 154.85947 | J10: =Global_FS!AT10 -> 160.66006 | K10: =Global_Cook!DA10 -> 160.78687 | M10: =(M4+2*M5)/3 -> 156.98 | N10: =(N4+2*N5)/3 -> 162.9 | O10: =(O4+2*O5)/3 -> 159.13667
A11: K0' | B11: =FS_NoVs111!AM11 -> 4.1320666 | C11: =Cook_NoVs111!AT11 -> 4.0911842 | D11: =FS_NoVp111!AM11 -> 3.6176483 | E11: =Cook_NoVp111!AT11 -> 3.5507604 | F11: =FS_NoVs100!AM11 -> 3.7838608 | G11: =Cook_NoVs100!AT11 -> 3.7277273 | H11: =FS_NoVp100!AM11 -> 4.1664162 | I11: =Cook_NoVp100!AT11 -> 4.0902234 | J11: =Global_FS!AT11 -> 3.9012408 | K11: =Global_Cook!DA11 -> 3.6871428
A12: G Hill 0 (GPa) | B12: =FS_NoVs111!AM14 -> 53.220663 | C12: =Cook_NoVs111!AT14 -> 53.184245 | D12: =FS_NoVp111!AM14 -> 50.277678 | E12: =Cook_NoVp111!AT14 -> 50.293207 | F12: =FS_NoVs100!AM14 -> 47.547135 | G12: =Cook_NoVs100!AT14 -> 47.537238 | H12: =FS_NoVp100!AM14 -> 50.284807 | I12: =Cook_NoVp100!AT14 -> 50.284395 | J12: =Global_FS!AT14 -> 50.51284 | K12: =Global_Cook!DA14 -> 50.136414
A13: total misfit | B13: =FS_NoVs111!AM15 -> 2.328486 | C13: =Cook_NoVs111!AT15 -> 3.5582994 | D13: =FS_NoVp111!AM15 -> 1.7693238 | E13: =Cook_NoVp111!AT15 -> 5.2648649 | F13: =FS_NoVs100!AM15 -> 1.2627223 | G13: =Cook_NoVs100!AT15 -> 3.6179983 | H13: =FS_NoVp100!AM15 -> 0.63238467 | I13: =Cook_NoVp100!AT15 -> 2.7608174 | J13: =Global_FS!AT15 -> 1452.0622 | K13: =Global_Cook!DA15 -> 1835.6762

Sheet Inputs
A1: INPUTS - paste raw measured data here (100 block cols A-D, 111 block cols F-I). Constants at cols L-M.
A3: Oil bar | B3: SBR 100 (S buffer) | C3: 2TP 100 (raw) | D3: 2TS 100 (raw) | F3: Oil bar | G3: SBR 111 (S buffer) | H3: 2TP 111 (raw) | I3: 2TS 111 (raw)
A4: 0 | B4: 1.1602 | C4: 0.22919993 | D4: 0.51092692 | F4: 0 | G4: 1.1382 | H4: 0.2029 | I4: 0.4194 | L4: Linit 100 (initial length, mm) | M4: 0.712
A5: 30 | B5: 1.1596 | C5: 0.22474572 | D5: 0.50723365 | F5: 30 | G5: 1.1162 | H5: 0.2011 | I5: 0.4126 | L5: Lfin 100 (final/used length, mm) | M5: 0.704
A6: 60 | B6: 1.1526 | C6: 0.22094572 | D6: 0.50583365 | F6: 60 | G6: 1.112 | H6: 0.1995 | I6: 0.4052 | L6: alpha 100 (thermal expansion) | M6: 4.6e-05
A7: 90 | B7: 1.1486 | C7: 0.21874572 | D7: 0.50583365 | F7: 90 | G7: 1.1056 | H7: 0.1969 | I7: 0.4028 | L7: rho 100 (density g/cc) | M7: 6.09
A8: 120 | B8: 1.1442 | C8: 0.21654572 | D8: 0.50523365 | F8: 120 | G8: 1.1034 | H8: 0.1953 | I8: 0.3972 | L8: gamma 100 (Gruneisen) | M8: 1.23
A9: 150 | B9: 1.1396 | C9: 0.21474572 | D9: 0.50523365 | F9: 150 | G9: 1.0978 | H9: 0.1941 | I9: 0.396 | L9: T 100 (K) | M9: 300
A10: 180 | B10: 1.1364 | C10: 0.21334572 | D10: 0.50523365 | F10: 180 | G10: 1.0942 | H10: 0.1929 | I10: 0.3926 | L10: SBR0 100 (0-P buffer S-time = first measured pt; source O24) | M10: 1.1602
A11: 210 | B11: 1.1334 | C11: 0.21174572 | D11: 0.50423365 | F11: 210 | G11: 1.0914 | H11: 0.1917 | I11: 0.3894 | L11: scalar 100 =(1+a*g*T)/(12*rho*Lfin^2) | M11: =(1+M6*M8*M9)/(12*M7*M5^2) -> 0.028077989
A12: 240 | B12: 1.1296 | C12: 0.21074572 | D12: 0.50423365 | F12: 240 | G12: 1.0862 | H12: 0.1905 | I12: 0.3894
A13: 270 | B13: 1.1264 | C13: 0.20914572 | D13: 0.50463365 | F13: 270 | G13: 1.0832 | H13: 0.1889 | I13: 0.3866 | L13: Linit 111 (initial length, mm) | M13: 0.623
A14: 300 | B14: 1.1238 | C14: 0.20814572 | D14: 0.50383365 | F14: 300 | G14: 1.0804 | H14: 0.1881 | I14: 0.3846 | L14: Lfin 111 (final/used length, mm) | M14: 0.607
A15: 330 | B15: 1.1206 | C15: 0.20734572 | D15: 0.50403365 | F15: 330 | G15: 1.0758 | H15: 0.1875 | I15: 0.3844 | L15: alpha 111 (thermal expansion) | M15: 4.6e-05
A16: 360 | B16: 1.1178 | C16: 0.20634572 | D16: 0.50443365 | F16: 360 | G16: 1.0726 | H16: 0.1863 | I16: 0.383 | L16: rho 111 (density g/cc) | M16: 6.09
A17: 390 | B17: 1.1158 | C17: 0.20554572 | D17: 0.50383365 | F17: 390 | G17: 1.0708 | H17: 0.1859 | I17: 0.3812 | L17: gamma 111 (Gruneisen) | M17: 1.23
A18: 420 | B18: 1.1132 | C18: 0.20474572 | D18: 0.50323365 | F18: 420 | G18: 1.068 | H18: 0.1851 | I18: 0.38 | L18: T 111 (K) | M18: 300
A19: 450 | B19: 1.1108 | C19: 0.20394572 | D19: 0.50443365 | F19: 450 | G19: 1.0644 | H19: 0.1845 | I19: 0.3798 | L19: SBR0 111 (pressure_fit, 0-P buffer S-time) | M19: 1.1225
A20: 480 | B20: 1.1094 | C20: 0.20334572 | D20: 0.50523365 | F20: 480 | G20: 1.0626 | H20: 0.1839 | I20: 0.3788 | L20: scalar 111 =(1+a*g*T)/(12*rho*Lfin^2) | M20: =(1+M15*M17*M18)/(12*M16*M14^2) -> 0.037768865
A21: 510 | B21: 1.1084 | C21: 0.20234572 | D21: 0.50563365 | F21: 510 | G21: 1.0614 | H21: 0.1829 | I21: 0.3774
A22: 540 | B22: 1.1066 | C22: 0.20174572 | D22: 0.50523365 | F22: 540 | G22: 1.0594 | H22: 0.1825 | I22: 0.3763 | L22: Cutoff HIGH oil bar (fit uses oil <= this) | M22: 420
A23: 570 | B23: 1.1042 | C23: 0.20094572 | D23: 0.50583365 | F23: 570 | G23: 1.0568 | H23: 0.1813 | I23: 0.3766 | L23: Cutoff LOW oil bar (fit uses oil >= this) | M23: 120
A24: 600 | B24: 1.103 | C24: 0.20034572 | D24: 0.50703365 | F24: 600 | G24: 1.0552 | H24: 0.1805 | I24: 0.3762 | L24: Normalize flag (0/1, global fits) | M24: 0
A25: 630 | B25: 1.1022 | C25: 0.19974572 | D25: 0.50683365 | F25: 630 | G25: 1.0546 | H25: 0.1801 | I25: 0.3746

Sheet Align
A1: ALIGN - master pressure = 100 calibration; 111 travel times resampled onto master P via 6th-order polynomial (LINEST). | K1: poly coeffs c6..c0 ->
J2: 2TP111: | K2: =INDEX(LINEST(Inputs!$H$4:$H$25,$E$4:$E$25^{1,2,3,4,5,6}),1,1) -> -1.4769646e-08 | L2: =INDEX(LINEST(Inputs!$H$4:$H$25,$E$4:$E$25^{1,2,3,4,5,6}),1,2) -> 6.0182297e-07 | M2: =INDEX(LINEST(Inputs!$H$4:$H$25,$E$4:$E$25^{1,2,3,4,5,6}),1,3) -> -9.4365267e-06 | N2: =INDEX(LINEST(Inputs!$H$4:$H$25,$E$4:$E$25^{1,2,3,4,5,6}),1,4) -> 6.9849465e-05 | O2: =INDEX(LINEST(Inputs!$H$4:$H$25,$E$4:$E$25^{1,2,3,4,5,6}),1,5) -> -0.00019504809 | P2: =INDEX(LINEST(Inputs!$H$4:$H$25,$E$4:$E$25^{1,2,3,4,5,6}),1,6) -> -0.0017595092 | Q2: =INDEX(LINEST(Inputs!$H$4:$H$25,$E$4:$E$25^{1,2,3,4,5,6}),1,7) -> 0.20385318
A3: Oil bar | B3: P master (GPa) | C3: tP100 | D3: tS100 | E3: P111 (GPa) | F3: tP111 aligned | G3: tS111 aligned | J3: 2TS111: | K3: =INDEX(LINEST(Inputs!$I$4:$I$25,$E$4:$E$25^{1,2,3,4,5,6}),1,1) -> -1.9658081e-08 | L3: =INDEX(LINEST(Inputs!$I$4:$I$25,$E$4:$E$25^{1,2,3,4,5,6}),1,2) -> 1.013512e-06 | M3: =INDEX(LINEST(Inputs!$I$4:$I$25,$E$4:$E$25^{1,2,3,4,5,6}),1,3) -> -1.9930178e-05 | N3: =INDEX(LINEST(Inputs!$I$4:$I$25,$E$4:$E$25^{1,2,3,4,5,6}),1,4) -> 0.00017486101 | O3: =INDEX(LINEST(Inputs!$I$4:$I$25,$E$4:$E$25^{1,2,3,4,5,6}),1,5) -> -0.0004369497 | P3: =INDEX(LINEST(Inputs!$I$4:$I$25,$E$4:$E$25^{1,2,3,4,5,6}),1,6) -> -0.0048072238 | Q3: =INDEX(LINEST(Inputs!$I$4:$I$25,$E$4:$E$25^{1,2,3,4,5,6}),1,7) -> 0.41892602
A4: =Inputs!A4 -> 0 | B4: =249.7*(1-Inputs!B4/SBR0_100) -> 0 | C4: =Inputs!C4 -> 0.22919993 | D4: =Inputs!D4 -> 0.51092692 | E4: =249.7*(1-Inputs!G4/SBR0_111) -> -3.4924633 | F4: =SUMPRODUCT($K$2:$P$2,B4^{6,5,4,3,2,1})+$Q$2 -> 0.20385318 | G4: =SUMPRODUCT($K$3:$P$3,B4^{6,5,4,3,2,1})+$Q$3 -> 0.41892602
A5: =Inputs!A5 -> 30 | B5: =249.7*(1-Inputs!B5/SBR0_100) -> 0.12913291 | C5: =Inputs!C5 -> 0.22474572 | D5: =Inputs!D5 -> 0.50723365 | E5: =249.7*(1-Inputs!G5/SBR0_111) -> 1.4014343 | F5: =SUMPRODUCT($K$2:$P$2,B5^{6,5,4,3,2,1})+$Q$2 -> 0.20362287 | G5: =SUMPRODUCT($K$3:$P$3,B5^{6,5,4,3,2,1})+$Q$3 -> 0.41829834
A6: =Inputs!A6 -> 60 | B6: =249.7*(1-Inputs!B6/SBR0_100) -> 1.6356835 | C6: =Inputs!C6 -> 0.22094572 | D6: =Inputs!D6 -> 0.50583365 | E6: =249.7*(1-Inputs!G6/SBR0_111) -> 2.3357238 | F6: =SUMPRODUCT($K$2:$P$2,B6^{6,5,4,3,2,1})+$Q$2 -> 0.20069823 | G6: =SUMPRODUCT($K$3:$P$3,B6^{6,5,4,3,2,1})+$Q$3 -> 0.41052794
A7: =Inputs!A7 -> 90 | B7: =249.7*(1-Inputs!B7/SBR0_100) -> 2.4965696 | C7: =Inputs!C7 -> 0.21874572 | D7: =Inputs!D7 -> 0.50583365 | E7: =249.7*(1-Inputs!G7/SBR0_111) -> 3.7594031 | F7: =SUMPRODUCT($K$2:$P$2,B7^{6,5,4,3,2,1})+$Q$2 -> 0.19901985 | G7: =SUMPRODUCT($K$3:$P$3,B7^{6,5,4,3,2,1})+$Q$3 -> 0.40624126
A8: =Inputs!A8 -> 120 | B8: =249.7*(1-Inputs!B8/SBR0_100) -> 3.4435442 | C8: =Inputs!C8 -> 0.21654572 | D8: =Inputs!D8 -> 0.50523365 | E8: =249.7*(1-Inputs!G8/SBR0_111) -> 4.2487929 | F8: =SUMPRODUCT($K$2:$P$2,B8^{6,5,4,3,2,1})+$Q$2 -> 0.19727344 | G8: =SUMPRODUCT($K$3:$P$3,B8^{6,5,4,3,2,1})+$Q$3 -> 0.40198653
A9: =Inputs!A9 -> 150 | B9: =249.7*(1-Inputs!B9/SBR0_100) -> 4.4335632 | C9: =Inputs!C9 -> 0.21474572 | D9: =Inputs!D9 -> 0.50523365 | E9: =249.7*(1-Inputs!G9/SBR0_111) -> 5.4945122 | F9: =SUMPRODUCT($K$2:$P$2,B9^{6,5,4,3,2,1})+$Q$2 -> 0.19557829 | G9: =SUMPRODUCT($K$3:$P$3,B9^{6,5,4,3,2,1})+$Q$3 -> 0.39814914
A10: =Inputs!A10 -> 180 | B10: =249.7*(1-Inputs!B10/SBR0_100) -> 5.122272 | C10: =Inputs!C10 -> 0.21334572 | D10: =Inputs!D10 -> 0.50523365 | E10: =249.7*(1-Inputs!G10/SBR0_111) -> 6.2953318 | F10: =SUMPRODUCT($K$2:$P$2,B10^{6,5,4,3,2,1})+$Q$2 -> 0.19446957 | G10: =SUMPRODUCT($K$3:$P$3,B10^{6,5,4,3,2,1})+$Q$3 -> 0.39583686
A11: =Inputs!A11 -> 210 | B11: =249.7*(1-Inputs!B11/SBR0_100) -> 5.7679366 | C11: =Inputs!C11 -> 0.21174572 | D11: =Inputs!D11 -> 0.50423365 | E11: =249.7*(1-Inputs!G11/SBR0_111) -> 6.9181915 | F11: =SUMPRODUCT($K$2:$P$2,B11^{6,5,4,3,2,1})+$Q$2 -> 0.19347267 | G11: =SUMPRODUCT($K$3:$P$3,B11^{6,5,4,3,2,1})+$Q$3 -> 0.39390328
A12: =Inputs!A12 -> 240 | B12: =249.7*(1-Inputs!B12/SBR0_100) -> 6.5857783 | C12: =Inputs!C12 -> 0.21074572 | D12: =Inputs!D12 -> 0.50423365 | E12: =249.7*(1-Inputs!G12/SBR0_111) -> 8.074931 | F12: =SUMPRODUCT($K$2:$P$2,B12^{6,5,4,3,2,1})+$Q$2 -> 0.19225681 | G12: =SUMPRODUCT($K$3:$P$3,B12^{6,5,4,3,2,1})+$Q$3 -> 0.39172305
A13: =Inputs!A13 -> 270 | B13: =249.7*(1-Inputs!B13/SBR0_100) -> 7.2744872 | C13: =Inputs!C13 -> 0.20914572 | D13: =Inputs!D13 -> 0.50463365 | E13: =249.7*(1-Inputs!G13/SBR0_111) -> 8.7422806 | F13: =SUMPRODUCT($K$2:$P$2,B13^{6,5,4,3,2,1})+$Q$2 -> 0.19126642 | G13: =SUMPRODUCT($K$3:$P$3,B13^{6,5,4,3,2,1})+$Q$3 -> 0.39006856
A14: =Inputs!A14 -> 300 | B14: =249.7*(1-Inputs!B14/SBR0_100) -> 7.8340631 | C14: =Inputs!C14 -> 0.20814572 | D14: =Inputs!D14 -> 0.50383365 | E14: =249.7*(1-Inputs!G14/SBR0_111) -> 9.3651403 | F14: =SUMPRODUCT($K$2:$P$2,B14^{6,5,4,3,2,1})+$Q$2 -> 0.19048251 | G14: =SUMPRODUCT($K$3:$P$3,B14^{6,5,4,3,2,1})+$Q$3 -> 0.3888151
A15: =Inputs!A15 -> 330 | B15: =249.7*(1-Inputs!B15/SBR0_100) -> 8.5227719 | C15: =Inputs!C15 -> 0.20734572 | D15: =Inputs!D15 -> 0.50403365 | E15: =249.7*(1-Inputs!G15/SBR0_111) -> 10.38841 | F15: =SUMPRODUCT($K$2:$P$2,B15^{6,5,4,3,2,1})+$Q$2 -> 0.1895445 | G15: =SUMPRODUCT($K$3:$P$3,B15^{6,5,4,3,2,1})+$Q$3 -> 0.3873536
... A25: =Inputs!A25 -> 630 | B25: =249.7*(1-Inputs!B25/SBR0_100) -> 12.482848 | C25: =Inputs!C25 -> 0.19974572 | D25: =Inputs!D25 -> 0.50683365 | E25: =249.7*(1-Inputs!G25/SBR0_111) -> 15.104347 | F25: =SUMPRODUCT($K$2:$P$2,B25^{6,5,4,3,2,1})+$Q$2 -> 0.1847644 | G25: =SUMPRODUCT($K$3:$P$3,B25^{6,5,4,3,2,1})+$Q$3 -> 0.37985075

Sheet FS_NoVs111
A3: Oil bar | B3: P (GPa) | C3: tP100 | D3: tS100 | E3: tP111 | F3: tS111 | G3: L fit | H3: L111 | I3: V0/V | J3: rho | K3: f | L3: Vp100 | M3: Vs100 | N3: Vp111 | O3: Vs111 | P3: rVp111^2 | Q3: rVs111^2 | R3: C11 meas | S3: C12 meas | T3: C44 meas | U3: P_FS | V3: C11 mod | W3: C12 mod | X3: C44 mod | Y3: dP | Z3: dC11 | AA3: dC12 | AB3: dC44 | AC3: gated sq | AD3: K bulk | AE3: GV | AF3: GR | AG3: GH | AI3: FIT PARAMS | AL3: OUTPUTS
A4: =Align!A4 -> 0 | B4: =Align!B4 -> 0 | C4: =Align!C4 -> 0.22919993 | D4: =Align!D4 -> 0.51092692 | E4: =Align!F4 -> 0.20385318 | F4: =Align!G4 -> 0.41892602 | G4: =Lfin_100 -> 0.704 | H4: =G4*Lfin_111/Lfin_100 -> 0.607 | I4: =($G$4/G4)^3 -> 1 | J4: =rho_100*I4 -> 6.09 | K4: =0.5*(1-I4^(2/3)) -> 0 | L4: =2*G4/C4 -> 6.1431082 | M4: =2*G4/D4 -> 2.7557757 | N4: =2*H4/E4 -> 5.9552664 | O4: =2*H4/F4 -> 2.8978863 | P4: =J4*N4^2 -> 215.98305 | Q4: =J4*O4^2 -> 51.142269 | R4: =J4*L4^2 -> 229.82307 | S4: =1.5*P4-0.5*R4-2*T4 -> 116.56447 | T4: =J4*M4^2 -> 46.249286 | U4: =-3*$AI$11*((1-2*K4)^2.5)*(1+1.5*(4-$AI$12)*K4)*K4 -> 0 | V4: =((1-2*K4)^3.5)*($AI$4-$AI$14*K4)+3*U4 -> 240.96035 | W4: =((1-2*K4)^3.5)*($AI$5-$AI$15*K4)+1*U4 -> 112.06575 | X4: =((1-2*K4)^3.5)*($AI$6-$AI$16*K4)+1*U4 -> 46.819079 | Y4: =U4-B4 -> 0 | Z4: =V4-R4 -> 11.137281 | AA4: =W4-S4 -> -4.4987251 | AB4: =X4-T4 -> 0.56979298 | AC4: =IF(AND(A4>=CutoffLowBar,A4<=CutoffOilBar),Y4^2+Z4^2+AA4^2+AB4^2,0) -> 0 | AD4: =(V4+2*W4)/3 -> 155.03062 | AE4: =(V4-W4+3*X4)/5 -> 53.870368 | AF4: =5*(V4-W4)*X4/(3*(V4-W4)+4*X4) -> 52.570957 | AG4: =(AE4+AF4)/2 -> 53.220663 | AH4: C11_0 | AI4: 240.96035 | AL4: C11_0 | AM4: =$AI$4 -> 240.96035
A5: =Align!A5 -> 30 | B5: =Align!B5 -> 0.12913291 | C5: =Align!C5 -> 0.22474572 | D5: =Align!D5 -> 0.50723365 | E5: =Align!F5 -> 0.20362287 | F5: =Align!G5 -> 0.41829834 | G5: 0.70328571 | H5: =G5*Lfin_111/Lfin_100 -> 0.60638413 | I5: =($G$4/G5)^3 -> 1.00305 | J5: =rho_100*I5 -> 6.1085746 | K5: =0.5*(1-I5^(2/3)) -> -0.0010161566 | L5: =2*G5/C5 -> 6.2585015 | M5: =2*G5/D5 -> 2.7730247 | N5: =2*H5/E5 -> 5.9559532 | O5: =2*H5/F5 -> 2.8992902 | P5: =J5*N5^2 -> 216.69178 | Q5: =J5*O5^2 -> 51.347967 | R5: =J5*L5^2 -> 239.26579 | S5: =1.5*P5-0.5*R5-2*T5 -> 111.45898 | T5: =J5*M5^2 -> 46.972898 | U5: =-3*$AI$11*((1-2*K5)^2.5)*(1+1.5*(4-$AI$12)*K5)*K5 -> 0.47510666 | V5: =((1-2*K5)^3.5)*($AI$4-$AI$14*K5)+3*U5 -> 243.54013 | W5: =((1-2*K5)^3.5)*($AI$5-$AI$15*K5)+1*U5 -> 113.71625 | X5: =((1-2*K5)^3.5)*($AI$6-$AI$16*K5)+1*U5 -> 46.936494 | Y5: =U5-B5 -> 0.34597375 | Z5: =V5-R5 -> 4.2743393 | AA5: =W5-S5 -> 2.2572668 | AB5: =X5-T5 -> -0.036404529 | AC5: =IF(AND(A5>=CutoffLowBar,A5<=CutoffOilBar),Y5^2+Z5^2+AA5^2+AB5^2,0) -> 0 | AD5: =(V5+2*W5)/3 -> 156.99087 | AE5: =(V5-W5+3*X5)/5 -> 54.126673 | AF5: =5*(V5-W5)*X5/(3*(V5-W5)+4*X5) -> 52.783193 | AG5: =(AE5+AF5)/2 -> 53.454933 | AH5: C12_0 | AI5: 112.06575 | AL5: C12_0 | AM5: =$AI$5 -> 112.06575
A6: =Align!A6 -> 60 | B6: =Align!B6 -> 1.6356835 | C6: =Align!C6 -> 0.22094572 | D6: =Align!D6 -> 0.50583365 | E6: =Align!F6 -> 0.20069823 | F6: =Align!G6 -> 0.41052794 | G6: 0.70257143 | H6: =G6*Lfin_111/Lfin_100 -> 0.60576826 | I6: =($G$4/G6)^3 -> 1.0061125 | J6: =rho_100*I6 -> 6.1272248 | K6: =0.5*(1-I6^(2/3)) -> -0.0020354141 | L6: =2*G6/C6 -> 6.3596745 | M6: =2*G6/D6 -> 2.7778754 | N6: =2*H6/E6 -> 6.0366079 | O6: =2*H6/F6 -> 2.951167 | P6: =J6*N6^2 -> 223.27997 | Q6: =J6*O6^2 -> 53.364372 | R6: =J6*L6^2 -> 247.81842 | S6: =1.5*P6-0.5*R6-2*T6 -> 116.44815 | T6: =J6*M6^2 -> 47.281293 | U6: =-3*$AI$11*((1-2*K6)^2.5)*(1+1.5*(4-$AI$12)*K6)*K6 -> 0.95670373 | V6: =((1-2*K6)^3.5)*($AI$4-$AI$14*K6)+3*U6 -> 246.14361 | W6: =((1-2*K6)^3.5)*($AI$5-$AI$15*K6)+1*U6 -> 115.38628 | X6: =((1-2*K6)^3.5)*($AI$6-$AI$16*K6)+1*U6 -> 47.051124 | Y6: =U6-B6 -> -0.67897977 | Z6: =V6-R6 -> -1.6748128 | AA6: =W6-S6 -> -1.0618701 | AB6: =X6-T6 -> -0.23016994 | AC6: =IF(AND(A6>=CutoffLowBar,A6<=CutoffOilBar),Y6^2+Z6^2+AA6^2+AB6^2,0) -> 0 | AD6: =(V6+2*W6)/3 -> 158.97206 | AE6: =(V6-W6+3*X6)/5 -> 54.38214 | AF6: =5*(V6-W6)*X6/(3*(V6-W6)+4*X6) -> 52.993355 | AG6: =(AE6+AF6)/2 -> 53.687748 | AH6: C44_0 | AI6: 46.819079 | AL6: C44_0 | AM6: =$AI$6 -> 46.819079
A7: =Align!A7 -> 90 | B7: =Align!B7 -> 2.4965696 | C7: =Align!C7 -> 0.21874572 | D7: =Align!D7 -> 0.50583365 | E7: =Align!F7 -> 0.19901985 | F7: =Align!G7 -> 0.40624126 | G7: 0.70185714 | H7: =G7*Lfin_111/Lfin_100 -> 0.60515239 | I7: =($G$4/G7)^3 -> 1.0091874 | J7: =rho_100*I7 -> 6.1459511 | K7: =0.5*(1-I7^(2/3)) -> -0.0030577851 | L7: =2*G7/C7 -> 6.4171051 | M7: =2*G7/D7 -> 2.7750512 | N7: =2*H7/E7 -> 6.0813271 | O7: =2*H7/F7 -> 2.9792759 | P7: =J7*N7^2 -> 227.29288 | Q7: =J7*O7^2 -> 54.551983 | R7: =J7*L7^2 -> 253.08558 | S7: =1.5*P7-0.5*R7-2*T7 -> 119.7377 | T7: =J7*M7^2 -> 47.329412 | U7: =-3*$AI$11*((1-2*K7)^2.5)*(1+1.5*(4-$AI$12)*K7)*K7 -> 1.4448686 | V7: =((1-2*K7)^3.5)*($AI$4-$AI$14*K7)+3*U7 -> 248.77102 | W7: =((1-2*K7)^3.5)*($AI$5-$AI$15*K7)+1*U7 -> 117.07609 | X7: =((1-2*K7)^3.5)*($AI$6-$AI$16*K7)+1*U7 -> 47.162896 | Y7: =U7-B7 -> -1.0517009 | Z7: =V7-R7 -> -4.3145656 | AA7: =W7-S7 -> -2.6616146 | AB7: =X7-T7 -> -0.16651613 | AC7: =IF(AND(A7>=CutoffLowBar,A7<=CutoffOilBar),Y7^2+Z7^2+AA7^2+AB7^2,0) -> 0 | AD7: =(V7+2*W7)/3 -> 160.9744 | AE7: =(V7-W7+3*X7)/5 -> 54.636724 | AF7: =5*(V7-W7)*X7/(3*(V7-W7)+4*X7) -> 53.201364 | AG7: =(AE7+AF7)/2 -> 53.919044 | AH7: C11' | AI7: 5.4419713 | AL7: C11' | AM7: =$AI$7 -> 5.4419713
A8: =Align!A8 -> 120 | B8: =Align!B8 -> 3.4435442 | C8: =Align!C8 -> 0.21654572 | D8: =Align!D8 -> 0.50523365 | E8: =Align!F8 -> 0.19727344 | F8: =Align!G8 -> 0.40198653 | G8: 0.69911064 | H8: =G8*Lfin_111/Lfin_100 -> 0.60278431 | I8: =($G$4/G8)^3 -> 1.0211282 | J8: =rho_100*I8 -> 6.2186705 | K8: =0.5*(1-I8^(2/3)) -> -0.0070181477 | L8: =2*G8/C8 -> 6.4569333 | M8: =2*G8/D8 -> 2.7674746 | N8: =2*H8/E8 -> 6.1111552 | O8: =2*H8/F8 -> 2.9990275 | P8: =J8*N8^2 -> 232.24382 | Q8: =J8*O8^2 -> 55.931752 | R8: =J8*L8^2 -> 259.26873 | S8: =1.5*P8-0.5*R8-2*T8 -> 123.47482 | T8: =J8*M8^2 -> 47.628272 | U8: =-3*$AI$11*((1-2*K8)^2.5)*(1+1.5*(4-$AI$12)*K8)*K8 -> 3.3845299 | V8: =((1-2*K8)^3.5)*($AI$4-$AI$14*K8)+3*U8 -> 259.10057 | W8: =((1-2*K8)^3.5)*($AI$5-$AI$15*K8)+1*U8 -> 123.76205 | X8: =((1-2*K8)^3.5)*($AI$6-$AI$16*K8)+1*U8 -> 47.564693 | Y8: =U8-B8 -> -0.059014274 | Z8: =V8-R8 -> -0.16816062 | AA8: =W8-S8 -> 0.28722999 | AB8: =X8-T8 -> -0.063578451 | AC8: =IF(AND(A8>=CutoffLowBar,A8<=CutoffOilBar),Y8^2+Z8^2+AA8^2+AB8^2,0) -> 0.11830396 | AD8: =(V8+2*W8)/3 -> 168.87489 | AE8: =(V8-W8+3*X8)/5 -> 55.60652 | AF8: =5*(V8-W8)*X8/(3*(V8-W8)+4*X8) -> 53.979644 | AG8: =(AE8+AF8)/2 -> 54.793082 | AH8: C12' | AI8: 3.4771143 | AL8: C12' | AM8: =$AI$8 -> 3.4771143
A9: =Align!A9 -> 150 | B9: =Align!B9 -> 4.4335632 | C9: =Align!C9 -> 0.21474572 | D9: =Align!D9 -> 0.50523365 | E9: =Align!F9 -> 0.19557829 | F9: =Align!G9 -> 0.39814914 | G9: 0.6977311 | H9: =G9*Lfin_111/Lfin_100 -> 0.60159485 | I9: =($G$4/G9)^3 -> 1.027197 | J9: =rho_100*I9 -> 6.2556297 | K9: =0.5*(1-I9^(2/3)) -> -0.009025062 | L9: =2*G9/C9 -> 6.4982072 | M9: =2*G9/D9 -> 2.7620136 | N9: =2*H9/E9 -> 6.1519593 | O9: =2*H9/F9 -> 3.0219573 | P9: =J9*N9^2 -> 236.75434 | Q9: =J9*O9^2 -> 57.127825 | R9: =J9*L9^2 -> 264.15458 | S9: =1.5*P9-0.5*R9-2*T9 -> 127.60933 | T9: =J9*M9^2 -> 47.722441 | U9: =-3*$AI$11*((1-2*K9)^2.5)*(1+1.5*(4-$AI$12)*K9)*K9 -> 4.3973151 | V9: =((1-2*K9)^3.5)*($AI$4-$AI$14*K9)+3*U9 -> 264.4277 | W9: =((1-2*K9)^3.5)*($AI$5-$AI$15*K9)+1*U9 -> 127.23627 | X9: =((1-2*K9)^3.5)*($AI$6-$AI$16*K9)+1*U9 -> 47.748776 | Y9: =U9-B9 -> -0.036248044 | Z9: =V9-R9 -> 0.27311902 | AA9: =W9-S9 -> -0.37306107 | AB9: =X9-T9 -> 0.02633468 | AC9: =IF(AND(A9>=CutoffLowBar,A9<=CutoffOilBar),Y9^2+Z9^2+AA9^2+AB9^2,0) -> 0.215776 | AD9: =(V9+2*W9)/3 -> 172.96675 | AE9: =(V9-W9+3*X9)/5 -> 56.087552 | AF9: =5*(V9-W9)*X9/(3*(V9-W9)+4*X9) -> 54.356585 | AG9: =(AE9+AF9)/2 -> 55.222068 | AH9: C44' | AI9: 0.25171875 | AL9: C44' | AM9: =$AI$9 -> 0.25171875
A10: =Align!A10 -> 180 | B10: =Align!B10 -> 5.122272 | C10: =Align!C10 -> 0.21334572 | D10: =Align!D10 -> 0.50523365 | E10: =Align!F10 -> 0.19446957 | F10: =Align!G10 -> 0.39583686 | G10: 0.69675193 | H10: =G10*Lfin_111/Lfin_100 -> 0.6007506 | I10: =($G$4/G10)^3 -> 1.0315338 | J10: =rho_100*I10 -> 6.2820406 | K10: =0.5*(1-I10^(2/3)) -> -0.010456769 | L10: =2*G10/C10 -> 6.5316701 | M10: =2*G10/D10 -> 2.7581375 | N10: =2*H10/E10 -> 6.1783508 | O10: =2*H10/F10 -> 3.0353444 | P10: =J10*N10^2 -> 239.79817 | Q10: =J10*O10^2 -> 57.878421 | R10: =J10*L10^2 -> 268.0089 | S10: =1.5*P10-0.5*R10-2*T10 -> 130.11379 | T10: =J10*M10^2 -> 47.789507 | U10: =-3*$AI$11*((1-2*K10)^2.5)*(1+1.5*(4-$AI$12)*K10)*K10 -> 5.1322446 | V10: =((1-2*K10)^3.5)*($AI$4-$AI$14*K10)+3*U10 -> 268.26632 | W10: =((1-2*K10)^3.5)*($AI$5-$AI$15*K10)+1*U10 -> 129.75059 | X10: =((1-2*K10)^3.5)*($AI$6-$AI$16*K10)+1*U10 -> 47.871803 | Y10: =U10-B10 -> 0.0099725668 | Z10: =V10-R10 -> 0.25741776 | AA10: =W10-S10 -> -0.36319713 | AB10: =X10-T10 -> 0.082295589 | AC10: =IF(AND(A10>=CutoffLowBar,A10<=CutoffOilBar),Y10^2+Z10^2+AA10^2+AB10^2,0) -> 0.20504808 | AD10: =(V10+2*W10)/3 -> 175.9225 | AE10: =(V10-W10+3*X10)/5 -> 56.426227 | AF10: =5*(V10-W10)*X10/(3*(V10-W10)+4*X10) -> 54.617972 | AG10: =(AE10+AF10)/2 -> 55.5221 | AL10: K0 | AM10: =$AI$11 -> 155.03062
A11: =Align!A11 -> 210 | B11: =Align!B11 -> 5.7679366 | C11: =Align!C11 -> 0.21174572 | D11: =Align!D11 -> 0.50423365 | E11: =Align!F11 -> 0.19347267 | F11: =Align!G11 -> 0.39390328 | G11: 0.69580581 | H11: =G11*Lfin_111/Lfin_100 -> 0.59993484 | I11: =($G$4/G11)^3 -> 1.0357474 | J11: =rho_100*I11 -> 6.3077014 | K11: =0.5*(1-I11^(2/3)) -> -0.011845897 | L11: =2*G11/C11 -> 6.5720885 | M11: =2*G11/D11 -> 2.7598547 | N11: =2*H11/E11 -> 6.2017529 | O11: =2*H11/F11 -> 3.0461023 | P11: =J11*N11^2 -> 242.60517 | Q11: =J11*O11^2 -> 58.527515 | R11: =J11*L11^2 -> 272.44443 | S11: =1.5*P11-0.5*R11-2*T11 -> 131.59656 | T11: =J11*M11^2 -> 48.044488 | U11: =-3*$AI$11*((1-2*K11)^2.5)*(1+1.5*(4-$AI$12)*K11)*K11 -> 5.8552803 | V11: =((1-2*K11)^3.5)*($AI$4-$AI$14*K11)+3*U11 -> 272.02138 | W11: =((1-2*K11)^3.5)*($AI$5-$AI$15*K11)+1*U11 -> 132.21892 | X11: =((1-2*K11)^3.5)*($AI$6-$AI$16*K11)+1*U11 -> 47.984428 | Y11: =U11-B11 -> 0.087343694 | Z11: =V11-R11 -> -0.42304642 | AA11: =W11-S11 -> 0.62235605 | AB11: =X11-T11 -> -0.060060203 | AC11: =IF(AND(A11>=CutoffLowBar,A11<=CutoffOilBar),Y11^2+Z11^2+AA11^2+AB11^2,0) -> 0.57753148 | AD11: =(V11+2*W11)/3 -> 178.81974 | AE11: =(V11-W11+3*X11)/5 -> 56.75115 | AF11: =5*(V11-W11)*X11/(3*(V11-W11)+4*X11) -> 54.865421 | AG11: =(AE11+AF11)/2 -> 55.808285 | AH11: K0 | AI11: =($AI$4+2*$AI$5)/3 -> 155.03062 | AL11: K0' | AM11: =$AI$12 -> 4.1320666
A12: =Align!A12 -> 240 | B12: =Align!B12 -> 6.5857783 | C12: =Align!C12 -> 0.21074572 | D12: =Align!D12 -> 0.50423365 | E12: =Align!F12 -> 0.19225681 | F12: =Align!G12 -> 0.39172305 | G12: 0.69488649 | H12: =G12*Lfin_111/Lfin_100 -> 0.59914219 | I12: =($G$4/G12)^3 -> 1.0398636 | J12: =rho_100*I12 -> 6.3327692 | K12: =0.5*(1-I12^(2/3)) -> -0.013201104 | L12: =2*G12/C12 -> 6.594549 | M12: =2*G12/D12 -> 2.7562083 | N12: =2*H12/E12 -> 6.232728 | O12: =2*H12/F12 -> 3.0590091 | P12: =J12*N12^2 -> 246.00844 | Q12: =J12*O12^2 -> 59.259119 | R12: =J12*L12^2 -> 275.39995 | S12: =1.5*P12-0.5*R12-2*T12 -> 135.09658 | T12: =J12*M12^2 -> 48.108049 | U12: =-3*$AI$11*((1-2*K12)^2.5)*(1+1.5*(4-$AI$12)*K12)*K12 -> 6.5701787 | V12: =((1-2*K12)^3.5)*($AI$4-$AI$14*K12)+3*U12 -> 275.7139 | W12: =((1-2*K12)^3.5)*($AI$5-$AI$15*K12)+1*U12 -> 134.65448 | X12: =((1-2*K12)^3.5)*($AI$6-$AI$16*K12)+1*U12 -> 48.087786 | Y12: =U12-B12 -> -0.015599588 | Z12: =V12-R12 -> 0.31395017 | AA12: =W12-S12 -> -0.44210152 | AB12: =X12-T12 -> -0.020263483 | AC12: =IF(AND(A12>=CutoffLowBar,A12<=CutoffOilBar),Y12^2+Z12^2+AA12^2+AB12^2,0) -> 0.29467242 | AD12: =(V12+2*W12)/3 -> 181.67429 | AE12: =(V12-W12+3*X12)/5 -> 57.064556 | AF12: =5*(V12-W12)*X12/(3*(V12-W12)+4*X12) -> 55.100822 | AG12: =(AE12+AF12)/2 -> 56.082689 | AH12: K0' | AI12: =($AI$7+2*$AI$8)/3 -> 4.1320666 | AL12: GV0 | AM12: =AE4 -> 53.870368
A13: =Align!A13 -> 270 | B13: =Align!B13 -> 7.2744872 | C13: =Align!C13 -> 0.20914572 | D13: =Align!D13 -> 0.50463365 | E13: =Align!F13 -> 0.19126642 | F13: =Align!G13 -> 0.39006856 | G13: 0.69386574 | H13: =G13*Lfin_111/Lfin_100 -> 0.59826208 | I13: =($G$4/G13)^3 -> 1.0444596 | J13: =rho_100*I13 -> 6.3607589 | K13: =0.5*(1-I13^(2/3)) -> -0.014712167 | L13: =2*G13/C13 -> 6.6352373 | M13: =2*G13/D13 -> 2.7499781 | N13: =2*H13/E13 -> 6.2557984 | O13: =2*H13/F13 -> 3.0674714 | P13: =J13*N13^2 -> 248.92839 | Q13: =J13*O13^2 -> 59.850804 | R13: =J13*L13^2 -> 280.04115 | S13: =1.5*P13-0.5*R13-2*T13 -> 137.16706 | T13: =J13*M13^2 -> 48.102474 | U13: =-3*$AI$11*((1-2*K13)^2.5)*(1+1.5*(4-$AI$12)*K13)*K13 -> 7.3784534 | V13: =((1-2*K13)^3.5)*($AI$4-$AI$14*K13)+3*U13 -> 279.86515 | W13: =((1-2*K13)^3.5)*($AI$5-$AI$15*K13)+1*U13 -> 137.40242 | X13: =((1-2*K13)^3.5)*($AI$6-$AI$16*K13)+1*U13 -> 48.195302 | Y13: =U13-B13 -> 0.10396627 | Z13: =V13-R13 -> -0.17600248 | AA13: =W13-S13 -> 0.23536399 | AB13: =X13-T13 -> 0.092828833 | AC13: =IF(AND(A13>=CutoffLowBar,A13<=CutoffOilBar),Y13^2+Z13^2+AA13^2+AB13^2,0) -> 0.10579926 | AD13: =(V13+2*W13)/3 -> 184.89 | AE13: =(V13-W13+3*X13)/5 -> 57.409726 | AF13: =5*(V13-W13)*X13/(3*(V13-W13)+4*X13) -> 55.356119 | AG13: =(AE13+AF13)/2 -> 56.382923 | AL13: GR0 | AM13: =AF4 -> 52.570957
A14: =Align!A14 -> 300 | B14: =Align!B14 -> 7.8340631 | C14: =Align!C14 -> 0.20814572 | D14: =Align!D14 -> 0.50383365 | E14: =Align!F14 -> 0.19048251 | F14: =Align!G14 -> 0.3888151 | G14: 0.69318896 | H14: =G14*Lfin_111/Lfin_100 -> 0.59767855 | I14: =($G$4/G14)^3 -> 1.0475218 | J14: =rho_100*I14 -> 6.3794078 | K14: =0.5*(1-I14^(2/3)) -> -0.015717717 | L14: =2*G14/C14 -> 6.6606122 | M14: =2*G14/D14 -> 2.7516581 | N14: =2*H14/E14 -> 6.2754165 | O14: =2*H14/F14 -> 3.0743587 | P14: =J14*N14^2 -> 251.22652 | Q14: =J14*O14^2 -> 60.29613 | R14: =J14*L14^2 -> 283.01448 | S14: =1.5*P14-0.5*R14-2*T14 -> 138.7276 | T14: =J14*M14^2 -> 48.302465 | U14: =-3*$AI$11*((1-2*K14)^2.5)*(1+1.5*(4-$AI$12)*K14)*K14 -> 7.9228872 | V14: =((1-2*K14)^3.5)*($AI$4-$AI$14*K14)+3*U14 -> 282.6476 | W14: =((1-2*K14)^3.5)*($AI$5-$AI$15*K14)+1*U14 -> 139.25005 | X14: =((1-2*K14)^3.5)*($AI$6-$AI$16*K14)+1*U14 -> 48.26226 | Y14: =U14-B14 -> 0.088824156 | Z14: =V14-R14 -> -0.36688355 | AA14: =W14-S14 -> 0.52244962 | AB14: =X14-T14 -> -0.040204365 | AC14: =IF(AND(A14>=CutoffLowBar,A14<=CutoffOilBar),Y14^2+Z14^2+AA14^2+AB14^2,0) -> 0.41706327 | AD14: =(V14+2*W14)/3 -> 187.04923 | AE14: =(V14-W14+3*X14)/5 -> 57.636865 | AF14: =5*(V14-W14)*X14/(3*(V14-W14)+4*X14) -> 55.521717 | AG14: =(AE14+AF14)/2 -> 56.579291 | AH14: C11a | AI14: =3*$AI$11*($AI$7-3)-7*$AI$4 -> -550.9815 | AL14: GH0 (Hill) | AM14: =AG4 -> 53.220663
A15: =Align!A15 -> 330 | B15: =Align!B15 -> 8.5227719 | C15: =Align!C15 -> 0.20734572 | D15: =Align!D15 -> 0.50403365 | E15: =Align!F15 -> 0.1895445 | F15: =Align!G15 -> 0.3873536 | G15: 0.69244723 | H15: =G15*Lfin_111/Lfin_100 -> 0.59703902 | I15: =($G$4/G15)^3 -> 1.0508916 | J15: =rho_100*I15 -> 6.3999301 | K15: =0.5*(1-I15^(2/3)) -> -0.016823153 | L15: =2*G15/C15 -> 6.6791562 | M15: =2*G15/D15 -> 2.747623 | N15: =2*H15/E15 -> 6.2997238 | O15: =2*H15/F15 -> 3.0826563 | P15: =J15*N15^2 -> 253.99096 | Q15: =J15*O15^2 -> 60.817064 | R15: =J15*L15^2 -> 285.5081 | S15: =1.5*P15-0.5*R15-2*T15 -> 141.60071 | T15: =J15*M15^2 -> 48.315839 | U15: =-3*$AI$11*((1-2*K15)^2.5)*(1+1.5*(4-$AI$12)*K15)*K15 -> 8.5274848 | V15: =((1-2*K15)^3.5)*($AI$4-$AI$14*K15)+3*U15 -> 285.72489 | W15: =((1-2*K15)^3.5)*($AI$5-$AI$15*K15)+1*U15 -> 141.29883 | X15: =((1-2*K15)^3.5)*($AI$6-$AI$16*K15)+1*U15 -> 48.331572 | Y15: =U15-B15 -> 0.0047128953 | Z15: =V15-R15 -> 0.21679731 | AA15: =W15-S15 -> -0.30187926 | AB15: =X15-T15 -> 0.01573354 | AC15: =IF(AND(A15>=CutoffLowBar,A15<=CutoffOilBar),Y15^2+Z15^2+AA15^2+AB15^2,0) -> 0.13840191 | AD15: =(V15+2*W15)/3 -> 189.44085 | AE15: =(V15-W15+3*X15)/5 -> 57.884157 | AF15: =5*(V15-W15)*X15/(3*(V15-W15)+4*X15) -> 55.69972 | AG15: =(AE15+AF15)/2 -> 56.791938 | AH15: C12a | AI15: =3*$AI$11*($AI$8-1)-7*$AI$5 -> 367.62541 | AL15: misfit | AM15: =$AI$18 -> 2.328486
A16: =Align!A16 -> 360 | B16: =Align!B16 -> 9.1253922 | C16: =Align!C16 -> 0.20634572 | D16: =Align!D16 -> 0.50443365 | E16: =Align!F16 -> 0.18875088 | F16: =Align!G16 -> 0.38612789 | G16: 0.69170257 | H16: =G16*Lfin_111/Lfin_100 -> 0.59639696 | I16: =($G$4/G16)^3 -> 1.0542893 | J16: =rho_100*I16 -> 6.420622 | K16: =0.5*(1-I16^(2/3)) -> -0.017936531 | L16: =2*G16/C16 -> 6.7043074 | M16: =2*G16/D16 -> 2.7424918 | N16: =2*H16/E16 -> 6.3194086 | O16: =2*H16/F16 -> 3.0891162 | P16: =J16*N16^2 -> 256.40706 | Q16: =J16*O16^2 -> 61.269678 | R16: =J16*L16^2 -> 288.59243 | S16: =1.5*P16-0.5*R16-2*T16 -> 143.73202 | T16: =J16*M16^2 -> 48.291176 | U16: =-3*$AI$11*((1-2*K16)^2.5)*(1+1.5*(4-$AI$12)*K16)*K16 -> 9.1428993 | V16: =((1-2*K16)^3.5)*($AI$4-$AI$14*K16)+3*U16 -> 288.8439 | W16: =((1-2*K16)^3.5)*($AI$5-$AI$15*K16)+1*U16 -> 143.38107 | X16: =((1-2*K16)^3.5)*($AI$6-$AI$16*K16)+1*U16 -> 48.396772 | Y16: =U16-B16 -> 0.017507131 | Z16: =V16-R16 -> 0.2514652 | AA16: =W16-S16 -> -0.3509507 | AB16: =X16-T16 -> 0.10559613 | AC16: =IF(AND(A16>=CutoffLowBar,A16<=CutoffOilBar),Y16^2+Z16^2+AA16^2+AB16^2,0) -> 0.19785818 | AD16: =(V16+2*W16)/3 -> 191.86868 | AE16: =(V16-W16+3*X16)/5 -> 58.130628 | AF16: =5*(V16-W16)*X16/(3*(V16-W16)+4*X16) -> 55.874637 | AG16: =(AE16+AF16)/2 -> 57.002633 | AH16: C44a | AI16: =3*$AI$11*($AI$9-1)-7*$AI$6 -> -675.75307
A17: =Align!A17 -> 390 | B17: =Align!B17 -> 9.5558352 | C17: =Align!C17 -> 0.20554572 | D17: =Align!D17 -> 0.50383365 | E17: =Align!F17 -> 0.18820127 | F17: =Align!G17 -> 0.38527502 | G17: 0.69119065 | H17: =G17*Lfin_111/Lfin_100 -> 0.59595557 | I17: =($G$4/G17)^3 -> 1.0566336 | J17: =rho_100*I17 -> 6.4348986 | K17: =0.5*(1-I17^(2/3)) -> -0.01870402 | L17: =2*G17/C17 -> 6.72542 | M17: =2*G17/D17 -> 2.7437257 | N17: =2*H17/E17 -> 6.3331729 | O17: =2*H17/F17 -> 3.0936632 | P17: =J17*N17^2 -> 258.09785 | Q17: =J17*O17^2 -> 61.586819 | R17: =J17*L17^2 -> 291.05866 | S17: =1.5*P17-0.5*R17-2*T17 -> 144.73322 | T17: =J17*M17^2 -> 48.442112 | U17: =-3*$AI$11*((1-2*K17)^2.5)*(1+1.5*(4-$AI$12)*K17)*K17 -> 9.5709248 | V17: =((1-2*K17)^3.5)*($AI$4-$AI$14*K17)+3*U17 -> 291.00541 | W17: =((1-2*K17)^3.5)*($AI$5-$AI$15*K17)+1*U17 -> 144.82745 | X17: =((1-2*K17)^3.5)*($AI$6-$AI$16*K17)+1*U17 -> 48.438988 | Y17: =U17-B17 -> 0.015089641 | Z17: =V17-R17 -> -0.053253596 | AA17: =W17-S17 -> 0.094223703 | AB17: =X17-T17 -> -0.0031241052 | AC17: =IF(AND(A17>=CutoffLowBar,A17<=CutoffOilBar),Y17^2+Z17^2+AA17^2+AB17^2,0) -> 0.011951509 | AD17: =(V17+2*W17)/3 -> 193.55344 | AE17: =(V17-W17+3*X17)/5 -> 58.298985 | AF17: =5*(V17-W17)*X17/(3*(V17-W17)+4*X17) -> 55.992617 | AG17: =(AE17+AF17)/2 -> 57.145801
A18: =Align!A18 -> 420 | B18: =Align!B18 -> 10.115411 | C18: =Align!C18 -> 0.20474572 | D18: =Align!D18 -> 0.50323365 | E18: =Align!F18 -> 0.1875096 | F18: =Align!G18 -> 0.38418916 | G18: 0.69060359 | H18: =G18*Lfin_111/Lfin_100 -> 0.5954494 | I18: =($G$4/G18)^3 -> 1.0593305 | J18: =rho_100*I18 -> 6.4513228 | K18: =0.5*(1-I18^(2/3)) -> -0.019586262 | L18: =2*G18/C18 -> 6.7459636 | M18: =2*G18/D18 -> 2.7446638 | N18: =2*H18/E18 -> 6.351135 | O18: =2*H18/F18 -> 3.099772 | P18: =J18*N18^2 -> 260.22647 | Q18: =J18*O18^2 -> 61.988095 | R18: =J18*L18^2 -> 293.58696 | S18: =1.5*P18-0.5*R18-2*T18 -> 146.34828 | T18: =J18*M18^2 -> 48.598973 | U18: =-3*$AI$11*((1-2*K18)^2.5)*(1+1.5*(4-$AI$12)*K18)*K18 -> 10.066795 | V18: =((1-2*K18)^3.5)*($AI$4-$AI$14*K18)+3*U18 -> 293.5017 | W18: =((1-2*K18)^3.5)*($AI$5-$AI$15*K18)+1*U18 -> 146.50124 | X18: =((1-2*K18)^3.5)*($AI$6-$AI$16*K18)+1*U18 -> 48.484736 | Y18: =U18-B18 -> -0.048615901 | Z18: =V18-R18 -> -0.085262644 | AA18: =W18-S18 -> 0.15295953 | AB18: =X18-T18 -> -0.11423689 | AC18: =IF(AND(A18>=CutoffLowBar,A18<=CutoffOilBar),Y18^2+Z18^2+AA18^2+AB18^2,0) -> 0.046079909 | AD18: =(V18+2*W18)/3 -> 195.50139 | AE18: =(V18-W18+3*X18)/5 -> 58.490934 | AF18: =5*(V18-W18)*X18/(3*(V18-W18)+4*X18) -> 56.125578 | AG18: =(AE18+AF18)/2 -> 57.308256 | AH18: OBJECTIVE (misfit) | AI18: =SUM(AC4:AC25) -> 2.328486
A19: =Align!A19 -> 450 | B19: =Align!B19 -> 10.631943 | C19: =Align!C19 -> 0.20394572 | D19: =Align!D19 -> 0.50443365 | E19: =Align!F19 -> 0.18689359 | F19: =Align!G19 -> 0.38320738 | G19: 0.69328571 | H19: =G19*Lfin_111/Lfin_100 -> 0.59776197 | I19: =($G$4/G19)^3 -> 1.0470833 | J19: =rho_100*I19 -> 6.3767372 | K19: =0.5*(1-I19^(2/3)) -> -0.015573777 | L19: =2*G19/C19 -> 6.7987278 | M19: =2*G19/D19 -> 2.7487687 | N19: =2*H19/E19 -> 6.3968164 | O19: =2*H19/F19 -> 3.1197832 | P19: =J19*N19^2 -> 260.93136 | Q19: =J19*O19^2 -> 62.065083 | R19: =J19*L19^2 -> 294.75 | S19: =1.5*P19-0.5*R19-2*T19 -> 147.66024 | T19: =J19*M19^2 -> 48.180901 | U19: =-3*$AI$11*((1-2*K19)^2.5)*(1+1.5*(4-$AI$12)*K19)*K19 -> 7.844631 | V19: =((1-2*K19)^3.5)*($AI$4-$AI$14*K19)+3*U19 -> 282.24832 | W19: =((1-2*K19)^3.5)*($AI$5-$AI$15*K19)+1*U19 -> 138.98464 | X19: =((1-2*K19)^3.5)*($AI$6-$AI$16*K19)+1*U19 -> 48.252903 | Y19: =U19-B19 -> -2.7873118 | Z19: =V19-R19 -> -12.501684 | AA19: =W19-S19 -> -8.675604 | AB19: =X19-T19 -> 0.072001946 | AC19: =IF(AND(A19>=CutoffLowBar,A19<=CutoffOilBar),Y19^2+Z19^2+AA19^2+AB19^2,0) -> 0 | AD19: =(V19+2*W19)/3 -> 186.7392 | AE19: =(V19-W19+3*X19)/5 -> 57.604478 | AF19: =5*(V19-W19)*X19/(3*(V19-W19)+4*X19) -> 55.498226 | AG19: =(AE19+AF19)/2 -> 56.551352
A20: =Align!A20 -> 480 | B20: =Align!B20 -> 10.933253 | C20: =Align!C20 -> 0.20334572 | D20: =Align!D20 -> 0.50523365 | E20: =Align!F20 -> 0.18654301 | F20: =Align!G20 -> 0.38264355 | G20: 0.69257143 | H20: =G20*Lfin_111/Lfin_100 -> 0.5971461 | I20: =($G$4/G20)^3 -> 1.0503264 | J20: =rho_100*I20 -> 6.3964875 | K20: =0.5*(1-I20^(2/3)) -> -0.016637802 | L20: =2*G20/C20 -> 6.811763 | M20: =2*G20/D20 -> 2.7415887 | N20: =2*H20/E20 -> 6.4022352 | O20: =2*H20/F20 -> 3.1211612 | P20: =J20*N20^2 -> 262.18317 | Q20: =J20*O20^2 -> 62.312325 | R20: =J20*L20^2 -> 296.79776 | S20: =1.5*P20-0.5*R20-2*T20 -> 148.71992 | T20: =J20*M20^2 -> 48.077974 | U20: =-3*$AI$11*((1-2*K20)^2.5)*(1+1.5*(4-$AI$12)*K20)*K20 -> 8.425665 | V20: =((1-2*K20)^3.5)*($AI$4-$AI$14*K20)+3*U20 -> 285.20757 | W20: =((1-2*K20)^3.5)*($AI$5-$AI$15*K20)+1*U20 -> 140.95401 | X20: =((1-2*K20)^3.5)*($AI$6-$AI$16*K20)+1*U20 -> 48.320267 | Y20: =U20-B20 -> -2.5075879 | Z20: =V20-R20 -> -11.590192 | AA20: =W20-S20 -> -7.7659105 | AB20: =X20-T20 -> 0.24229305 | AC20: =IF(AND(A20>=CutoffLowBar,A20<=CutoffOilBar),Y20^2+Z20^2+AA20^2+AB20^2,0) -> 0 | AD20: =(V20+2*W20)/3 -> 189.03853 | AE20: =(V20-W20+3*X20)/5 -> 57.842871 | AF20: =5*(V20-W20)*X20/(3*(V20-W20)+4*X20) -> 55.670173 | AG20: =(AE20+AF20)/2 -> 56.756522
A21: =Align!A21 -> 510 | B21: =Align!B21 -> 11.148474 | C21: =Align!C21 -> 0.20234572 | D21: =Align!D21 -> 0.50563365 | E21: =Align!F21 -> 0.18629574 | F21: =Align!G21 -> 0.38224488 | G21: 0.69185714 | H21: =G21*Lfin_111/Lfin_100 -> 0.59653024 | I21: =($G$4/G21)^3 -> 1.0535828 | J21: =rho_100*I21 -> 6.4163195 | K21: =0.5*(1-I21^(2/3)) -> -0.017705125 | L21: =2*G21/C21 -> 6.838367 | M21: =2*G21/D21 -> 2.7365946 | N21: =2*H21/E21 -> 6.4041211 | O21: =2*H21/F21 -> 3.1211941 | P21: =J21*N21^2 -> 263.15102 | Q21: =J21*O21^2 -> 62.506841 | R21: =J21*L21^2 -> 300.04803 | S21: =1.5*P21-0.5*R21-2*T21 -> 148.59952 | T21: =J21*M21^2 -> 48.051495 | U21: =-3*$AI$11*((1-2*K21)^2.5)*(1+1.5*(4-$AI$12)*K21)*K21 -> 9.0144546 | V21: =((1-2*K21)^3.5)*($AI$4-$AI$14*K21)+3*U21 -> 288.19402 | W21: =((1-2*K21)^3.5)*($AI$5-$AI$15*K21)+1*U21 -> 142.94674 | X21: =((1-2*K21)^3.5)*($AI$6-$AI$16*K21)+1*U21 -> 48.383605 | Y21: =U21-B21 -> -2.1340198 | Z21: =V21-R21 -> -11.854014 | AA21: =W21-S21 -> -5.6527796 | AB21: =X21-T21 -> 0.33211 | AC21: =IF(AND(A21>=CutoffLowBar,A21<=CutoffOilBar),Y21^2+Z21^2+AA21^2+AB21^2,0) -> 0 | AD21: =(V21+2*W21)/3 -> 191.3625 | AE21: =(V21-W21+3*X21)/5 -> 58.079618 | AF21: =5*(V21-W21)*X21/(3*(V21-W21)+4*X21) -> 55.838647 | AG21: =(AE21+AF21)/2 -> 56.959133
A22: =Align!A22 -> 540 | B22: =Align!B22 -> 11.535873 | C22: =Align!C22 -> 0.20174572 | D22: =Align!D22 -> 0.50523365 | E22: =Align!F22 -> 0.18585489 | F22: =Align!G22 -> 0.38153599 | G22: 0.69114286 | H22: =G22*Lfin_111/Lfin_100 -> 0.59591437 | I22: =($G$4/G22)^3 -> 1.0568528 | J22: =rho_100*I22 -> 6.4362336 | K22: =0.5*(1-I22^(2/3)) -> -0.018775759 | L22: =2*G22/C22 -> 6.8516235 | M22: =2*G22/D22 -> 2.7359336 | N22: =2*H22/E22 -> 6.4126842 | O22: =2*H22/F22 -> 3.1237649 | P22: =J22*N22^2 -> 264.67414 | Q22: =J22*O22^2 -> 62.80417 | R22: =J22*L22^2 -> 302.14734 | S22: =1.5*P22-0.5*R22-2*T22 -> 149.58283 | T22: =J22*M22^2 -> 48.17735 | U22: =-3*$AI$11*((1-2*K22)^2.5)*(1+1.5*(4-$AI$12)*K22)*K22 -> 9.6110926 | V22: =((1-2*K22)^3.5)*($AI$4-$AI$14*K22)+3*U22 -> 291.20793 | W22: =((1-2*K22)^3.5)*($AI$5-$AI$15*K22)+1*U22 -> 144.96311 | X22: =((1-2*K22)^3.5)*($AI$6-$AI$16*K22)+1*U22 -> 48.44282 | Y22: =U22-B22 -> -1.9247805 | Z22: =V22-R22 -> -10.93941 | AA22: =W22-S22 -> -4.6197286 | AB22: =X22-T22 -> 0.26546985 | AC22: =IF(AND(A22>=CutoffLowBar,A22<=CutoffOilBar),Y22^2+Z22^2+AA22^2+AB22^2,0) -> 0 | AD22: =(V22+2*W22)/3 -> 193.71138 | AE22: =(V22-W22+3*X22)/5 -> 58.314657 | AF22: =5*(V22-W22)*X22/(3*(V22-W22)+4*X22) -> 56.003536 | AG22: =(AE22+AF22)/2 -> 57.159096
A23: =Align!A23 -> 570 | B23: =Align!B23 -> 12.052405 | C23: =Align!C23 -> 0.20094572 | D23: =Align!D23 -> 0.50583365 | E23: =Align!F23 -> 0.18526701 | F23: =Align!G23 -> 0.38060856 | G23: 0.69042857 | H23: =G23*Lfin_111/Lfin_100 -> 0.5952985 | I23: =($G$4/G23)^3 -> 1.0601363 | J23: =rho_100*I23 -> 6.4562302 | K23: =0.5*(1-I23^(2/3)) -> -0.019849718 | L23: =2*G23/C23 -> 6.8717918 | M23: =2*G23/D23 -> 2.7298642 | N23: =2*H23/E23 -> 6.4263842 | O23: =2*H23/F23 -> 3.1281403 | P23: =J23*N23^2 -> 266.63207 | Q23: =J23*O23^2 -> 63.175904 | R23: =J23*L23^2 -> 304.87301 | S23: =1.5*P23-0.5*R23-2*T23 -> 151.28589 | T23: =J23*M23^2 -> 48.112849 | U23: =-3*$AI$11*((1-2*K23)^2.5)*(1+1.5*(4-$AI$12)*K23)*K23 -> 10.215673 | V23: =((1-2*K23)^3.5)*($AI$4-$AI$14*K23)+3*U23 -> 294.24955 | W23: =((1-2*K23)^3.5)*($AI$5-$AI$15*K23)+1*U23 -> 147.00339 | X23: =((1-2*K23)^3.5)*($AI$6-$AI$16*K23)+1*U23 -> 48.497816 | Y23: =U23-B23 -> -1.8367319 | Z23: =V23-R23 -> -10.623462 | AA23: =W23-S23 -> -4.2825066 | AB23: =X23-T23 -> 0.38496612 | AC23: =IF(AND(A23>=CutoffLowBar,A23<=CutoffOilBar),Y23^2+Z23^2+AA23^2+AB23^2,0) -> 0 | AD23: =(V23+2*W23)/3 -> 196.08544 | AE23: =(V23-W23+3*X23)/5 -> 58.547923 | AF23: =5*(V23-W23)*X23/(3*(V23-W23)+4*X23) -> 56.164725 | AG23: =(AE23+AF23)/2 -> 57.356324
A24: =Align!A24 -> 600 | B24: =Align!B24 -> 12.310671 | C24: =Align!C24 -> 0.20034572 | D24: =Align!D24 -> 0.50703365 | E24: =Align!F24 -> 0.18496783 | F24: =Align!G24 -> 0.38015232 | G24: 0.68971429 | H24: =G24*Lfin_111/Lfin_100 -> 0.59468263 | I24: =($G$4/G24)^3 -> 1.0634334 | J24: =rho_100*I24 -> 6.4763097 | K24: =0.5*(1-I24^(2/3)) -> -0.020927014 | L24: =2*G24/C24 -> 6.885241 | M24: =2*G24/D24 -> 2.7205859 | N24: =2*H24/E24 -> 6.4301195 | O24: =2*H24/F24 -> 3.1286545 | P24: =J24*N24^2 -> 267.77233 | Q24: =J24*O24^2 -> 63.393221 | R24: =J24*L24^2 -> 307.01946 | S24: =1.5*P24-0.5*R24-2*T24 -> 152.27882 | T24: =J24*M24^2 -> 47.934972 | U24: =-3*$AI$11*((1-2*K24)^2.5)*(1+1.5*(4-$AI$12)*K24)*K24 -> 10.82829 | V24: =((1-2*K24)^3.5)*($AI$4-$AI$14*K24)+3*U24 -> 297.31914 | W24: =((1-2*K24)^3.5)*($AI$5-$AI$15*K24)+1*U24 -> 149.06787 | X24: =((1-2*K24)^3.5)*($AI$6-$AI$16*K24)+1*U24 -> 48.548493 | Y24: =U24-B24 -> -1.4823801 | Z24: =V24-R24 -> -9.7003182 | AA24: =W24-S24 -> -3.2109481 | AB24: =X24-T24 -> 0.61352105 | AC24: =IF(AND(A24>=CutoffLowBar,A24<=CutoffOilBar),Y24^2+Z24^2+AA24^2+AB24^2,0) -> 0 | AD24: =(V24+2*W24)/3 -> 198.48496 | AE24: =(V24-W24+3*X24)/5 -> 58.77935 | AF24: =5*(V24-W24)*X24/(3*(V24-W24)+4*X24) -> 56.322097 | AG24: =(AE24+AF24)/2 -> 57.550723
A25: =Align!A25 -> 630 | B25: =Align!B25 -> 12.482848 | C25: =Align!C25 -> 0.19974572 | D25: =Align!D25 -> 0.50683365 | E25: =Align!F25 -> 0.1847644 | F25: =Align!G25 -> 0.37985075 | G25: 0.689 | H25: =G25*Lfin_111/Lfin_100 -> 0.59406676 | I25: =($G$4/G25)^3 -> 1.0667443 | J25: =rho_100*I25 -> 6.4964725 | K25: =0.5*(1-I25^(2/3)) -> -0.022007663 | L25: =2*G25/C25 -> 6.8987711 | M25: =2*G25/D25 -> 2.7188408 | N25: =2*H25/E25 -> 6.4305329 | O25: =2*H25/F25 -> 3.1278957 | P25: =J25*N25^2 -> 268.64053 | Q25: =J25*O25^2 -> 63.559742 | R25: =J25*L25^2 -> 309.18689 | S25: =1.5*P25-0.5*R25-2*T25 -> 152.32226 | T25: =J25*M25^2 -> 48.022544 | U25: =-3*$AI$11*((1-2*K25)^2.5)*(1+1.5*(4-$AI$12)*K25)*K25 -> 11.449042 | V25: =((1-2*K25)^3.5)*($AI$4-$AI$14*K25)+3*U25 -> 300.41695 | W25: =((1-2*K25)^3.5)*($AI$5-$AI$15*K25)+1*U25 -> 151.15686 | X25: =((1-2*K25)^3.5)*($AI$6-$AI$16*K25)+1*U25 -> 48.594752 | Y25: =U25-B25 -> -1.0338061 | Z25: =V25-R25 -> -8.7699389 | AA25: =W25-S25 -> -1.1654014 | AB25: =X25-T25 -> 0.57220842 | AC25: =IF(AND(A25>=CutoffLowBar,A25<=CutoffOilBar),Y25^2+Z25^2+AA25^2+AB25^2,0) -> 0 | AD25: =(V25+2*W25)/3 -> 200.91022 | AE25: =(V25-W25+3*X25)/5 -> 59.008871 | AF25: =5*(V25-W25)*X25/(3*(V25-W25)+4*X25) -> 56.475531 | AG25: =(AE25+AF25)/2 -> 57.742201

Sheet FS_NoVp111
A3: Oil bar | B3: P (GPa) | C3: tP100 | D3: tS100 | E3: tP111 | F3: tS111 | G3: L fit | H3: L111 | I3: V0/V | J3: rho | K3: f | L3: Vp100 | M3: Vs100 | N3: Vp111 | O3: Vs111 | P3: rVp111^2 | Q3: rVs111^2 | R3: C11 meas | S3: C12 meas | T3: C44 meas | U3: P_FS | V3: C11 mod | W3: C12 mod | X3: C44 mod | Y3: dP | Z3: dC11 | AA3: dC12 | AB3: dC44 | AC3: gated sq | AD3: K bulk | AE3: GV | AF3: GR | AG3: GH | AI3: FIT PARAMS | AL3: OUTPUTS
A4: =Align!A4 -> 0 | B4: =Align!B4 -> 0 | C4: =Align!C4 -> 0.22919993 | D4: =Align!D4 -> 0.51092692 | E4: =Align!F4 -> 0.20385318 | F4: =Align!G4 -> 0.41892602 | G4: =Lfin_100 -> 0.704 | H4: =G4*Lfin_111/Lfin_100 -> 0.607 | I4: =($G$4/G4)^3 -> 1 | J4: =rho_100*I4 -> 6.09 | K4: =0.5*(1-I4^(2/3)) -> 0 | L4: =2*G4/C4 -> 6.1431082 | M4: =2*G4/D4 -> 2.7557757 | N4: =2*H4/E4 -> 5.9552664 | O4: =2*H4/F4 -> 2.8978863 | P4: =J4*N4^2 -> 215.98305 | Q4: =J4*O4^2 -> 51.142269 | R4: =J4*L4^2 -> 229.82307 | S4: =R4+T4-3*Q4 -> 122.64555 | T4: =J4*M4^2 -> 46.249286 | U4: =-3*$AI$11*((1-2*K4)^2.5)*(1+1.5*(4-$AI$12)*K4)*K4 -> 0 | V4: =((1-2*K4)^3.5)*($AI$4-$AI$14*K4)+3*U4 -> 240.83323 | W4: =((1-2*K4)^3.5)*($AI$5-$AI$15*K4)+1*U4 -> 128.74145 | X4: =((1-2*K4)^3.5)*($AI$6-$AI$16*K4)+1*U4 -> 46.761629 | Y4: =U4-B4 -> 0 | Z4: =V4-R4 -> 11.010158 | AA4: =W4-S4 -> 6.095903 | AB4: =X4-T4 -> 0.51234265 | AC4: =IF(AND(A4>=CutoffLowBar,A4<=CutoffOilBar),Y4^2+Z4^2+AA4^2+AB4^2,0) -> 0 | AD4: =(V4+2*W4)/3 -> 166.10538 | AE4: =(V4-W4+3*X4)/5 -> 50.475332 | AF4: =5*(V4-W4)*X4/(3*(V4-W4)+4*X4) -> 50.080023 | AG4: =(AE4+AF4)/2 -> 50.277678 | AH4: C11_0 | AI4: 240.83323 | AL4: C11_0 | AM4: =$AI$4 -> 240.83323
A5: =Align!A5 -> 30 | B5: =Align!B5 -> 0.12913291 | C5: =Align!C5 -> 0.22474572 | D5: =Align!D5 -> 0.50723365 | E5: =Align!F5 -> 0.20362287 | F5: =Align!G5 -> 0.41829834 | G5: 0.70328571 | H5: =G5*Lfin_111/Lfin_100 -> 0.60638413 | I5: =($G$4/G5)^3 -> 1.00305 | J5: =rho_100*I5 -> 6.1085746 | K5: =0.5*(1-I5^(2/3)) -> -0.0010161566 | L5: =2*G5/C5 -> 6.2585015 | M5: =2*G5/D5 -> 2.7730247 | N5: =2*H5/E5 -> 5.9559532 | O5: =2*H5/F5 -> 2.8992902 | P5: =J5*N5^2 -> 216.69178 | Q5: =J5*O5^2 -> 51.347967 | R5: =J5*L5^2 -> 239.26579 | S5: =R5+T5-3*Q5 -> 132.19479 | T5: =J5*M5^2 -> 46.972898 | U5: =-3*$AI$11*((1-2*K5)^2.5)*(1+1.5*(4-$AI$12)*K5)*K5 -> 0.5086473 | V5: =((1-2*K5)^3.5)*($AI$4-$AI$14*K5)+3*U5 -> 243.56514 | W5: =((1-2*K5)^3.5)*($AI$5-$AI$15*K5)+1*U5 -> 130.13142 | X5: =((1-2*K5)^3.5)*($AI$6-$AI$16*K5)+1*U5 -> 46.889806 | Y5: =U5-B5 -> 0.3795144 | Z5: =V5-R5 -> 4.2993514 | AA5: =W5-S5 -> -2.0633633 | AB5: =X5-T5 -> -0.083092696 | AC5: =IF(AND(A5>=CutoffLowBar,A5<=CutoffOilBar),Y5^2+Z5^2+AA5^2+AB5^2,0) -> 0 | AD5: =(V5+2*W5)/3 -> 167.94266 | AE5: =(V5-W5+3*X5)/5 -> 50.820627 | AF5: =5*(V5-W5)*X5/(3*(V5-W5)+4*X5) -> 50.381552 | AG5: =(AE5+AF5)/2 -> 50.601089 | AH5: C12_0 | AI5: 128.74145 | AL5: C12_0 | AM5: =$AI$5 -> 128.74145
A6: =Align!A6 -> 60 | B6: =Align!B6 -> 1.6356835 | C6: =Align!C6 -> 0.22094572 | D6: =Align!D6 -> 0.50583365 | E6: =Align!F6 -> 0.20069823 | F6: =Align!G6 -> 0.41052794 | G6: 0.70257143 | H6: =G6*Lfin_111/Lfin_100 -> 0.60576826 | I6: =($G$4/G6)^3 -> 1.0061125 | J6: =rho_100*I6 -> 6.1272248 | K6: =0.5*(1-I6^(2/3)) -> -0.0020354141 | L6: =2*G6/C6 -> 6.3596745 | M6: =2*G6/D6 -> 2.7778754 | N6: =2*H6/E6 -> 6.0366079 | O6: =2*H6/F6 -> 2.951167 | P6: =J6*N6^2 -> 223.27997 | Q6: =J6*O6^2 -> 53.364372 | R6: =J6*L6^2 -> 247.81842 | S6: =R6+T6-3*Q6 -> 135.0066 | T6: =J6*M6^2 -> 47.281293 | U6: =-3*$AI$11*((1-2*K6)^2.5)*(1+1.5*(4-$AI$12)*K6)*K6 -> 1.0234375 | V6: =((1-2*K6)^3.5)*($AI$4-$AI$14*K6)+3*U6 -> 246.32062 | W6: =((1-2*K6)^3.5)*($AI$5-$AI$15*K6)+1*U6 -> 131.53439 | X6: =((1-2*K6)^3.5)*($AI$6-$AI$16*K6)+1*U6 -> 47.014459 | Y6: =U6-B6 -> -0.61224598 | Z6: =V6-R6 -> -1.4978062 | AA6: =W6-S6 -> -3.4722168 | AB6: =X6-T6 -> -0.26683489 | AC6: =IF(AND(A6>=CutoffLowBar,A6<=CutoffOilBar),Y6^2+Z6^2+AA6^2+AB6^2,0) -> 0 | AD6: =(V6+2*W6)/3 -> 169.79646 | AE6: =(V6-W6+3*X6)/5 -> 51.165922 | AF6: =5*(V6-W6)*X6/(3*(V6-W6)+4*X6) -> 50.680363 | AG6: =(AE6+AF6)/2 -> 50.923142 | AH6: C44_0 | AI6: 46.761629 | AL6: C44_0 | AM6: =$AI$6 -> 46.761629
A7: =Align!A7 -> 90 | B7: =Align!B7 -> 2.4965696 | C7: =Align!C7 -> 0.21874572 | D7: =Align!D7 -> 0.50583365 | E7: =Align!F7 -> 0.19901985 | F7: =Align!G7 -> 0.40624126 | G7: 0.70185714 | H7: =G7*Lfin_111/Lfin_100 -> 0.60515239 | I7: =($G$4/G7)^3 -> 1.0091874 | J7: =rho_100*I7 -> 6.1459511 | K7: =0.5*(1-I7^(2/3)) -> -0.0030577851 | L7: =2*G7/C7 -> 6.4171051 | M7: =2*G7/D7 -> 2.7750512 | N7: =2*H7/E7 -> 6.0813271 | O7: =2*H7/F7 -> 2.9792759 | P7: =J7*N7^2 -> 227.29288 | Q7: =J7*O7^2 -> 54.551983 | R7: =J7*L7^2 -> 253.08558 | S7: =R7+T7-3*Q7 -> 136.75905 | T7: =J7*M7^2 -> 47.329412 | U7: =-3*$AI$11*((1-2*K7)^2.5)*(1+1.5*(4-$AI$12)*K7)*K7 -> 1.5444338 | V7: =((1-2*K7)^3.5)*($AI$4-$AI$14*K7)+3*U7 -> 249.09985 | W7: =((1-2*K7)^3.5)*($AI$5-$AI$15*K7)+1*U7 -> 132.95047 | X7: =((1-2*K7)^3.5)*($AI$6-$AI$16*K7)+1*U7 -> 47.135495 | Y7: =U7-B7 -> -0.95213578 | Z7: =V7-R7 -> -3.9857343 | AA7: =W7-S7 -> -3.8085814 | AB7: =X7-T7 -> -0.1939168 | AC7: =IF(AND(A7>=CutoffLowBar,A7<=CutoffOilBar),Y7^2+Z7^2+AA7^2+AB7^2,0) -> 0 | AD7: =(V7+2*W7)/3 -> 171.66693 | AE7: =(V7-W7+3*X7)/5 -> 51.511174 | AF7: =5*(V7-W7)*X7/(3*(V7-W7)+4*X7) -> 50.976344 | AG7: =(AE7+AF7)/2 -> 51.243759 | AH7: C11' | AI7: 5.3801597 | AL7: C11' | AM7: =$AI$7 -> 5.3801597
A8: =Align!A8 -> 120 | B8: =Align!B8 -> 3.4435442 | C8: =Align!C8 -> 0.21654572 | D8: =Align!D8 -> 0.50523365 | E8: =Align!F8 -> 0.19727344 | F8: =Align!G8 -> 0.40198653 | G8: 0.69920982 | H8: =G8*Lfin_111/Lfin_100 -> 0.60286983 | I8: =($G$4/G8)^3 -> 1.0206937 | J8: =rho_100*I8 -> 6.2160245 | K8: =0.5*(1-I8^(2/3)) -> -0.0068743197 | L8: =2*G8/C8 -> 6.4578493 | M8: =2*G8/D8 -> 2.7678672 | N8: =2*H8/E8 -> 6.1120221 | O8: =2*H8/F8 -> 2.9994529 | P8: =J8*N8^2 -> 232.21088 | Q8: =J8*O8^2 -> 55.923818 | R8: =J8*L8^2 -> 259.23196 | S8: =R8+T8-3*Q8 -> 139.08202 | T8: =J8*M8^2 -> 47.621516 | U8: =-3*$AI$11*((1-2*K8)^2.5)*(1+1.5*(4-$AI$12)*K8)*K8 -> 3.5305694 | V8: =((1-2*K8)^3.5)*($AI$4-$AI$14*K8)+3*U8 -> 259.61073 | W8: =((1-2*K8)^3.5)*($AI$5-$AI$15*K8)+1*U8 -> 138.3153 | X8: =((1-2*K8)^3.5)*($AI$6-$AI$16*K8)+1*U8 -> 47.550962 | Y8: =U8-B8 -> 0.087025137 | Z8: =V8-R8 -> 0.3787777 | AA8: =W8-S8 -> -0.76671904 | AB8: =X8-T8 -> -0.070554104 | AC8: =IF(AND(A8>=CutoffLowBar,A8<=CutoffOilBar),Y8^2+Z8^2+AA8^2+AB8^2,0) -> 0.74388188 | AD8: =(V8+2*W8)/3 -> 178.74711 | AE8: =(V8-W8+3*X8)/5 -> 52.789664 | AF8: =5*(V8-W8)*X8/(3*(V8-W8)+4*X8) -> 52.046716 | AG8: =(AE8+AF8)/2 -> 52.41819 | AH8: C12' | AI8: 2.7363926 | AL8: C12' | AM8: =$AI$8 -> 2.7363926
A9: =Align!A9 -> 150 | B9: =Align!B9 -> 4.4335632 | C9: =Align!C9 -> 0.21474572 | D9: =Align!D9 -> 0.50523365 | E9: =Align!F9 -> 0.19557829 | F9: =Align!G9 -> 0.39814914 | G9: 0.69813954 | H9: =G9*Lfin_111/Lfin_100 -> 0.60194702 | I9: =($G$4/G9)^3 -> 1.0253952 | J9: =rho_100*I9 -> 6.2446566 | K9: =0.5*(1-I9^(2/3)) -> -0.0084296299 | L9: =2*G9/C9 -> 6.5020112 | M9: =2*G9/D9 -> 2.7636304 | N9: =2*H9/E9 -> 6.1555606 | O9: =2*H9/F9 -> 3.0237263 | P9: =J9*N9^2 -> 236.61582 | Q9: =J9*O9^2 -> 57.094403 | R9: =J9*L9^2 -> 264.00004 | S9: =R9+T9-3*Q9 -> 140.41135 | T9: =J9*M9^2 -> 47.694521 | U9: =-3*$AI$11*((1-2*K9)^2.5)*(1+1.5*(4-$AI$12)*K9)*K9 -> 4.3587387 | V9: =((1-2*K9)^3.5)*($AI$4-$AI$14*K9)+3*U9 -> 263.95574 | W9: =((1-2*K9)^3.5)*($AI$5-$AI$15*K9)+1*U9 -> 140.53732 | X9: =((1-2*K9)^3.5)*($AI$6-$AI$16*K9)+1*U9 -> 47.703321 | Y9: =U9-B9 -> -0.07482447 | Z9: =V9-R9 -> -0.044304147 | AA9: =W9-S9 -> 0.12596643 | AB9: =X9-T9 -> 0.0087991485 | AC9: =IF(AND(A9>=CutoffLowBar,A9<=CutoffOilBar),Y9^2+Z9^2+AA9^2+AB9^2,0) -> 0.023506525 | AD9: =(V9+2*W9)/3 -> 181.67679 | AE9: =(V9-W9+3*X9)/5 -> 53.305676 | AF9: =5*(V9-W9)*X9/(3*(V9-W9)+4*X9) -> 52.46657 | AG9: =(AE9+AF9)/2 -> 52.886123 | AH9: C44' | AI9: 0.25693971 | AL9: C44' | AM9: =$AI$9 -> 0.25693971
A10: =Align!A10 -> 180 | B10: =Align!B10 -> 5.122272 | C10: =Align!C10 -> 0.21334572 | D10: =Align!D10 -> 0.50523365 | E10: =Align!F10 -> 0.19446957 | F10: =Align!G10 -> 0.39583686 | G10: 0.69724023 | H10: =G10*Lfin_111/Lfin_100 -> 0.60117162 | I10: =($G$4/G10)^3 -> 1.029368 | J10: =rho_100*I10 -> 6.2688511 | K10: =0.5*(1-I10^(2/3)) -> -0.0097420318 | L10: =2*G10/C10 -> 6.5362477 | M10: =2*G10/D10 -> 2.7600705 | N10: =2*H10/E10 -> 6.1826808 | O10: =2*H10/F10 -> 3.0374716 | P10: =J10*N10^2 -> 239.63023 | Q10: =J10*O10^2 -> 57.837887 | R10: =J10*L10^2 -> 267.8212 | S10: =R10+T10-3*Q10 -> 142.06358 | T10: =J10*M10^2 -> 47.756038 | U10: =-3*$AI$11*((1-2*K10)^2.5)*(1+1.5*(4-$AI$12)*K10)*K10 -> 5.0660824 | V10: =((1-2*K10)^3.5)*($AI$4-$AI$14*K10)+3*U10 -> 267.64995 | W10: =((1-2*K10)^3.5)*($AI$5-$AI$15*K10)+1*U10 -> 142.42851 | X10: =((1-2*K10)^3.5)*($AI$6-$AI$16*K10)+1*U10 -> 47.824011 | Y10: =U10-B10 -> -0.056189604 | Z10: =V10-R10 -> -0.17125532 | AA10: =W10-S10 -> 0.3649326 | AB10: =X10-T10 -> 0.067972169 | AC10: =IF(AND(A10>=CutoffLowBar,A10<=CutoffOilBar),Y10^2+Z10^2+AA10^2+AB10^2,0) -> 0.17028168 | AD10: =(V10+2*W10)/3 -> 184.16899 | AE10: =(V10-W10+3*X10)/5 -> 53.738693 | AF10: =5*(V10-W10)*X10/(3*(V10-W10)+4*X10) -> 52.81314 | AG10: =(AE10+AF10)/2 -> 53.275917 | AL10: K0 | AM10: =$AI$11 -> 166.10538
A11: =Align!A11 -> 210 | B11: =Align!B11 -> 5.7679366 | C11: =Align!C11 -> 0.21174572 | D11: =Align!D11 -> 0.50423365 | E11: =Align!F11 -> 0.19347267 | F11: =Align!G11 -> 0.39390328 | G11: 0.69612231 | H11: =G11*Lfin_111/Lfin_100 -> 0.60020773 | I11: =($G$4/G11)^3 -> 1.0343352 | J11: =rho_100*I11 -> 6.2991016 | K11: =0.5*(1-I11^(2/3)) -> -0.011380564 | L11: =2*G11/C11 -> 6.575078 | M11: =2*G11/D11 -> 2.7611101 | N11: =2*H11/E11 -> 6.2045739 | O11: =2*H11/F11 -> 3.0474879 | P11: =J11*N11^2 -> 242.49486 | Q11: =J11*O11^2 -> 58.500904 | R11: =J11*L11^2 -> 272.32056 | S11: =R11+T11-3*Q11 -> 144.84049 | T11: =J11*M11^2 -> 48.022644 | U11: =-3*$AI$11*((1-2*K11)^2.5)*(1+1.5*(4-$AI$12)*K11)*K11 -> 5.960193 | V11: =((1-2*K11)^3.5)*($AI$4-$AI$14*K11)+3*U11 -> 272.29793 | W11: =((1-2*K11)^3.5)*($AI$5-$AI$15*K11)+1*U11 -> 144.81056 | X11: =((1-2*K11)^3.5)*($AI$6-$AI$16*K11)+1*U11 -> 47.964368 | Y11: =U11-B11 -> 0.19225639 | Z11: =V11-R11 -> -0.022622463 | AA11: =W11-S11 -> -0.029923256 | AB11: =X11-T11 -> -0.058275659 | AC11: =IF(AND(A11>=CutoffLowBar,A11<=CutoffOilBar),Y11^2+Z11^2+AA11^2+AB11^2,0) -> 0.04176575 | AD11: =(V11+2*W11)/3 -> 187.30635 | AE11: =(V11-W11+3*X11)/5 -> 54.276095 | AF11: =5*(V11-W11)*X11/(3*(V11-W11)+4*X11) -> 53.235614 | AG11: =(AE11+AF11)/2 -> 53.755855 | AH11: K0 | AI11: =($AI$4+2*$AI$5)/3 -> 166.10538 | AL11: K0' | AM11: =$AI$12 -> 3.6176483
A12: =Align!A12 -> 240 | B12: =Align!B12 -> 6.5857783 | C12: =Align!C12 -> 0.21074572 | D12: =Align!D12 -> 0.50423365 | E12: =Align!F12 -> 0.19225681 | F12: =Align!G12 -> 0.39172305 | G12: 0.69550164 | H12: =G12*Lfin_111/Lfin_100 -> 0.59967258 | I12: =($G$4/G12)^3 -> 1.0371068 | J12: =rho_100*I12 -> 6.3159806 | K12: =0.5*(1-I12^(2/3)) -> -0.012293682 | L12: =2*G12/C12 -> 6.6003869 | M12: =2*G12/D12 -> 2.7586483 | N12: =2*H12/E12 -> 6.2382455 | O12: =2*H12/F12 -> 3.0617171 | P12: =J12*N12^2 -> 245.79085 | Q12: =J12*O12^2 -> 59.206706 | R12: =J12*L12^2 -> 275.15637 | S12: =R12+T12-3*Q12 -> 145.60175 | T12: =J12*M12^2 -> 48.065499 | U12: =-3*$AI$11*((1-2*K12)^2.5)*(1+1.5*(4-$AI$12)*K12)*K12 -> 6.4637784 | V12: =((1-2*K12)^3.5)*($AI$4-$AI$14*K12)+3*U12 -> 274.90541 | W12: =((1-2*K12)^3.5)*($AI$5-$AI$15*K12)+1*U12 -> 146.14814 | X12: =((1-2*K12)^3.5)*($AI$6-$AI$16*K12)+1*U12 -> 48.037525 | Y12: =U12-B12 -> -0.12199993 | Z12: =V12-R12 -> -0.25095983 | AA12: =W12-S12 -> 0.54638562 | AB12: =X12-T12 -> -0.027974259 | AC12: =IF(AND(A12>=CutoffLowBar,A12<=CutoffOilBar),Y12^2+Z12^2+AA12^2+AB12^2,0) -> 0.37718463 | AD12: =(V12+2*W12)/3 -> 189.06723 | AE12: =(V12-W12+3*X12)/5 -> 54.57397 | AF12: =5*(V12-W12)*X12/(3*(V12-W12)+4*X12) -> 53.465995 | AG12: =(AE12+AF12)/2 -> 54.019982 | AH12: K0' | AI12: =($AI$7+2*$AI$8)/3 -> 3.6176483 | AL12: GV0 | AM12: =AE4 -> 50.475332
A13: =Align!A13 -> 270 | B13: =Align!B13 -> 7.2744872 | C13: =Align!C13 -> 0.20914572 | D13: =Align!D13 -> 0.50463365 | E13: =Align!F13 -> 0.19126642 | F13: =Align!G13 -> 0.39006856 | G13: 0.694363 | H13: =G13*Lfin_111/Lfin_100 -> 0.59869082 | I13: =($G$4/G13)^3 -> 1.0422173 | J13: =rho_100*I13 -> 6.3471032 | K13: =0.5*(1-I13^(2/3)) -> -0.013975221 | L13: =2*G13/C13 -> 6.6399924 | M13: =2*G13/D13 -> 2.7519489 | N13: =2*H13/E13 -> 6.2602816 | O13: =2*H13/F13 -> 3.0696697 | P13: =J13*N13^2 -> 248.75012 | Q13: =J13*O13^2 -> 59.807943 | R13: =J13*L13^2 -> 279.8406 | S13: =R13+T13-3*Q13 -> 148.4848 | T13: =J13*M13^2 -> 48.068026 | U13: =-3*$AI$11*((1-2*K13)^2.5)*(1+1.5*(4-$AI$12)*K13)*K13 -> 7.4011481 | V13: =((1-2*K13)^3.5)*($AI$4-$AI$14*K13)+3*U13 -> 279.73952 | W13: =((1-2*K13)^3.5)*($AI$5-$AI$15*K13)+1*U13 -> 148.63032 | X13: =((1-2*K13)^3.5)*($AI$6-$AI$16*K13)+1*U13 -> 48.162589 | Y13: =U13-B13 -> 0.12666099 | Z13: =V13-R13 -> -0.10108479 | AA13: =W13-S13 -> 0.14552431 | AB13: =X13-T13 -> 0.094563041 | AC13: =IF(AND(A13>=CutoffLowBar,A13<=CutoffOilBar),Y13^2+Z13^2+AA13^2+AB13^2,0) -> 0.056380634 | AD13: =(V13+2*W13)/3 -> 192.33339 | AE13: =(V13-W13+3*X13)/5 -> 55.119392 | AF13: =5*(V13-W13)*X13/(3*(V13-W13)+4*X13) -> 53.880511 | AG13: =(AE13+AF13)/2 -> 54.499952 | AL13: GR0 | AM13: =AF4 -> 50.080023
A14: =Align!A14 -> 300 | B14: =Align!B14 -> 7.8340631 | C14: =Align!C14 -> 0.20814572 | D14: =Align!D14 -> 0.50383365 | E14: =Align!F14 -> 0.19048251 | F14: =Align!G14 -> 0.3888151 | G14: 0.69363909 | H14: =G14*Lfin_111/Lfin_100 -> 0.59806666 | I14: =($G$4/G14)^3 -> 1.0454838 | J14: =rho_100*I14 -> 6.3669962 | K14: =0.5*(1-I14^(2/3)) -> -0.015048591 | L14: =2*G14/C14 -> 6.6649373 | M14: =2*G14/D14 -> 2.7534449 | N14: =2*H14/E14 -> 6.2794915 | O14: =2*H14/F14 -> 3.0763551 | P14: =J14*N14^2 -> 251.06348 | Q14: =J14*O14^2 -> 60.257001 | R14: =J14*L14^2 -> 282.83082 | S14: =R14+T14-3*Q14 -> 150.33093 | T14: =J14*M14^2 -> 48.271119 | U14: =-3*$AI$11*((1-2*K14)^2.5)*(1+1.5*(4-$AI$12)*K14)*K14 -> 8.0062976 | V14: =((1-2*K14)^3.5)*($AI$4-$AI$14*K14)+3*U14 -> 282.8472 | W14: =((1-2*K14)^3.5)*($AI$5-$AI$15*K14)+1*U14 -> 150.22769 | X14: =((1-2*K14)^3.5)*($AI$6-$AI$16*K14)+1*U14 -> 48.235769 | Y14: =U14-B14 -> 0.17223451 | Z14: =V14-R14 -> 0.016380018 | AA14: =W14-S14 -> -0.10324723 | AB14: =X14-T14 -> -0.03535008 | AC14: =IF(AND(A14>=CutoffLowBar,A14<=CutoffOilBar),Y14^2+Z14^2+AA14^2+AB14^2,0) -> 0.041842649 | AD14: =(V14+2*W14)/3 -> 194.43419 | AE14: =(V14-W14+3*X14)/5 -> 55.465364 | AF14: =5*(V14-W14)*X14/(3*(V14-W14)+4*X14) -> 54.138344 | AG14: =(AE14+AF14)/2 -> 54.801854 | AH14: C11a | AI14: =3*$AI$11*($AI$7-3)-7*$AI$4 -> -499.76061 | AL14: GH0 (Hill) | AM14: =AG4 -> 50.277678
A15: =Align!A15 -> 330 | B15: =Align!B15 -> 8.5227719 | C15: =Align!C15 -> 0.20734572 | D15: =Align!D15 -> 0.50403365 | E15: =Align!F15 -> 0.1895445 | F15: =Align!G15 -> 0.3873536 | G15: 0.69310536 | H15: =G15*Lfin_111/Lfin_100 -> 0.59760647 | I15: =($G$4/G15)^3 -> 1.0479009 | J15: =rho_100*I15 -> 6.3817164 | K15: =0.5*(1-I15^(2/3)) -> -0.01584213 | L15: =2*G15/C15 -> 6.6855044 | M15: =2*G15/D15 -> 2.7502345 | N15: =2*H15/E15 -> 6.3057114 | O15: =2*H15/F15 -> 3.0855862 | P15: =J15*N15^2 -> 253.74978 | Q15: =J15*O15^2 -> 60.759316 | R15: =J15*L15^2 -> 285.237 | S15: =R15+T15-3*Q15 -> 151.22901 | T15: =J15*M15^2 -> 48.269961 | U15: =-3*$AI$11*((1-2*K15)^2.5)*(1+1.5*(4-$AI$12)*K15)*K15 -> 8.4571014 | V15: =((1-2*K15)^3.5)*($AI$4-$AI$14*K15)+3*U15 -> 285.1557 | W15: =((1-2*K15)^3.5)*($AI$5-$AI$15*K15)+1*U15 -> 151.4151 | X15: =((1-2*K15)^3.5)*($AI$6-$AI$16*K15)+1*U15 -> 48.286487 | Y15: =U15-B15 -> -0.065670514 | Z15: =V15-R15 -> -0.081298493 | AA15: =W15-S15 -> 0.186094 | AB15: =X15-T15 -> 0.016526474 | AC15: =IF(AND(A15>=CutoffLowBar,A15<=CutoffOilBar),Y15^2+Z15^2+AA15^2+AB15^2,0) -> 0.045826161 | AD15: =(V15+2*W15)/3 -> 195.9953 | AE15: =(V15-W15+3*X15)/5 -> 55.720011 | AF15: =5*(V15-W15)*X15/(3*(V15-W15)+4*X15) -> 54.325489 | AG15: =(AE15+AF15)/2 -> 55.02275 | AH15: C12a | AI15: =3*$AI$11*($AI$8-1)-7*$AI$5 -> -35.917736 | AL15: misfit | AM15: =$AI$18 -> 1.7693238
A16: =Align!A16 -> 360 | B16: =Align!B16 -> 9.1253922 | C16: =Align!C16 -> 0.20634572 | D16: =Align!D16 -> 0.50443365 | E16: =Align!F16 -> 0.18875088 | F16: =Align!G16 -> 0.38612789 | G16: 0.69239086 | H16: =G16*Lfin_111/Lfin_100 -> 0.59699041 | I16: =($G$4/G16)^3 -> 1.0511483 | J16: =rho_100*I16 -> 6.4014933 | K16: =0.5*(1-I16^(2/3)) -> -0.01690731 | L16: =2*G16/C16 -> 6.7109786 | M16: =2*G16/D16 -> 2.7452207 | N16: =2*H16/E16 -> 6.3256968 | O16: =2*H16/F16 -> 3.0921901 | P16: =J16*N16^2 -> 256.15217 | Q16: =J16*O16^2 -> 61.208772 | R16: =J16*L16^2 -> 288.30555 | S16: =R16+T16-3*Q16 -> 152.92241 | T16: =J16*M16^2 -> 48.243171 | U16: =-3*$AI$11*((1-2*K16)^2.5)*(1+1.5*(4-$AI$12)*K16)*K16 -> 9.0668061 | V16: =((1-2*K16)^3.5)*($AI$4-$AI$14*K16)+3*U16 -> 288.26915 | W16: =((1-2*K16)^3.5)*($AI$5-$AI$15*K16)+1*U16 -> 153.01769 | X16: =((1-2*K16)^3.5)*($AI$6-$AI$16*K16)+1*U16 -> 48.349988 | Y16: =U16-B16 -> -0.058586104 | Z16: =V16-R16 -> -0.036403107 | AA16: =W16-S16 -> 0.095285716 | AB16: =X16-T16 -> 0.10681722 | AC16: =IF(AND(A16>=CutoffLowBar,A16<=CutoffOilBar),Y16^2+Z16^2+AA16^2+AB16^2,0) -> 0.025246804 | AD16: =(V16+2*W16)/3 -> 198.10151 | AE16: =(V16-W16+3*X16)/5 -> 56.060284 | AF16: =5*(V16-W16)*X16/(3*(V16-W16)+4*X16) -> 54.57197 | AG16: =(AE16+AF16)/2 -> 55.316127 | AH16: C44a | AI16: =3*$AI$11*($AI$9-1)-7*$AI$6 -> -697.61034
A17: =Align!A17 -> 390 | B17: =Align!B17 -> 9.5558352 | C17: =Align!C17 -> 0.20554572 | D17: =Align!D17 -> 0.50383365 | E17: =Align!F17 -> 0.18820127 | F17: =Align!G17 -> 0.38527502 | G17: 0.6917882 | H17: =G17*Lfin_111/Lfin_100 -> 0.59647079 | I17: =($G$4/G17)^3 -> 1.0538979 | J17: =rho_100*I17 -> 6.418238 | K17: =0.5*(1-I17^(2/3)) -> -0.017808316 | L17: =2*G17/C17 -> 6.7312343 | M17: =2*G17/D17 -> 2.7460977 | N17: =2*H17/E17 -> 6.3386481 | O17: =2*H17/F17 -> 3.0963378 | P17: =J17*N17^2 -> 257.87491 | Q17: =J17*O17^2 -> 61.533622 | R17: =J17*L17^2 -> 290.80725 | S17: =R17+T17-3*Q17 -> 154.60666 | T17: =J17*M17^2 -> 48.400269 | U17: =-3*$AI$11*((1-2*K17)^2.5)*(1+1.5*(4-$AI$12)*K17)*K17 -> 9.5866497 | V17: =((1-2*K17)^3.5)*($AI$4-$AI$14*K17)+3*U17 -> 290.9159 | W17: =((1-2*K17)^3.5)*($AI$5-$AI$15*K17)+1*U17 -> 154.38108 | X17: =((1-2*K17)^3.5)*($AI$6-$AI$16*K17)+1*U17 -> 48.399555 | Y17: =U17-B17 -> 0.03081446 | Z17: =V17-R17 -> 0.10865171 | AA17: =W17-S17 -> -0.22557705 | AB17: =X17-T17 -> -0.00071432596 | AC17: =IF(AND(A17>=CutoffLowBar,A17<=CutoffOilBar),Y17^2+Z17^2+AA17^2+AB17^2,0) -> 0.063640241 | AD17: =(V17+2*W17)/3 -> 199.89269 | AE17: =(V17-W17+3*X17)/5 -> 56.346698 | AF17: =5*(V17-W17)*X17/(3*(V17-W17)+4*X17) -> 54.776154 | AG17: =(AE17+AF17)/2 -> 55.561426
A18: =Align!A18 -> 420 | B18: =Align!B18 -> 10.115411 | C18: =Align!C18 -> 0.20474572 | D18: =Align!D18 -> 0.50323365 | E18: =Align!F18 -> 0.1875096 | F18: =Align!G18 -> 0.38418916 | G18: 0.69119876 | H18: =G18*Lfin_111/Lfin_100 -> 0.59596257 | I18: =($G$4/G18)^3 -> 1.0565964 | J18: =rho_100*I18 -> 6.434672 | K18: =0.5*(1-I18^(2/3)) -> -0.018691842 | L18: =2*G18/C18 -> 6.7517774 | M18: =2*G18/D18 -> 2.7470292 | N18: =2*H18/E18 -> 6.3566085 | O18: =2*H18/F18 -> 3.1024435 | P18: =J18*N18^2 -> 260.00239 | Q18: =J18*O18^2 -> 61.934719 | R18: =J18*L18^2 -> 293.33416 | S18: =R18+T18-3*Q18 -> 156.08713 | T18: =J18*M18^2 -> 48.557125 | U18: =-3*$AI$11*((1-2*K18)^2.5)*(1+1.5*(4-$AI$12)*K18)*K18 -> 10.100077 | V18: =((1-2*K18)^3.5)*($AI$4-$AI$14*K18)+3*U18 -> 293.52304 | W18: =((1-2*K18)^3.5)*($AI$5-$AI$15*K18)+1*U18 -> 155.72498 | X18: =((1-2*K18)^3.5)*($AI$6-$AI$16*K18)+1*U18 -> 48.444425 | Y18: =U18-B18 -> -0.015333848 | Z18: =V18-R18 -> 0.18888188 | AA18: =W18-S18 -> -0.36215192 | AB18: =X18-T18 -> -0.11270019 | AC18: =IF(AND(A18>=CutoffLowBar,A18<=CutoffOilBar),Y18^2+Z18^2+AA18^2+AB18^2,0) -> 0.17976684 | AD18: =(V18+2*W18)/3 -> 201.65767 | AE18: =(V18-W18+3*X18)/5 -> 56.626268 | AF18: =5*(V18-W18)*X18/(3*(V18-W18)+4*X18) -> 54.972472 | AG18: =(AE18+AF18)/2 -> 55.79937 | AH18: OBJECTIVE (misfit) | AI18: =SUM(AC4:AC25) -> 1.7693238
A19: =Align!A19 -> 450 | B19: =Align!B19 -> 10.631943 | C19: =Align!C19 -> 0.20394572 | D19: =Align!D19 -> 0.50443365 | E19: =Align!F19 -> 0.18689359 | F19: =Align!G19 -> 0.38320738 | G19: 0.69328571 | H19: =G19*Lfin_111/Lfin_100 -> 0.59776197 | I19: =($G$4/G19)^3 -> 1.0470833 | J19: =rho_100*I19 -> 6.3767372 | K19: =0.5*(1-I19^(2/3)) -> -0.015573777 | L19: =2*G19/C19 -> 6.7987278 | M19: =2*G19/D19 -> 2.7487687 | N19: =2*H19/E19 -> 6.3968164 | O19: =2*H19/F19 -> 3.1197832 | P19: =J19*N19^2 -> 260.93136 | Q19: =J19*O19^2 -> 62.065083 | R19: =J19*L19^2 -> 294.75 | S19: =R19+T19-3*Q19 -> 156.73565 | T19: =J19*M19^2 -> 48.180901 | U19: =-3*$AI$11*((1-2*K19)^2.5)*(1+1.5*(4-$AI$12)*K19)*K19 -> 8.304326 | V19: =((1-2*K19)^3.5)*($AI$4-$AI$14*K19)+3*U19 -> 284.37398 | W19: =((1-2*K19)^3.5)*($AI$5-$AI$15*K19)+1*U19 -> 151.01293 | X19: =((1-2*K19)^3.5)*($AI$6-$AI$16*K19)+1*U19 -> 48.26966 | Y19: =U19-B19 -> -2.3276167 | Z19: =V19-R19 -> -10.376024 | AA19: =W19-S19 -> -5.7227212 | AB19: =X19-T19 -> 0.088759129 | AC19: =IF(AND(A19>=CutoffLowBar,A19<=CutoffOilBar),Y19^2+Z19^2+AA19^2+AB19^2,0) -> 0 | AD19: =(V19+2*W19)/3 -> 195.46662 | AE19: =(V19-W19+3*X19)/5 -> 55.634005 | AF19: =5*(V19-W19)*X19/(3*(V19-W19)+4*X19) -> 54.262535 | AG19: =(AE19+AF19)/2 -> 54.94827
A20: =Align!A20 -> 480 | B20: =Align!B20 -> 10.933253 | C20: =Align!C20 -> 0.20334572 | D20: =Align!D20 -> 0.50523365 | E20: =Align!F20 -> 0.18654301 | F20: =Align!G20 -> 0.38264355 | G20: 0.69257143 | H20: =G20*Lfin_111/Lfin_100 -> 0.5971461 | I20: =($G$4/G20)^3 -> 1.0503264 | J20: =rho_100*I20 -> 6.3964875 | K20: =0.5*(1-I20^(2/3)) -> -0.016637802 | L20: =2*G20/C20 -> 6.811763 | M20: =2*G20/D20 -> 2.7415887 | N20: =2*H20/E20 -> 6.4022352 | O20: =2*H20/F20 -> 3.1211612 | P20: =J20*N20^2 -> 262.18317 | Q20: =J20*O20^2 -> 62.312325 | R20: =J20*L20^2 -> 296.79776 | S20: =R20+T20-3*Q20 -> 157.93876 | T20: =J20*M20^2 -> 48.077974 | U20: =-3*$AI$11*((1-2*K20)^2.5)*(1+1.5*(4-$AI$12)*K20)*K20 -> 8.9120438 | V20: =((1-2*K20)^3.5)*($AI$4-$AI$14*K20)+3*U20 -> 287.4798 | W20: =((1-2*K20)^3.5)*($AI$5-$AI$15*K20)+1*U20 -> 152.61127 | X20: =((1-2*K20)^3.5)*($AI$6-$AI$16*K20)+1*U20 -> 48.334421 | Y20: =U20-B20 -> -2.0212091 | Z20: =V20-R20 -> -9.3179582 | AA20: =W20-S20 -> -5.3274895 | AB20: =X20-T20 -> 0.25644645 | AC20: =IF(AND(A20>=CutoffLowBar,A20<=CutoffOilBar),Y20^2+Z20^2+AA20^2+AB20^2,0) -> 0 | AD20: =(V20+2*W20)/3 -> 197.56745 | AE20: =(V20-W20+3*X20)/5 -> 55.974359 | AF20: =5*(V20-W20)*X20/(3*(V20-W20)+4*X20) -> 54.510123 | AG20: =(AE20+AF20)/2 -> 55.242241
A21: =Align!A21 -> 510 | B21: =Align!B21 -> 11.148474 | C21: =Align!C21 -> 0.20234572 | D21: =Align!D21 -> 0.50563365 | E21: =Align!F21 -> 0.18629574 | F21: =Align!G21 -> 0.38224488 | G21: 0.69185714 | H21: =G21*Lfin_111/Lfin_100 -> 0.59653024 | I21: =($G$4/G21)^3 -> 1.0535828 | J21: =rho_100*I21 -> 6.4163195 | K21: =0.5*(1-I21^(2/3)) -> -0.017705125 | L21: =2*G21/C21 -> 6.838367 | M21: =2*G21/D21 -> 2.7365946 | N21: =2*H21/E21 -> 6.4041211 | O21: =2*H21/F21 -> 3.1211941 | P21: =J21*N21^2 -> 263.15102 | Q21: =J21*O21^2 -> 62.506841 | R21: =J21*L21^2 -> 300.04803 | S21: =R21+T21-3*Q21 -> 160.57901 | T21: =J21*M21^2 -> 48.051495 | U21: =-3*$AI$11*((1-2*K21)^2.5)*(1+1.5*(4-$AI$12)*K21)*K21 -> 9.5269212 | V21: =((1-2*K21)^3.5)*($AI$4-$AI$14*K21)+3*U21 -> 290.61216 | W21: =((1-2*K21)^3.5)*($AI$5-$AI$15*K21)+1*U21 -> 154.22457 | X21: =((1-2*K21)^3.5)*($AI$6-$AI$16*K21)+1*U21 -> 48.394072 | Y21: =U21-B21 -> -1.6215532 | Z21: =V21-R21 -> -9.435872 | AA21: =W21-S21 -> -6.3544362 | AB21: =X21-T21 -> 0.34257759 | AC21: =IF(AND(A21>=CutoffLowBar,A21<=CutoffOilBar),Y21^2+Z21^2+AA21^2+AB21^2,0) -> 0 | AD21: =(V21+2*W21)/3 -> 199.6871 | AE21: =(V21-W21+3*X21)/5 -> 56.313962 | AF21: =5*(V21-W21)*X21/(3*(V21-W21)+4*X21) -> 54.752972 | AG21: =(AE21+AF21)/2 -> 55.533467
A22: =Align!A22 -> 540 | B22: =Align!B22 -> 11.535873 | C22: =Align!C22 -> 0.20174572 | D22: =Align!D22 -> 0.50523365 | E22: =Align!F22 -> 0.18585489 | F22: =Align!G22 -> 0.38153599 | G22: 0.69114286 | H22: =G22*Lfin_111/Lfin_100 -> 0.59591437 | I22: =($G$4/G22)^3 -> 1.0568528 | J22: =rho_100*I22 -> 6.4362336 | K22: =0.5*(1-I22^(2/3)) -> -0.018775759 | L22: =2*G22/C22 -> 6.8516235 | M22: =2*G22/D22 -> 2.7359336 | N22: =2*H22/E22 -> 6.4126842 | O22: =2*H22/F22 -> 3.1237649 | P22: =J22*N22^2 -> 264.67414 | Q22: =J22*O22^2 -> 62.80417 | R22: =J22*L22^2 -> 302.14734 | S22: =R22+T22-3*Q22 -> 161.91218 | T22: =J22*M22^2 -> 48.17735 | U22: =-3*$AI$11*((1-2*K22)^2.5)*(1+1.5*(4-$AI$12)*K22)*K22 -> 10.149032 | V22: =((1-2*K22)^3.5)*($AI$4-$AI$14*K22)+3*U22 -> 293.77127 | W22: =((1-2*K22)^3.5)*($AI$5-$AI$15*K22)+1*U22 -> 155.85298 | X22: =((1-2*K22)^3.5)*($AI$6-$AI$16*K22)+1*U22 -> 48.448493 | Y22: =U22-B22 -> -1.3868415 | Z22: =V22-R22 -> -8.3760682 | AA22: =W22-S22 -> -6.0592011 | AB22: =X22-T22 -> 0.27114312 | AC22: =IF(AND(A22>=CutoffLowBar,A22<=CutoffOilBar),Y22^2+Z22^2+AA22^2+AB22^2,0) -> 0 | AD22: =(V22+2*W22)/3 -> 201.82575 | AE22: =(V22-W22+3*X22)/5 -> 56.652754 | AF22: =5*(V22-W22)*X22/(3*(V22-W22)+4*X22) -> 54.990915 | AG22: =(AE22+AF22)/2 -> 55.821835
A23: =Align!A23 -> 570 | B23: =Align!B23 -> 12.052405 | C23: =Align!C23 -> 0.20094572 | D23: =Align!D23 -> 0.50583365 | E23: =Align!F23 -> 0.18526701 | F23: =Align!G23 -> 0.38060856 | G23: 0.69042857 | H23: =G23*Lfin_111/Lfin_100 -> 0.5952985 | I23: =($G$4/G23)^3 -> 1.0601363 | J23: =rho_100*I23 -> 6.4562302 | K23: =0.5*(1-I23^(2/3)) -> -0.019849718 | L23: =2*G23/C23 -> 6.8717918 | M23: =2*G23/D23 -> 2.7298642 | N23: =2*H23/E23 -> 6.4263842 | O23: =2*H23/F23 -> 3.1281403 | P23: =J23*N23^2 -> 266.63207 | Q23: =J23*O23^2 -> 63.175904 | R23: =J23*L23^2 -> 304.87301 | S23: =R23+T23-3*Q23 -> 163.45815 | T23: =J23*M23^2 -> 48.112849 | U23: =-3*$AI$11*((1-2*K23)^2.5)*(1+1.5*(4-$AI$12)*K23)*K23 -> 10.778449 | V23: =((1-2*K23)^3.5)*($AI$4-$AI$14*K23)+3*U23 -> 296.95734 | W23: =((1-2*K23)^3.5)*($AI$5-$AI$15*K23)+1*U23 -> 157.49664 | X23: =((1-2*K23)^3.5)*($AI$6-$AI$16*K23)+1*U23 -> 48.497559 | Y23: =U23-B23 -> -1.2739555 | Z23: =V23-R23 -> -7.9156714 | AA23: =W23-S23 -> -5.9615075 | AB23: =X23-T23 -> 0.38470959 | AC23: =IF(AND(A23>=CutoffLowBar,A23<=CutoffOilBar),Y23^2+Z23^2+AA23^2+AB23^2,0) -> 0 | AD23: =(V23+2*W23)/3 -> 203.98354 | AE23: =(V23-W23+3*X23)/5 -> 56.990675 | AF23: =5*(V23-W23)*X23/(3*(V23-W23)+4*X23) -> 55.223784 | AG23: =(AE23+AF23)/2 -> 56.10723
A24: =Align!A24 -> 600 | B24: =Align!B24 -> 12.310671 | C24: =Align!C24 -> 0.20034572 | D24: =Align!D24 -> 0.50703365 | E24: =Align!F24 -> 0.18496783 | F24: =Align!G24 -> 0.38015232 | G24: 0.68971429 | H24: =G24*Lfin_111/Lfin_100 -> 0.59468263 | I24: =($G$4/G24)^3 -> 1.0634334 | J24: =rho_100*I24 -> 6.4763097 | K24: =0.5*(1-I24^(2/3)) -> -0.020927014 | L24: =2*G24/C24 -> 6.885241 | M24: =2*G24/D24 -> 2.7205859 | N24: =2*H24/E24 -> 6.4301195 | O24: =2*H24/F24 -> 3.1286545 | P24: =J24*N24^2 -> 267.77233 | Q24: =J24*O24^2 -> 63.393221 | R24: =J24*L24^2 -> 307.01946 | S24: =R24+T24-3*Q24 -> 164.77477 | T24: =J24*M24^2 -> 47.934972 | U24: =-3*$AI$11*((1-2*K24)^2.5)*(1+1.5*(4-$AI$12)*K24)*K24 -> 11.415249 | V24: =((1-2*K24)^3.5)*($AI$4-$AI$14*K24)+3*U24 -> 300.17059 | W24: =((1-2*K24)^3.5)*($AI$5-$AI$15*K24)+1*U24 -> 159.15571 | X24: =((1-2*K24)^3.5)*($AI$6-$AI$16*K24)+1*U24 -> 48.541144 | Y24: =U24-B24 -> -0.89542177 | Z24: =V24-R24 -> -6.8488733 | AA24: =W24-S24 -> -5.6190637 | AB24: =X24-T24 -> 0.60617178 | AC24: =IF(AND(A24>=CutoffLowBar,A24<=CutoffOilBar),Y24^2+Z24^2+AA24^2+AB24^2,0) -> 0 | AD24: =(V24+2*W24)/3 -> 206.16067 | AE24: =(V24-W24+3*X24)/5 -> 57.327662 | AF24: =5*(V24-W24)*X24/(3*(V24-W24)+4*X24) -> 55.451405 | AG24: =(AE24+AF24)/2 -> 56.389534
A25: =Align!A25 -> 630 | B25: =Align!B25 -> 12.482848 | C25: =Align!C25 -> 0.19974572 | D25: =Align!D25 -> 0.50683365 | E25: =Align!F25 -> 0.1847644 | F25: =Align!G25 -> 0.37985075 | G25: 0.689 | H25: =G25*Lfin_111/Lfin_100 -> 0.59406676 | I25: =($G$4/G25)^3 -> 1.0667443 | J25: =rho_100*I25 -> 6.4964725 | K25: =0.5*(1-I25^(2/3)) -> -0.022007663 | L25: =2*G25/C25 -> 6.8987711 | M25: =2*G25/D25 -> 2.7188408 | N25: =2*H25/E25 -> 6.4305329 | O25: =2*H25/F25 -> 3.1278957 | P25: =J25*N25^2 -> 268.64053 | Q25: =J25*O25^2 -> 63.559742 | R25: =J25*L25^2 -> 309.18689 | S25: =R25+T25-3*Q25 -> 166.53021 | T25: =J25*M25^2 -> 48.022544 | U25: =-3*$AI$11*((1-2*K25)^2.5)*(1+1.5*(4-$AI$12)*K25)*K25 -> 12.059506 | V25: =((1-2*K25)^3.5)*($AI$4-$AI$14*K25)+3*U25 -> 303.41121 | W25: =((1-2*K25)^3.5)*($AI$5-$AI$15*K25)+1*U25 -> 160.83031 | X25: =((1-2*K25)^3.5)*($AI$6-$AI$16*K25)+1*U25 -> 48.579119 | Y25: =U25-B25 -> -0.42334175 | Z25: =V25-R25 -> -5.7756786 | AA25: =W25-S25 -> -5.6999026 | AB25: =X25-T25 -> 0.55657549 | AC25: =IF(AND(A25>=CutoffLowBar,A25<=CutoffOilBar),Y25^2+Z25^2+AA25^2+AB25^2,0) -> 0 | AD25: =(V25+2*W25)/3 -> 208.35728 | AE25: =(V25-W25+3*X25)/5 -> 57.663653 | AF25: =5*(V25-W25)*X25/(3*(V25-W25)+4*X25) -> 55.673599 | AG25: =(AE25+AF25)/2 -> 56.668626

Sheet FS_NoVs100
A3: Oil bar | B3: P (GPa) | C3: tP100 | D3: tS100 | E3: tP111 | F3: tS111 | G3: L fit | H3: L111 | I3: V0/V | J3: rho | K3: f | L3: Vp100 | M3: Vs100 | N3: Vp111 | O3: Vs111 | P3: rVp111^2 | Q3: rVs111^2 | R3: C11 meas | S3: C12 meas | T3: C44 meas | U3: P_FS | V3: C11 mod | W3: C12 mod | X3: C44 mod | Y3: dP | Z3: dC11 | AA3: dC12 | AB3: dC44 | AC3: gated sq | AD3: K bulk | AE3: GV | AF3: GR | AG3: GH | AI3: FIT PARAMS | AL3: OUTPUTS
A4: =Align!A4 -> 0 | B4: =Align!B4 -> 0 | C4: =Align!C4 -> 0.22919993 | D4: =Align!D4 -> 0.51092692 | E4: =Align!F4 -> 0.20385318 | F4: =Align!G4 -> 0.41892602 | G4: =Lfin_100 -> 0.704 | H4: =G4*Lfin_111/Lfin_100 -> 0.607 | I4: =($G$4/G4)^3 -> 1 | J4: =rho_100*I4 -> 6.09 | K4: =0.5*(1-I4^(2/3)) -> 0 | L4: =2*G4/C4 -> 6.1431082 | M4: =2*G4/D4 -> 2.7557757 | N4: =2*H4/E4 -> 5.9552664 | O4: =2*H4/F4 -> 2.8978863 | P4: =J4*N4^2 -> 215.98305 | Q4: =J4*O4^2 -> 51.142269 | R4: =J4*L4^2 -> 229.82307 | S4: =R4+T4-3*Q4 -> 120.61853 | T4: =Q4+0.5*P4-0.5*R4 -> 44.222261 | U4: =-3*$AI$11*((1-2*K4)^2.5)*(1+1.5*(4-$AI$12)*K4)*K4 -> 0 | V4: =((1-2*K4)^3.5)*($AI$4-$AI$14*K4)+3*U4 -> 240.84873 | W4: =((1-2*K4)^3.5)*($AI$5-$AI$15*K4)+1*U4 -> 123.20384 | X4: =((1-2*K4)^3.5)*($AI$6-$AI$16*K4)+1*U4 -> 41.226119 | Y4: =U4-B4 -> 0 | Z4: =V4-R4 -> 11.025661 | AA4: =W4-S4 -> 2.5853185 | AB4: =X4-T4 -> -2.9961418 | AC4: =IF(AND(A4>=CutoffLowBar,A4<=CutoffOilBar),Y4^2+Z4^2+AA4^2+AB4^2,0) -> 0 | AD4: =(V4+2*W4)/3 -> 162.41881 | AE4: =(V4-W4+3*X4)/5 -> 48.264649 | AF4: =5*(V4-W4)*X4/(3*(V4-W4)+4*X4) -> 46.829621 | AG4: =(AE4+AF4)/2 -> 47.547135 | AH4: C11_0 | AI4: 240.84873 | AL4: C11_0 | AM4: =$AI$4 -> 240.84873
A5: =Align!A5 -> 30 | B5: =Align!B5 -> 0.12913291 | C5: =Align!C5 -> 0.22474572 | D5: =Align!D5 -> 0.50723365 | E5: =Align!F5 -> 0.20362287 | F5: =Align!G5 -> 0.41829834 | G5: 0.70328571 | H5: =G5*Lfin_111/Lfin_100 -> 0.60638413 | I5: =($G$4/G5)^3 -> 1.00305 | J5: =rho_100*I5 -> 6.1085746 | K5: =0.5*(1-I5^(2/3)) -> -0.0010161566 | L5: =2*G5/C5 -> 6.2585015 | M5: =2*G5/D5 -> 2.7730247 | N5: =2*H5/E5 -> 5.9559532 | O5: =2*H5/F5 -> 2.8992902 | P5: =J5*N5^2 -> 216.69178 | Q5: =J5*O5^2 -> 51.347967 | R5: =J5*L5^2 -> 239.26579 | S5: =R5+T5-3*Q5 -> 125.28285 | T5: =Q5+0.5*P5-0.5*R5 -> 40.060963 | U5: =-3*$AI$11*((1-2*K5)^2.5)*(1+1.5*(4-$AI$12)*K5)*K5 -> 0.49748437 | V5: =((1-2*K5)^3.5)*($AI$4-$AI$14*K5)+3*U5 -> 243.5297 | W5: =((1-2*K5)^3.5)*($AI$5-$AI$15*K5)+1*U5 -> 124.68276 | X5: =((1-2*K5)^3.5)*($AI$6-$AI$16*K5)+1*U5 -> 41.465165 | Y5: =U5-B5 -> 0.36835146 | Z5: =V5-R5 -> 4.2639105 | AA5: =W5-S5 -> -0.60009121 | AB5: =X5-T5 -> 1.4042026 | AC5: =IF(AND(A5>=CutoffLowBar,A5<=CutoffOilBar),Y5^2+Z5^2+AA5^2+AB5^2,0) -> 0 | AD5: =(V5+2*W5)/3 -> 164.29841 | AE5: =(V5-W5+3*X5)/5 -> 48.648487 | AF5: =5*(V5-W5)*X5/(3*(V5-W5)+4*X5) -> 47.166865 | AG5: =(AE5+AF5)/2 -> 47.907676 | AH5: C12_0 | AI5: 123.20384 | AL5: C12_0 | AM5: =$AI$5 -> 123.20384
A6: =Align!A6 -> 60 | B6: =Align!B6 -> 1.6356835 | C6: =Align!C6 -> 0.22094572 | D6: =Align!D6 -> 0.50583365 | E6: =Align!F6 -> 0.20069823 | F6: =Align!G6 -> 0.41052794 | G6: 0.70257143 | H6: =G6*Lfin_111/Lfin_100 -> 0.60576826 | I6: =($G$4/G6)^3 -> 1.0061125 | J6: =rho_100*I6 -> 6.1272248 | K6: =0.5*(1-I6^(2/3)) -> -0.0020354141 | L6: =2*G6/C6 -> 6.3596745 | M6: =2*G6/D6 -> 2.7778754 | N6: =2*H6/E6 -> 6.0366079 | O6: =2*H6/F6 -> 2.951167 | P6: =J6*N6^2 -> 223.27997 | Q6: =J6*O6^2 -> 53.364372 | R6: =J6*L6^2 -> 247.81842 | S6: =R6+T6-3*Q6 -> 128.82045 | T6: =Q6+0.5*P6-0.5*R6 -> 41.095143 | U6: =-3*$AI$11*((1-2*K6)^2.5)*(1+1.5*(4-$AI$12)*K6)*K6 -> 1.0012316 | V6: =((1-2*K6)^3.5)*($AI$4-$AI$14*K6)+3*U6 -> 246.23429 | W6: =((1-2*K6)^3.5)*($AI$5-$AI$15*K6)+1*U6 -> 126.17689 | X6: =((1-2*K6)^3.5)*($AI$6-$AI$16*K6)+1*U6 -> 41.703289 | Y6: =U6-B6 -> -0.63445191 | Z6: =V6-R6 -> -1.5841349 | AA6: =W6-S6 -> -2.6435631 | AB6: =X6-T6 -> 0.6081455 | AC6: =IF(AND(A6>=CutoffLowBar,A6<=CutoffOilBar),Y6^2+Z6^2+AA6^2+AB6^2,0) -> 0 | AD6: =(V6+2*W6)/3 -> 166.19602 | AE6: =(V6-W6+3*X6)/5 -> 49.033453 | AF6: =5*(V6-W6)*X6/(3*(V6-W6)+4*X6) -> 47.504056 | AG6: =(AE6+AF6)/2 -> 48.268755 | AH6: C44_0 | AI6: 41.226119 | AL6: C44_0 | AM6: =$AI$6 -> 41.226119
A7: =Align!A7 -> 90 | B7: =Align!B7 -> 2.4965696 | C7: =Align!C7 -> 0.21874572 | D7: =Align!D7 -> 0.50583365 | E7: =Align!F7 -> 0.19901985 | F7: =Align!G7 -> 0.40624126 | G7: 0.70222279 | H7: =G7*Lfin_111/Lfin_100 -> 0.60546766 | I7: =($G$4/G7)^3 -> 1.0076117 | J7: =rho_100*I7 -> 6.1363554 | K7: =0.5*(1-I7^(2/3)) -> -0.0025340327 | L7: =2*G7/C7 -> 6.4204483 | M7: =2*G7/D7 -> 2.776497 | N7: =2*H7/E7 -> 6.0844953 | O7: =2*H7/F7 -> 2.980828 | P7: =J7*N7^2 -> 227.17453 | Q7: =J7*O7^2 -> 54.523577 | R7: =J7*L7^2 -> 252.9538 | S7: =R7+T7-3*Q7 -> 131.01701 | T7: =Q7+0.5*P7-0.5*R7 -> 41.63394 | U7: =-3*$AI$11*((1-2*K7)^2.5)*(1+1.5*(4-$AI$12)*K7)*K7 -> 1.2494001 | V7: =((1-2*K7)^3.5)*($AI$4-$AI$14*K7)+3*U7 -> 247.56301 | W7: =((1-2*K7)^3.5)*($AI$5-$AI$15*K7)+1*U7 -> 126.91173 | X7: =((1-2*K7)^3.5)*($AI$6-$AI$16*K7)+1*U7 -> 41.819164 | Y7: =U7-B7 -> -1.2471695 | Z7: =V7-R7 -> -5.3907929 | AA7: =W7-S7 -> -4.1052777 | AB7: =X7-T7 -> 0.18522402 | AC7: =IF(AND(A7>=CutoffLowBar,A7<=CutoffOilBar),Y7^2+Z7^2+AA7^2+AB7^2,0) -> 0 | AD7: =(V7+2*W7)/3 -> 167.12882 | AE7: =(V7-W7+3*X7)/5 -> 49.221754 | AF7: =5*(V7-W7)*X7/(3*(V7-W7)+4*X7) -> 47.668602 | AG7: =(AE7+AF7)/2 -> 48.445178 | AH7: C11' | AI7: 5.3991815 | AL7: C11' | AM7: =$AI$7 -> 5.3991815
A8: =Align!A8 -> 120 | B8: =Align!B8 -> 3.4435442 | C8: =Align!C8 -> 0.21654572 | D8: =Align!D8 -> 0.50523365 | E8: =Align!F8 -> 0.19727344 | F8: =Align!G8 -> 0.40198653 | G8: 0.69917423 | H8: =G8*Lfin_111/Lfin_100 -> 0.60283915 | I8: =($G$4/G8)^3 -> 1.0208495 | J8: =rho_100*I8 -> 6.2169736 | K8: =0.5*(1-I8^(2/3)) -> -0.0069259126 | L8: =2*G8/C8 -> 6.4575207 | M8: =2*G8/D8 -> 2.7677263 | N8: =2*H8/E8 -> 6.1117111 | O8: =2*H8/F8 -> 2.9993003 | P8: =J8*N8^2 -> 232.22269 | Q8: =J8*O8^2 -> 55.926665 | R8: =J8*L8^2 -> 259.24515 | S8: =R8+T8-3*Q8 -> 133.88059 | T8: =Q8+0.5*P8-0.5*R8 -> 42.415438 | U8: =-3*$AI$11*((1-2*K8)^2.5)*(1+1.5*(4-$AI$12)*K8)*K8 -> 3.4849336 | V8: =((1-2*K8)^3.5)*($AI$4-$AI$14*K8)+3*U8 -> 259.42702 | W8: =((1-2*K8)^3.5)*($AI$5-$AI$15*K8)+1*U8 -> 133.49632 | X8: =((1-2*K8)^3.5)*($AI$6-$AI$16*K8)+1*U8 -> 42.821608 | Y8: =U8-B8 -> 0.041389427 | Z8: =V8-R8 -> 0.18187472 | AA8: =W8-S8 -> -0.38426905 | AB8: =X8-T8 -> 0.40617053 | AC8: =IF(AND(A8>=CutoffLowBar,A8<=CutoffOilBar),Y8^2+Z8^2+AA8^2+AB8^2,0) -> 0.3474287 | AD8: =(V8+2*W8)/3 -> 175.47322 | AE8: =(V8-W8+3*X8)/5 -> 50.879105 | AF8: =5*(V8-W8)*X8/(3*(V8-W8)+4*X8) -> 49.105499 | AG8: =(AE8+AF8)/2 -> 49.992302 | AH8: C12' | AI8: 2.9762004 | AL8: C12' | AM8: =$AI$8 -> 2.9762004
A9: =Align!A9 -> 150 | B9: =Align!B9 -> 4.4335632 | C9: =Align!C9 -> 0.21474572 | D9: =Align!D9 -> 0.50523365 | E9: =Align!F9 -> 0.19557829 | F9: =Align!G9 -> 0.39814914 | G9: 0.69800236 | H9: =G9*Lfin_111/Lfin_100 -> 0.60182874 | I9: =($G$4/G9)^3 -> 1.0259999 | J9: =rho_100*I9 -> 6.2483393 | K9: =0.5*(1-I9^(2/3)) -> -0.0086295006 | L9: =2*G9/C9 -> 6.5007336 | M9: =2*G9/D9 -> 2.7630874 | N9: =2*H9/E9 -> 6.154351 | O9: =2*H9/F9 -> 3.0231322 | P9: =J9*N9^2 -> 236.66233 | Q9: =J9*O9^2 -> 57.105624 | R9: =J9*L9^2 -> 264.05193 | S9: =R9+T9-3*Q9 -> 136.14588 | T9: =Q9+0.5*P9-0.5*R9 -> 43.410825 | U9: =-3*$AI$11*((1-2*K9)^2.5)*(1+1.5*(4-$AI$12)*K9)*K9 -> 4.3762823 | V9: =((1-2*K9)^3.5)*($AI$4-$AI$14*K9)+3*U9 -> 264.10687 | W9: =((1-2*K9)^3.5)*($AI$5-$AI$15*K9)+1*U9 -> 136.10508 | X9: =((1-2*K9)^3.5)*($AI$6-$AI$16*K9)+1*U9 -> 43.201241 | Y9: =U9-B9 -> -0.057280842 | Z9: =V9-R9 -> 0.05494426 | AA9: =W9-S9 -> -0.040795921 | AB9: =X9-T9 -> -0.20958408 | AC9: =IF(AND(A9>=CutoffLowBar,A9<=CutoffOilBar),Y9^2+Z9^2+AA9^2+AB9^2,0) -> 0.051889761 | AD9: =(V9+2*W9)/3 -> 178.77235 | AE9: =(V9-W9+3*X9)/5 -> 51.521102 | AF9: =5*(V9-W9)*X9/(3*(V9-W9)+4*X9) -> 49.656371 | AG9: =(AE9+AF9)/2 -> 50.588737 | AH9: C44' | AI9: 0.48443352 | AL9: C44' | AM9: =$AI$9 -> 0.48443352
A10: =Align!A10 -> 180 | B10: =Align!B10 -> 5.122272 | C10: =Align!C10 -> 0.21334572 | D10: =Align!D10 -> 0.50523365 | E10: =Align!F10 -> 0.19446957 | F10: =Align!G10 -> 0.39583686 | G10: 0.6970773 | H10: =G10*Lfin_111/Lfin_100 -> 0.60103114 | I10: =($G$4/G10)^3 -> 1.0300899 | J10: =rho_100*I10 -> 6.2732478 | K10: =0.5*(1-I10^(2/3)) -> -0.0099803432 | L10: =2*G10/C10 -> 6.5347203 | M10: =2*G10/D10 -> 2.7594255 | N10: =2*H10/E10 -> 6.181236 | O10: =2*H10/F10 -> 3.0367619 | P10: =J10*N10^2 -> 239.68624 | Q10: =J10*O10^2 -> 57.851405 | R10: =J10*L10^2 -> 267.8838 | S10: =R10+T10-3*Q10 -> 138.08221 | T10: =Q10+0.5*P10-0.5*R10 -> 43.752624 | U10: =-3*$AI$11*((1-2*K10)^2.5)*(1+1.5*(4-$AI$12)*K10)*K10 -> 5.0927704 | V10: =((1-2*K10)^3.5)*($AI$4-$AI$14*K10)+3*U10 -> 267.84875 | W10: =((1-2*K10)^3.5)*($AI$5-$AI$15*K10)+1*U10 -> 138.19559 | X10: =((1-2*K10)^3.5)*($AI$6-$AI$16*K10)+1*U10 -> 43.49842 | Y10: =U10-B10 -> -0.029501629 | Z10: =V10-R10 -> -0.03504812 | AA10: =W10-S10 -> 0.11338376 | AB10: =X10-T10 -> -0.25420439 | AC10: =IF(AND(A10>=CutoffLowBar,A10<=CutoffOilBar),Y10^2+Z10^2+AA10^2+AB10^2,0) -> 0.079574468 | AD10: =(V10+2*W10)/3 -> 181.41331 | AE10: =(V10-W10+3*X10)/5 -> 52.029684 | AF10: =5*(V10-W10)*X10/(3*(V10-W10)+4*X10) -> 50.09038 | AG10: =(AE10+AF10)/2 -> 51.060032 | AL10: K0 | AM10: =$AI$11 -> 162.41881
A11: =Align!A11 -> 210 | B11: =Align!B11 -> 5.7679366 | C11: =Align!C11 -> 0.21174572 | D11: =Align!D11 -> 0.50423365 | E11: =Align!F11 -> 0.19347267 | F11: =Align!G11 -> 0.39390328 | G11: 0.6960143 | H11: =G11*Lfin_111/Lfin_100 -> 0.6001146 | I11: =($G$4/G11)^3 -> 1.0348168 | J11: =rho_100*I11 -> 6.3020346 | K11: =0.5*(1-I11^(2/3)) -> -0.011539292 | L11: =2*G11/C11 -> 6.5740578 | M11: =2*G11/D11 -> 2.7606817 | N11: =2*H11/E11 -> 6.2036112 | O11: =2*H11/F11 -> 3.047015 | P11: =J11*N11^2 -> 242.53249 | Q11: =J11*O11^2 -> 58.509983 | R11: =J11*L11^2 -> 272.36282 | S11: =R11+T11-3*Q11 -> 140.42769 | T11: =Q11+0.5*P11-0.5*R11 -> 43.594821 | U11: =-3*$AI$11*((1-2*K11)^2.5)*(1+1.5*(4-$AI$12)*K11)*K11 -> 5.9303651 | V11: =((1-2*K11)^3.5)*($AI$4-$AI$14*K11)+3*U11 -> 272.2013 | W11: =((1-2*K11)^3.5)*($AI$5-$AI$15*K11)+1*U11 -> 140.63239 | X11: =((1-2*K11)^3.5)*($AI$6-$AI$16*K11)+1*U11 -> 43.837021 | Y11: =U11-B11 -> 0.16242856 | Z11: =V11-R11 -> -0.16152068 | AA11: =W11-S11 -> 0.20470492 | AB11: =X11-T11 -> 0.24219959 | AC11: =IF(AND(A11>=CutoffLowBar,A11<=CutoffOilBar),Y11^2+Z11^2+AA11^2+AB11^2,0) -> 0.15303671 | AD11: =(V11+2*W11)/3 -> 184.4887 | AE11: =(V11-W11+3*X11)/5 -> 52.615993 | AF11: =5*(V11-W11)*X11/(3*(V11-W11)+4*X11) -> 50.588021 | AG11: =(AE11+AF11)/2 -> 51.602007 | AH11: K0 | AI11: =($AI$4+2*$AI$5)/3 -> 162.41881 | AL11: K0' | AM11: =$AI$12 -> 3.7838608
A12: =Align!A12 -> 240 | B12: =Align!B12 -> 6.5857783 | C12: =Align!C12 -> 0.21074572 | D12: =Align!D12 -> 0.50423365 | E12: =Align!F12 -> 0.19225681 | F12: =Align!G12 -> 0.39172305 | G12: 0.69529505 | H12: =G12*Lfin_111/Lfin_100 -> 0.59949445 | I12: =($G$4/G12)^3 -> 1.0380316 | J12: =rho_100*I12 -> 6.3216123 | K12: =0.5*(1-I12^(2/3)) -> -0.012598165 | L12: =2*G12/C12 -> 6.5984263 | M12: =2*G12/D12 -> 2.7578289 | N12: =2*H12/E12 -> 6.2363925 | O12: =2*H12/F12 -> 3.0608076 | P12: =J12*N12^2 -> 245.86388 | Q12: =J12*O12^2 -> 59.224298 | R12: =J12*L12^2 -> 275.23813 | S12: =R12+T12-3*Q12 -> 142.10241 | T12: =Q12+0.5*P12-0.5*R12 -> 44.537176 | U12: =-3*$AI$11*((1-2*K12)^2.5)*(1+1.5*(4-$AI$12)*K12)*K12 -> 6.5058639 | V12: =((1-2*K12)^3.5)*($AI$4-$AI$14*K12)+3*U12 -> 275.17858 | W12: =((1-2*K12)^3.5)*($AI$5-$AI$15*K12)+1*U12 -> 142.30241 | X12: =((1-2*K12)^3.5)*($AI$6-$AI$16*K12)+1*U12 -> 44.064273 | Y12: =U12-B12 -> -0.079914389 | Z12: =V12-R12 -> -0.059550885 | AA12: =W12-S12 -> 0.20000328 | AB12: =X12-T12 -> -0.47290291 | AC12: =IF(AND(A12>=CutoffLowBar,A12<=CutoffOilBar),Y12^2+Z12^2+AA12^2+AB12^2,0) -> 0.27357109 | AD12: =(V12+2*W12)/3 -> 186.59447 | AE12: =(V12-W12+3*X12)/5 -> 53.013797 | AF12: =5*(V12-W12)*X12/(3*(V12-W12)+4*X12) -> 50.923973 | AG12: =(AE12+AF12)/2 -> 51.968885 | AH12: K0' | AI12: =($AI$7+2*$AI$8)/3 -> 3.7838608 | AL12: GV0 | AM12: =AE4 -> 48.264649
A13: =Align!A13 -> 270 | B13: =Align!B13 -> 7.2744872 | C13: =Align!C13 -> 0.20914572 | D13: =Align!D13 -> 0.50463365 | E13: =Align!F13 -> 0.19126642 | F13: =Align!G13 -> 0.39006856 | G13: 0.69419589 | H13: =G13*Lfin_111/Lfin_100 -> 0.59854674 | I13: =($G$4/G13)^3 -> 1.0429701 | J13: =rho_100*I13 -> 6.3516878 | K13: =0.5*(1-I13^(2/3)) -> -0.014222695 | L13: =2*G13/C13 -> 6.6383945 | M13: =2*G13/D13 -> 2.7512866 | N13: =2*H13/E13 -> 6.258775 | O13: =2*H13/F13 -> 3.068931 | P13: =J13*N13^2 -> 248.81 | Q13: =J13*O13^2 -> 59.82234 | R13: =J13*L13^2 -> 279.90797 | S13: =R13+T13-3*Q13 -> 144.7143 | T13: =Q13+0.5*P13-0.5*R13 -> 44.273357 | U13: =-3*$AI$11*((1-2*K13)^2.5)*(1+1.5*(4-$AI$12)*K13)*K13 -> 7.3992098 | V13: =((1-2*K13)^3.5)*($AI$4-$AI$14*K13)+3*U13 -> 279.77934 | W13: =((1-2*K13)^3.5)*($AI$5-$AI$15*K13)+1*U13 -> 144.88811 | X13: =((1-2*K13)^3.5)*($AI$6-$AI$16*K13)+1*U13 -> 44.40851 | Y13: =U13-B13 -> 0.12472263 | Z13: =V13-R13 -> -0.12862759 | AA13: =W13-S13 -> 0.1738061 | AB13: =X13-T13 -> 0.13515312 | AC13: =IF(AND(A13>=CutoffLowBar,A13<=CutoffOilBar),Y13^2+Z13^2+AA13^2+AB13^2,0) -> 0.080575721 | AD13: =(V13+2*W13)/3 -> 189.85185 | AE13: =(V13-W13+3*X13)/5 -> 53.623352 | AF13: =5*(V13-W13)*X13/(3*(V13-W13)+4*X13) -> 51.436021 | AG13: =(AE13+AF13)/2 -> 52.529687 | AL13: GR0 | AM13: =AF4 -> 46.829621
A14: =Align!A14 -> 300 | B14: =Align!B14 -> 7.8340631 | C14: =Align!C14 -> 0.20814572 | D14: =Align!D14 -> 0.50383365 | E14: =Align!F14 -> 0.19048251 | F14: =Align!G14 -> 0.3888151 | G14: 0.69348574 | H14: =G14*Lfin_111/Lfin_100 -> 0.59793444 | I14: =($G$4/G14)^3 -> 1.0461775 | J14: =rho_100*I14 -> 6.3712209 | K14: =0.5*(1-I14^(2/3)) -> -0.0152764 | L14: =2*G14/C14 -> 6.6634638 | M14: =2*G14/D14 -> 2.7528362 | N14: =2*H14/E14 -> 6.2781033 | O14: =2*H14/F14 -> 3.075675 | P14: =J14*N14^2 -> 251.119 | Q14: =J14*O14^2 -> 60.270326 | R14: =J14*L14^2 -> 282.89336 | S14: =R14+T14-3*Q14 -> 146.46553 | T14: =Q14+0.5*P14-0.5*R14 -> 44.383146 | U14: =-3*$AI$11*((1-2*K14)^2.5)*(1+1.5*(4-$AI$12)*K14)*K14 -> 7.9854228 | V14: =((1-2*K14)^3.5)*($AI$4-$AI$14*K14)+3*U14 -> 282.78488 | W14: =((1-2*K14)^3.5)*($AI$5-$AI$15*K14)+1*U14 -> 146.58056 | X14: =((1-2*K14)^3.5)*($AI$6-$AI$16*K14)+1*U14 -> 44.628865 | Y14: =U14-B14 -> 0.15135969 | Z14: =V14-R14 -> -0.10848139 | AA14: =W14-S14 -> 0.11502956 | AB14: =X14-T14 -> 0.24571922 | AC14: =IF(AND(A14>=CutoffLowBar,A14<=CutoffOilBar),Y14^2+Z14^2+AA14^2+AB14^2,0) -> 0.1082877 | AD14: =(V14+2*W14)/3 -> 191.982 | AE14: =(V14-W14+3*X14)/5 -> 54.018183 | AF14: =5*(V14-W14)*X14/(3*(V14-W14)+4*X14) -> 51.765883 | AG14: =(AE14+AF14)/2 -> 52.892033 | AH14: C11a | AI14: =3*$AI$11*($AI$7-3)-7*$AI$4 -> -516.92456 | AL14: GH0 (Hill) | AM14: =AG4 -> 47.547135
A15: =Align!A15 -> 330 | B15: =Align!B15 -> 8.5227719 | C15: =Align!C15 -> 0.20734572 | D15: =Align!D15 -> 0.50403365 | E15: =Align!F15 -> 0.1895445 | F15: =Align!G15 -> 0.3873536 | G15: 0.69288414 | H15: =G15*Lfin_111/Lfin_100 -> 0.59741573 | I15: =($G$4/G15)^3 -> 1.0489049 | J15: =rho_100*I15 -> 6.3878307 | K15: =0.5*(1-I15^(2/3)) -> -0.016171564 | L15: =2*G15/C15 -> 6.6833706 | M15: =2*G15/D15 -> 2.7493567 | N15: =2*H15/E15 -> 6.3036988 | O15: =2*H15/F15 -> 3.0846014 | P15: =J15*N15^2 -> 253.83079 | Q15: =J15*O15^2 -> 60.778714 | R15: =J15*L15^2 -> 285.32806 | S15: =R15+T15-3*Q15 -> 148.022 | T15: =Q15+0.5*P15-0.5*R15 -> 45.03008 | U15: =-3*$AI$11*((1-2*K15)^2.5)*(1+1.5*(4-$AI$12)*K15)*K15 -> 8.487637 | V15: =((1-2*K15)^3.5)*($AI$4-$AI$14*K15)+3*U15 -> 285.35145 | W15: =((1-2*K15)^3.5)*($AI$5-$AI$15*K15)+1*U15 -> 148.02787 | X15: =((1-2*K15)^3.5)*($AI$6-$AI$16*K15)+1*U15 -> 44.814217 | Y15: =U15-B15 -> -0.035134904 | Z15: =V15-R15 -> 0.023389827 | AA15: =W15-S15 -> 0.0058710199 | AB15: =X15-T15 -> -0.21586339 | AC15: =IF(AND(A15>=CutoffLowBar,A15<=CutoffOilBar),Y15^2+Z15^2+AA15^2+AB15^2,0) -> 0.048413019 | AD15: =(V15+2*W15)/3 -> 193.8024 | AE15: =(V15-W15+3*X15)/5 -> 54.353246 | AF15: =5*(V15-W15)*X15/(3*(V15-W15)+4*X15) -> 52.044666 | AG15: =(AE15+AF15)/2 -> 53.198956 | AH15: C12a | AI15: =3*$AI$11*($AI$8-1)-7*$AI$5 -> 100.48944 | AL15: misfit | AM15: =$AI$18 -> 1.2627223
A16: =Align!A16 -> 360 | B16: =Align!B16 -> 9.1253922 | C16: =Align!C16 -> 0.20634572 | D16: =Align!D16 -> 0.50443365 | E16: =Align!F16 -> 0.18875088 | F16: =Align!G16 -> 0.38612789 | G16: 0.6921607 | H16: =G16*Lfin_111/Lfin_100 -> 0.59679196 | I16: =($G$4/G16)^3 -> 1.0521973 | J16: =rho_100*I16 -> 6.4078814 | K16: =0.5*(1-I16^(2/3)) -> -0.017251135 | L16: =2*G16/C16 -> 6.7087478 | M16: =2*G16/D16 -> 2.7443082 | N16: =2*H16/E16 -> 6.3235941 | O16: =2*H16/F16 -> 3.0911622 | P16: =J16*N16^2 -> 256.23735 | Q16: =J16*O16^2 -> 61.229125 | R16: =J16*L16^2 -> 288.40142 | S16: =R16+T16-3*Q16 -> 149.86114 | T16: =Q16+0.5*P16-0.5*R16 -> 45.14709 | U16: =-3*$AI$11*((1-2*K16)^2.5)*(1+1.5*(4-$AI$12)*K16)*K16 -> 9.0984634 | V16: =((1-2*K16)^3.5)*($AI$4-$AI$14*K16)+3*U16 -> 288.46295 | W16: =((1-2*K16)^3.5)*($AI$5-$AI$15*K16)+1*U16 -> 149.785 | X16: =((1-2*K16)^3.5)*($AI$6-$AI$16*K16)+1*U16 -> 45.035451 | Y16: =U16-B16 -> -0.02692881 | Z16: =V16-R16 -> 0.0615318 | AA16: =W16-S16 -> -0.076136297 | AB16: =X16-T16 -> -0.11163929 | AC16: =IF(AND(A16>=CutoffLowBar,A16<=CutoffOilBar),Y16^2+Z16^2+AA16^2+AB16^2,0) -> 0.02277139 | AD16: =(V16+2*W16)/3 -> 196.01098 | AE16: =(V16-W16+3*X16)/5 -> 54.756861 | AF16: =5*(V16-W16)*X16/(3*(V16-W16)+4*X16) -> 52.37906 | AG16: =(AE16+AF16)/2 -> 53.567961 | AH16: C44a | AI16: =3*$AI$11*($AI$9-1)-7*$AI$6 -> -539.79591
A17: =Align!A17 -> 390 | B17: =Align!B17 -> 9.5558352 | C17: =Align!C17 -> 0.20554572 | D17: =Align!D17 -> 0.50383365 | E17: =Align!F17 -> 0.18820127 | F17: =Align!G17 -> 0.38527502 | G17: 0.69158617 | H17: =G17*Lfin_111/Lfin_100 -> 0.5962966 | I17: =($G$4/G17)^3 -> 1.0548218 | J17: =rho_100*I17 -> 6.4238646 | K17: =0.5*(1-I17^(2/3)) -> -0.018110898 | L17: =2*G17/C17 -> 6.7292685 | M17: =2*G17/D17 -> 2.7452957 | N17: =2*H17/E17 -> 6.3367969 | O17: =2*H17/F17 -> 3.0954335 | P17: =J17*N17^2 -> 257.95025 | Q17: =J17*O17^2 -> 61.551598 | R17: =J17*L17^2 -> 290.89221 | S17: =R17+T17-3*Q17 -> 151.31803 | T17: =Q17+0.5*P17-0.5*R17 -> 45.080618 | U17: =-3*$AI$11*((1-2*K17)^2.5)*(1+1.5*(4-$AI$12)*K17)*K17 -> 9.5889663 | V17: =((1-2*K17)^3.5)*($AI$4-$AI$14*K17)+3*U17 -> 290.95362 | W17: =((1-2*K17)^3.5)*($AI$5-$AI$15*K17)+1*U17 -> 151.19352 | X17: =((1-2*K17)^3.5)*($AI$6-$AI$16*K17)+1*U17 -> 45.209811 | Y17: =U17-B17 -> 0.033131136 | Z17: =V17-R17 -> 0.061413426 | AA17: =W17-S17 -> -0.12451295 | AB17: =X17-T17 -> 0.12919336 | AC17: =IF(AND(A17>=CutoffLowBar,A17<=CutoffOilBar),Y17^2+Z17^2+AA17^2+AB17^2,0) -> 0.03706368 | AD17: =(V17+2*W17)/3 -> 197.78022 | AE17: =(V17-W17+3*X17)/5 -> 55.077907 | AF17: =5*(V17-W17)*X17/(3*(V17-W17)+4*X17) -> 52.643909 | AG17: =(AE17+AF17)/2 -> 53.860908
A18: =Align!A18 -> 420 | B18: =Align!B18 -> 10.115411 | C18: =Align!C18 -> 0.20474572 | D18: =Align!D18 -> 0.50323365 | E18: =Align!F18 -> 0.1875096 | F18: =Align!G18 -> 0.38418916 | G18: 0.69099552 | H18: =G18*Lfin_111/Lfin_100 -> 0.59578733 | I18: =($G$4/G18)^3 -> 1.057529 | J18: =rho_100*I18 -> 6.4403517 | K18: =0.5*(1-I18^(2/3)) -> -0.018997021 | L18: =2*G18/C18 -> 6.749792 | M18: =2*G18/D18 -> 2.7462214 | N18: =2*H18/E18 -> 6.3547394 | O18: =2*H18/F18 -> 3.1015312 | P18: =J18*N18^2 -> 260.07887 | Q18: =J18*O18^2 -> 61.952936 | R18: =J18*L18^2 -> 293.42044 | S18: =R18+T18-3*Q18 -> 152.84379 | T18: =Q18+0.5*P18-0.5*R18 -> 45.28215 | U18: =-3*$AI$11*((1-2*K18)^2.5)*(1+1.5*(4-$AI$12)*K18)*K18 -> 10.098274 | V18: =((1-2*K18)^3.5)*($AI$4-$AI$14*K18)+3*U18 -> 293.53244 | W18: =((1-2*K18)^3.5)*($AI$5-$AI$15*K18)+1*U18 -> 152.65375 | X18: =((1-2*K18)^3.5)*($AI$6-$AI$16*K18)+1*U18 -> 45.387791 | Y18: =U18-B18 -> -0.017137265 | Z18: =V18-R18 -> 0.11199931 | AA18: =W18-S18 -> -0.19003303 | AB18: =X18-T18 -> 0.10564088 | AC18: =IF(AND(A18>=CutoffLowBar,A18<=CutoffOilBar),Y18^2+Z18^2+AA18^2+AB18^2,0) -> 0.060110081 | AD18: =(V18+2*W18)/3 -> 199.61332 | AE18: =(V18-W18+3*X18)/5 -> 55.408413 | AF18: =5*(V18-W18)*X18/(3*(V18-W18)+4*X18) -> 52.915489 | AG18: =(AE18+AF18)/2 -> 54.161951 | AH18: OBJECTIVE (misfit) | AI18: =SUM(AC4:AC25) -> 1.2627223
A19: =Align!A19 -> 450 | B19: =Align!B19 -> 10.631943 | C19: =Align!C19 -> 0.20394572 | D19: =Align!D19 -> 0.50443365 | E19: =Align!F19 -> 0.18689359 | F19: =Align!G19 -> 0.38320738 | G19: 0.69328571 | H19: =G19*Lfin_111/Lfin_100 -> 0.59776197 | I19: =($G$4/G19)^3 -> 1.0470833 | J19: =rho_100*I19 -> 6.3767372 | K19: =0.5*(1-I19^(2/3)) -> -0.015573777 | L19: =2*G19/C19 -> 6.7987278 | M19: =2*G19/D19 -> 2.7487687 | N19: =2*H19/E19 -> 6.3968164 | O19: =2*H19/F19 -> 3.1197832 | P19: =J19*N19^2 -> 260.93136 | Q19: =J19*O19^2 -> 62.065083 | R19: =J19*L19^2 -> 294.75 | S19: =R19+T19-3*Q19 -> 153.71052 | T19: =Q19+0.5*P19-0.5*R19 -> 45.155763 | U19: =-3*$AI$11*((1-2*K19)^2.5)*(1+1.5*(4-$AI$12)*K19)*K19 -> 8.1518312 | V19: =((1-2*K19)^3.5)*($AI$4-$AI$14*K19)+3*U19 -> 283.63615 | W19: =((1-2*K19)^3.5)*($AI$5-$AI$15*K19)+1*U19 -> 147.06039 | X19: =((1-2*K19)^3.5)*($AI$6-$AI$16*K19)+1*U19 -> 44.690629 | Y19: =U19-B19 -> -2.4801116 | Z19: =V19-R19 -> -11.113849 | AA19: =W19-S19 -> -6.6501267 | AB19: =X19-T19 -> -0.46513418 | AC19: =IF(AND(A19>=CutoffLowBar,A19<=CutoffOilBar),Y19^2+Z19^2+AA19^2+AB19^2,0) -> 0 | AD19: =(V19+2*W19)/3 -> 192.58564 | AE19: =(V19-W19+3*X19)/5 -> 54.12953 | AF19: =5*(V19-W19)*X19/(3*(V19-W19)+4*X19) -> 51.858645 | AG19: =(AE19+AF19)/2 -> 52.994088
A20: =Align!A20 -> 480 | B20: =Align!B20 -> 10.933253 | C20: =Align!C20 -> 0.20334572 | D20: =Align!D20 -> 0.50523365 | E20: =Align!F20 -> 0.18654301 | F20: =Align!G20 -> 0.38264355 | G20: 0.69257143 | H20: =G20*Lfin_111/Lfin_100 -> 0.5971461 | I20: =($G$4/G20)^3 -> 1.0503264 | J20: =rho_100*I20 -> 6.3964875 | K20: =0.5*(1-I20^(2/3)) -> -0.016637802 | L20: =2*G20/C20 -> 6.811763 | M20: =2*G20/D20 -> 2.7415887 | N20: =2*H20/E20 -> 6.4022352 | O20: =2*H20/F20 -> 3.1211612 | P20: =J20*N20^2 -> 262.18317 | Q20: =J20*O20^2 -> 62.312325 | R20: =J20*L20^2 -> 296.79776 | S20: =R20+T20-3*Q20 -> 154.86581 | T20: =Q20+0.5*P20-0.5*R20 -> 45.00503 | U20: =-3*$AI$11*((1-2*K20)^2.5)*(1+1.5*(4-$AI$12)*K20)*K20 -> 8.7507443 | V20: =((1-2*K20)^3.5)*($AI$4-$AI$14*K20)+3*U20 -> 286.69305 | W20: =((1-2*K20)^3.5)*($AI$5-$AI$15*K20)+1*U20 -> 148.78516 | X20: =((1-2*K20)^3.5)*($AI$6-$AI$16*K20)+1*U20 -> 44.910073 | Y20: =U20-B20 -> -2.1825086 | Z20: =V20-R20 -> -10.104708 | AA20: =W20-S20 -> -6.0806526 | AB20: =X20-T20 -> -0.094956791 | AC20: =IF(AND(A20>=CutoffLowBar,A20<=CutoffOilBar),Y20^2+Z20^2+AA20^2+AB20^2,0) -> 0 | AD20: =(V20+2*W20)/3 -> 194.75446 | AE20: =(V20-W20+3*X20)/5 -> 54.527622 | AF20: =5*(V20-W20)*X20/(3*(V20-W20)+4*X20) -> 52.189329 | AG20: =(AE20+AF20)/2 -> 53.358476
A21: =Align!A21 -> 510 | B21: =Align!B21 -> 11.148474 | C21: =Align!C21 -> 0.20234572 | D21: =Align!D21 -> 0.50563365 | E21: =Align!F21 -> 0.18629574 | F21: =Align!G21 -> 0.38224488 | G21: 0.69185714 | H21: =G21*Lfin_111/Lfin_100 -> 0.59653024 | I21: =($G$4/G21)^3 -> 1.0535828 | J21: =rho_100*I21 -> 6.4163195 | K21: =0.5*(1-I21^(2/3)) -> -0.017705125 | L21: =2*G21/C21 -> 6.838367 | M21: =2*G21/D21 -> 2.7365946 | N21: =2*H21/E21 -> 6.4041211 | O21: =2*H21/F21 -> 3.1211941 | P21: =J21*N21^2 -> 263.15102 | Q21: =J21*O21^2 -> 62.506841 | R21: =J21*L21^2 -> 300.04803 | S21: =R21+T21-3*Q21 -> 156.58585 | T21: =Q21+0.5*P21-0.5*R21 -> 44.058333 | U21: =-3*$AI$11*((1-2*K21)^2.5)*(1+1.5*(4-$AI$12)*K21)*K21 -> 9.3570214 | V21: =((1-2*K21)^3.5)*($AI$4-$AI$14*K21)+3*U21 -> 289.77673 | W21: =((1-2*K21)^3.5)*($AI$5-$AI$15*K21)+1*U21 -> 150.52774 | X21: =((1-2*K21)^3.5)*($AI$6-$AI$16*K21)+1*U21 -> 45.127724 | Y21: =U21-B21 -> -1.791453 | Z21: =V21-R21 -> -10.27131 | AA21: =W21-S21 -> -6.0581029 | AB21: =X21-T21 -> 1.0693911 | AC21: =IF(AND(A21>=CutoffLowBar,A21<=CutoffOilBar),Y21^2+Z21^2+AA21^2+AB21^2,0) -> 0 | AD21: =(V21+2*W21)/3 -> 196.94407 | AE21: =(V21-W21+3*X21)/5 -> 54.926431 | AF21: =5*(V21-W21)*X21/(3*(V21-W21)+4*X21) -> 52.519075 | AG21: =(AE21+AF21)/2 -> 53.722753
A22: =Align!A22 -> 540 | B22: =Align!B22 -> 11.535873 | C22: =Align!C22 -> 0.20174572 | D22: =Align!D22 -> 0.50523365 | E22: =Align!F22 -> 0.18585489 | F22: =Align!G22 -> 0.38153599 | G22: 0.69114286 | H22: =G22*Lfin_111/Lfin_100 -> 0.59591437 | I22: =($G$4/G22)^3 -> 1.0568528 | J22: =rho_100*I22 -> 6.4362336 | K22: =0.5*(1-I22^(2/3)) -> -0.018775759 | L22: =2*G22/C22 -> 6.8516235 | M22: =2*G22/D22 -> 2.7359336 | N22: =2*H22/E22 -> 6.4126842 | O22: =2*H22/F22 -> 3.1237649 | P22: =J22*N22^2 -> 264.67414 | Q22: =J22*O22^2 -> 62.80417 | R22: =J22*L22^2 -> 302.14734 | S22: =R22+T22-3*Q22 -> 157.8024 | T22: =Q22+0.5*P22-0.5*R22 -> 44.067567 | U22: =-3*$AI$11*((1-2*K22)^2.5)*(1+1.5*(4-$AI$12)*K22)*K22 -> 9.9707426 | V22: =((1-2*K22)^3.5)*($AI$4-$AI$14*K22)+3*U22 -> 292.8874 | W22: =((1-2*K22)^3.5)*($AI$5-$AI$15*K22)+1*U22 -> 152.28832 | X22: =((1-2*K22)^3.5)*($AI$6-$AI$16*K22)+1*U22 -> 45.343516 | Y22: =U22-B22 -> -1.5651305 | Z22: =V22-R22 -> -9.2599445 | AA22: =W22-S22 -> -5.5140755 | AB22: =X22-T22 -> 1.2759485 | AC22: =IF(AND(A22>=CutoffLowBar,A22<=CutoffOilBar),Y22^2+Z22^2+AA22^2+AB22^2,0) -> 0 | AD22: =(V22+2*W22)/3 -> 199.15468 | AE22: =(V22-W22+3*X22)/5 -> 55.325924 | AF22: =5*(V22-W22)*X22/(3*(V22-W22)+4*X22) -> 52.84781 | AG22: =(AE22+AF22)/2 -> 54.086867
A23: =Align!A23 -> 570 | B23: =Align!B23 -> 12.052405 | C23: =Align!C23 -> 0.20094572 | D23: =Align!D23 -> 0.50583365 | E23: =Align!F23 -> 0.18526701 | F23: =Align!G23 -> 0.38060856 | G23: 0.69042857 | H23: =G23*Lfin_111/Lfin_100 -> 0.5952985 | I23: =($G$4/G23)^3 -> 1.0601363 | J23: =rho_100*I23 -> 6.4562302 | K23: =0.5*(1-I23^(2/3)) -> -0.019849718 | L23: =2*G23/C23 -> 6.8717918 | M23: =2*G23/D23 -> 2.7298642 | N23: =2*H23/E23 -> 6.4263842 | O23: =2*H23/F23 -> 3.1281403 | P23: =J23*N23^2 -> 266.63207 | Q23: =J23*O23^2 -> 63.175904 | R23: =J23*L23^2 -> 304.87301 | S23: =R23+T23-3*Q23 -> 159.40073 | T23: =Q23+0.5*P23-0.5*R23 -> 44.05543 | U23: =-3*$AI$11*((1-2*K23)^2.5)*(1+1.5*(4-$AI$12)*K23)*K23 -> 10.591989 | V23: =((1-2*K23)^3.5)*($AI$4-$AI$14*K23)+3*U23 -> 296.02529 | W23: =((1-2*K23)^3.5)*($AI$5-$AI$15*K23)+1*U23 -> 154.0671 | X23: =((1-2*K23)^3.5)*($AI$6-$AI$16*K23)+1*U23 -> 45.557377 | Y23: =U23-B23 -> -1.4604161 | Z23: =V23-R23 -> -8.8477219 | AA23: =W23-S23 -> -5.333635 | AB23: =X23-T23 -> 1.5019478 | AC23: =IF(AND(A23>=CutoffLowBar,A23<=CutoffOilBar),Y23^2+Z23^2+AA23^2+AB23^2,0) -> 0 | AD23: =(V23+2*W23)/3 -> 201.3865 | AE23: =(V23-W23+3*X23)/5 -> 55.726066 | AF23: =5*(V23-W23)*X23/(3*(V23-W23)+4*X23) -> 53.175461 | AG23: =(AE23+AF23)/2 -> 54.450763
A24: =Align!A24 -> 600 | B24: =Align!B24 -> 12.310671 | C24: =Align!C24 -> 0.20034572 | D24: =Align!D24 -> 0.50703365 | E24: =Align!F24 -> 0.18496783 | F24: =Align!G24 -> 0.38015232 | G24: 0.68971429 | H24: =G24*Lfin_111/Lfin_100 -> 0.59468263 | I24: =($G$4/G24)^3 -> 1.0634334 | J24: =rho_100*I24 -> 6.4763097 | K24: =0.5*(1-I24^(2/3)) -> -0.020927014 | L24: =2*G24/C24 -> 6.885241 | M24: =2*G24/D24 -> 2.7205859 | N24: =2*H24/E24 -> 6.4301195 | O24: =2*H24/F24 -> 3.1286545 | P24: =J24*N24^2 -> 267.77233 | Q24: =J24*O24^2 -> 63.393221 | R24: =J24*L24^2 -> 307.01946 | S24: =R24+T24-3*Q24 -> 160.60945 | T24: =Q24+0.5*P24-0.5*R24 -> 43.769656 | U24: =-3*$AI$11*((1-2*K24)^2.5)*(1+1.5*(4-$AI$12)*K24)*K24 -> 11.220841 | V24: =((1-2*K24)^3.5)*($AI$4-$AI$14*K24)+3*U24 -> 299.19064 | W24: =((1-2*K24)^3.5)*($AI$5-$AI$15*K24)+1*U24 -> 155.86425 | X24: =((1-2*K24)^3.5)*($AI$6-$AI$16*K24)+1*U24 -> 45.769239 | Y24: =U24-B24 -> -1.0898292 | Z24: =V24-R24 -> -7.8288185 | AA24: =W24-S24 -> -4.7451977 | AB24: =X24-T24 -> 1.9995829 | AC24: =IF(AND(A24>=CutoffLowBar,A24<=CutoffOilBar),Y24^2+Z24^2+AA24^2+AB24^2,0) -> 0 | AD24: =(V24+2*W24)/3 -> 203.63972 | AE24: =(V24-W24+3*X24)/5 -> 56.12682 | AF24: =5*(V24-W24)*X24/(3*(V24-W24)+4*X24) -> 53.501951 | AG24: =(AE24+AF24)/2 -> 54.814386
A25: =Align!A25 -> 630 | B25: =Align!B25 -> 12.482848 | C25: =Align!C25 -> 0.19974572 | D25: =Align!D25 -> 0.50683365 | E25: =Align!F25 -> 0.1847644 | F25: =Align!G25 -> 0.37985075 | G25: 1.1736625 | H25: =G25*Lfin_111/Lfin_100 -> 1.0119505 | I25: =($G$4/G25)^3 -> 0.2158183 | J25: =rho_100*I25 -> 1.3143334 | K25: =0.5*(1-I25^(2/3)) -> 0.32010096 | L25: =2*G25/C25 -> 11.751566 | M25: =2*G25/D25 -> 4.6313521 | N25: =2*H25/E25 -> 10.953956 | O25: =2*H25/F25 -> 5.328148 | P25: =J25*N25^2 -> 157.70575 | Q25: =J25*O25^2 -> 37.312823 | R25: =J25*L25^2 -> 181.50854 | S25: =R25+T25-3*Q25 -> 94.981496 | T25: =Q25+0.5*P25-0.5*R25 -> 25.411427 | U25: =-3*$AI$11*((1-2*K25)^2.5)*(1+1.5*(4-$AI$12)*K25)*K25 -> -13.368233 | V25: =((1-2*K25)^3.5)*($AI$4-$AI$14*K25)+3*U25 -> -28.752742 | W25: =((1-2*K25)^3.5)*($AI$5-$AI$15*K25)+1*U25 -> -10.824777 | X25: =((1-2*K25)^3.5)*($AI$6-$AI$16*K25)+1*U25 -> -7.3889267 | Y25: =U25-B25 -> -25.85108 | Z25: =V25-R25 -> -210.26128 | AA25: =W25-S25 -> -105.80627 | AB25: =X25-T25 -> -32.800353 | AC25: =IF(AND(A25>=CutoffLowBar,A25<=CutoffOilBar),Y25^2+Z25^2+AA25^2+AB25^2,0) -> 0 | AD25: =(V25+2*W25)/3 -> -16.800765 | AE25: =(V25-W25+3*X25)/5 -> -8.0189491 | AF25: =5*(V25-W25)*X25/(3*(V25-W25)+4*X25) -> -7.9475074 | AG25: =(AE25+AF25)/2 -> -7.9832282

Sheet FS_NoVp100
A3: Oil bar | B3: P (GPa) | C3: tP100 | D3: tS100 | E3: tP111 | F3: tS111 | G3: L fit | H3: L111 | I3: V0/V | J3: rho | K3: f | L3: Vp100 | M3: Vs100 | N3: Vp111 | O3: Vs111 | P3: rVp111^2 | Q3: rVs111^2 | R3: C11 meas | S3: C12 meas | T3: C44 meas | U3: P_FS | V3: C11 mod | W3: C12 mod | X3: C44 mod | Y3: dP | Z3: dC11 | AA3: dC12 | AB3: dC44 | AC3: gated sq | AD3: K bulk | AE3: GV | AF3: GR | AG3: GH | AI3: FIT PARAMS | AL3: OUTPUTS
A4: =Align!A4 -> 0 | B4: =Align!B4 -> 0 | C4: =Align!C4 -> 0.22919993 | D4: =Align!D4 -> 0.51092692 | E4: =Align!F4 -> 0.20385318 | F4: =Align!G4 -> 0.41892602 | G4: =Lfin_100 -> 0.704 | H4: =G4*Lfin_111/Lfin_100 -> 0.607 | I4: =($G$4/G4)^3 -> 1 | J4: =rho_100*I4 -> 6.09 | K4: =0.5*(1-I4^(2/3)) -> 0 | L4: =2*G4/C4 -> 6.1431082 | M4: =2*G4/D4 -> 2.7557757 | N4: =2*H4/E4 -> 5.9552664 | O4: =2*H4/F4 -> 2.8978863 | P4: =J4*N4^2 -> 215.98305 | Q4: =J4*O4^2 -> 51.142269 | R4: =3*Q4+S4-T4 -> 225.76902 | S4: =P4-Q4-T4 -> 118.5915 | T4: =J4*M4^2 -> 46.249286 | U4: =-3*$AI$11*((1-2*K4)^2.5)*(1+1.5*(4-$AI$12)*K4)*K4 -> 0 | V4: =((1-2*K4)^3.5)*($AI$4-$AI$14*K4)+3*U4 -> 229.36895 | W4: =((1-2*K4)^3.5)*($AI$5-$AI$15*K4)+1*U4 -> 117.43415 | X4: =((1-2*K4)^3.5)*($AI$6-$AI$16*K4)+1*U4 -> 46.816589 | Y4: =U4-B4 -> 0 | Z4: =V4-R4 -> 3.5999276 | AA4: =W4-S4 -> -1.1573478 | AB4: =X4-T4 -> 0.5673029 | AC4: =IF(AND(A4>=CutoffLowBar,A4<=CutoffOilBar),Y4^2+Z4^2+AA4^2+AB4^2,0) -> 0 | AD4: =(V4+2*W4)/3 -> 154.74575 | AE4: =(V4-W4+3*X4)/5 -> 50.476913 | AF4: =5*(V4-W4)*X4/(3*(V4-W4)+4*X4) -> 50.092702 | AG4: =(AE4+AF4)/2 -> 50.284807 | AH4: C11_0 | AI4: 229.36895 | AL4: C11_0 | AM4: =$AI$4 -> 229.36895
A5: =Align!A5 -> 30 | B5: =Align!B5 -> 0.12913291 | C5: =Align!C5 -> 0.22474572 | D5: =Align!D5 -> 0.50723365 | E5: =Align!F5 -> 0.20362287 | F5: =Align!G5 -> 0.41829834 | G5: 0.70328571 | H5: =G5*Lfin_111/Lfin_100 -> 0.60638413 | I5: =($G$4/G5)^3 -> 1.00305 | J5: =rho_100*I5 -> 6.1085746 | K5: =0.5*(1-I5^(2/3)) -> -0.0010161566 | L5: =2*G5/C5 -> 6.2585015 | M5: =2*G5/D5 -> 2.7730247 | N5: =2*H5/E5 -> 5.9559532 | O5: =2*H5/F5 -> 2.8992902 | P5: =J5*N5^2 -> 216.69178 | Q5: =J5*O5^2 -> 51.347967 | R5: =3*Q5+S5-T5 -> 225.44192 | S5: =P5-Q5-T5 -> 118.37091 | T5: =J5*M5^2 -> 46.972898 | U5: =-3*$AI$11*((1-2*K5)^2.5)*(1+1.5*(4-$AI$12)*K5)*K5 -> 0.47425848 | V5: =((1-2*K5)^3.5)*($AI$4-$AI$14*K5)+3*U5 -> 232.19168 | W5: =((1-2*K5)^3.5)*($AI$5-$AI$15*K5)+1*U5 -> 118.98231 | X5: =((1-2*K5)^3.5)*($AI$6-$AI$16*K5)+1*U5 -> 46.933659 | Y5: =U5-B5 -> 0.34512557 | Z5: =V5-R5 -> 6.7497578 | AA5: =W5-S5 -> 0.61139683 | AB5: =X5-T5 -> -0.039239448 | AC5: =IF(AND(A5>=CutoffLowBar,A5<=CutoffOilBar),Y5^2+Z5^2+AA5^2+AB5^2,0) -> 0 | AD5: =(V5+2*W5)/3 -> 156.71877 | AE5: =(V5-W5+3*X5)/5 -> 50.802068 | AF5: =5*(V5-W5)*X5/(3*(V5-W5)+4*X5) -> 50.376424 | AG5: =(AE5+AF5)/2 -> 50.589246 | AH5: C12_0 | AI5: 117.43415 | AL5: C12_0 | AM5: =$AI$5 -> 117.43415
A6: =Align!A6 -> 60 | B6: =Align!B6 -> 1.6356835 | C6: =Align!C6 -> 0.22094572 | D6: =Align!D6 -> 0.50583365 | E6: =Align!F6 -> 0.20069823 | F6: =Align!G6 -> 0.41052794 | G6: 0.70257143 | H6: =G6*Lfin_111/Lfin_100 -> 0.60576826 | I6: =($G$4/G6)^3 -> 1.0061125 | J6: =rho_100*I6 -> 6.1272248 | K6: =0.5*(1-I6^(2/3)) -> -0.0020354141 | L6: =2*G6/C6 -> 6.3596745 | M6: =2*G6/D6 -> 2.7778754 | N6: =2*H6/E6 -> 6.0366079 | O6: =2*H6/F6 -> 2.951167 | P6: =J6*N6^2 -> 223.27997 | Q6: =J6*O6^2 -> 53.364372 | R6: =3*Q6+S6-T6 -> 235.44612 | S6: =P6-Q6-T6 -> 122.6343 | T6: =J6*M6^2 -> 47.281293 | U6: =-3*$AI$11*((1-2*K6)^2.5)*(1+1.5*(4-$AI$12)*K6)*K6 -> 0.95504591 | V6: =((1-2*K6)^3.5)*($AI$4-$AI$14*K6)+3*U6 -> 235.04325 | W6: =((1-2*K6)^3.5)*($AI$5-$AI$15*K6)+1*U6 -> 120.54793 | X6: =((1-2*K6)^3.5)*($AI$6-$AI$16*K6)+1*U6 -> 47.047991 | Y6: =U6-B6 -> -0.68063759 | Z6: =V6-R6 -> -0.40287758 | AA6: =W6-S6 -> -2.0863668 | AB6: =X6-T6 -> -0.23330227 | AC6: =IF(AND(A6>=CutoffLowBar,A6<=CutoffOilBar),Y6^2+Z6^2+AA6^2+AB6^2,0) -> 0 | AD6: =(V6+2*W6)/3 -> 158.71304 | AE6: =(V6-W6+3*X6)/5 -> 51.127857 | AF6: =5*(V6-W6)*X6/(3*(V6-W6)+4*X6) -> 50.65825 | AG6: =(AE6+AF6)/2 -> 50.893053 | AH6: C44_0 | AI6: 46.816589 | AL6: C44_0 | AM6: =$AI$6 -> 46.816589
A7: =Align!A7 -> 90 | B7: =Align!B7 -> 2.4965696 | C7: =Align!C7 -> 0.21874572 | D7: =Align!D7 -> 0.50583365 | E7: =Align!F7 -> 0.19901985 | F7: =Align!G7 -> 0.40624126 | G7: 0.70185714 | H7: =G7*Lfin_111/Lfin_100 -> 0.60515239 | I7: =($G$4/G7)^3 -> 1.0091874 | J7: =rho_100*I7 -> 6.1459511 | K7: =0.5*(1-I7^(2/3)) -> -0.0030577851 | L7: =2*G7/C7 -> 6.4171051 | M7: =2*G7/D7 -> 2.7750512 | N7: =2*H7/E7 -> 6.0813271 | O7: =2*H7/F7 -> 2.9792759 | P7: =J7*N7^2 -> 227.29288 | Q7: =J7*O7^2 -> 54.551983 | R7: =3*Q7+S7-T7 -> 241.73802 | S7: =P7-Q7-T7 -> 125.41148 | T7: =J7*M7^2 -> 47.329412 | U7: =-3*$AI$11*((1-2*K7)^2.5)*(1+1.5*(4-$AI$12)*K7)*K7 -> 1.4424408 | V7: =((1-2*K7)^3.5)*($AI$4-$AI$14*K7)+3*U7 -> 237.92396 | W7: =((1-2*K7)^3.5)*($AI$5-$AI$15*K7)+1*U7 -> 122.13122 | X7: =((1-2*K7)^3.5)*($AI$6-$AI$16*K7)+1*U7 -> 47.159515 | Y7: =U7-B7 -> -1.0541288 | Z7: =V7-R7 -> -3.8140648 | AA7: =W7-S7 -> -3.2802606 | AB7: =X7-T7 -> -0.16989722 | AC7: =IF(AND(A7>=CutoffLowBar,A7<=CutoffOilBar),Y7^2+Z7^2+AA7^2+AB7^2,0) -> 0 | AD7: =(V7+2*W7)/3 -> 160.7288 | AE7: =(V7-W7+3*X7)/5 -> 51.454255 | AF7: =5*(V7-W7)*X7/(3*(V7-W7)+4*X7) -> 50.938092 | AG7: =(AE7+AF7)/2 -> 51.196174 | AH7: C11' | AI7: 5.9623945 | AL7: C11' | AM7: =$AI$7 -> 5.9623945
A8: =Align!A8 -> 120 | B8: =Align!B8 -> 3.4435442 | C8: =Align!C8 -> 0.21654572 | D8: =Align!D8 -> 0.50523365 | E8: =Align!F8 -> 0.19727344 | F8: =Align!G8 -> 0.40198653 | G8: 0.69915811 | H8: =G8*Lfin_111/Lfin_100 -> 0.60282525 | I8: =($G$4/G8)^3 -> 1.0209202 | J8: =rho_100*I8 -> 6.2174037 | K8: =0.5*(1-I8^(2/3)) -> -0.0069492933 | L8: =2*G8/C8 -> 6.4573718 | M8: =2*G8/D8 -> 2.7676625 | N8: =2*H8/E8 -> 6.1115702 | O8: =2*H8/F8 -> 2.9992311 | P8: =J8*N8^2 -> 232.22805 | Q8: =J8*O8^2 -> 55.927954 | R8: =3*Q8+S8-T8 -> 248.83388 | S8: =P8-Q8-T8 -> 128.67506 | T8: =J8*M8^2 -> 47.625038 | U8: =-3*$AI$11*((1-2*K8)^2.5)*(1+1.5*(4-$AI$12)*K8)*K8 -> 3.3451812 | V8: =((1-2*K8)^3.5)*($AI$4-$AI$14*K8)+3*U8 -> 249.0775 | W8: =((1-2*K8)^3.5)*($AI$5-$AI$15*K8)+1*U8 -> 128.27696 | X8: =((1-2*K8)^3.5)*($AI$6-$AI$16*K8)+1*U8 -> 47.554281 | Y8: =U8-B8 -> -0.098363014 | Z8: =V8-R8 -> 0.24362002 | AA8: =W8-S8 -> -0.39809555 | AB8: =X8-T8 -> -0.070756967 | AC8: =IF(AND(A8>=CutoffLowBar,A8<=CutoffOilBar),Y8^2+Z8^2+AA8^2+AB8^2,0) -> 0.23251261 | AD8: =(V8+2*W8)/3 -> 168.54381 | AE8: =(V8-W8+3*X8)/5 -> 52.692676 | AF8: =5*(V8-W8)*X8/(3*(V8-W8)+4*X8) -> 51.976004 | AG8: =(AE8+AF8)/2 -> 52.33434 | AH8: C12' | AI8: 3.268427 | AL8: C12' | AM8: =$AI$8 -> 3.268427
A9: =Align!A9 -> 150 | B9: =Align!B9 -> 4.4335632 | C9: =Align!C9 -> 0.21474572 | D9: =Align!D9 -> 0.50523365 | E9: =Align!F9 -> 0.19557829 | F9: =Align!G9 -> 0.39814914 | G9: 0.69762208 | H9: =G9*Lfin_111/Lfin_100 -> 0.60150086 | I9: =($G$4/G9)^3 -> 1.0276786 | J9: =rho_100*I9 -> 6.2585628 | K9: =0.5*(1-I9^(2/3)) -> -0.0091841608 | L9: =2*G9/C9 -> 6.4971919 | M9: =2*G9/D9 -> 2.761582 | N9: =2*H9/E9 -> 6.1509981 | O9: =2*H9/F9 -> 3.0214852 | P9: =J9*N9^2 -> 236.79133 | Q9: =J9*O9^2 -> 57.136752 | R9: =3*Q9+S9-T9 -> 255.60504 | S9: =P9-Q9-T9 -> 131.92468 | T9: =J9*M9^2 -> 47.729899 | U9: =-3*$AI$11*((1-2*K9)^2.5)*(1+1.5*(4-$AI$12)*K9)*K9 -> 4.4723541 | V9: =((1-2*K9)^3.5)*($AI$4-$AI$14*K9)+3*U9 -> 255.6191 | W9: =((1-2*K9)^3.5)*($AI$5-$AI$15*K9)+1*U9 -> 131.89276 | X9: =((1-2*K9)^3.5)*($AI$6-$AI$16*K9)+1*U9 -> 47.759004 | Y9: =U9-B9 -> 0.038790964 | Z9: =V9-R9 -> 0.014063842 | AA9: =W9-S9 -> -0.031921414 | AB9: =X9-T9 -> 0.029105599 | AC9: =IF(AND(A9>=CutoffLowBar,A9<=CutoffOilBar),Y9^2+Z9^2+AA9^2+AB9^2,0) -> 0.0035686431 | AD9: =(V9+2*W9)/3 -> 173.13488 | AE9: =(V9-W9+3*X9)/5 -> 53.400671 | AF9: =5*(V9-W9)*X9/(3*(V9-W9)+4*X9) -> 52.551484 | AG9: =(AE9+AF9)/2 -> 52.976077 | AH9: C44' | AI9: 0.25140052 | AL9: C44' | AM9: =$AI$9 -> 0.25140052
A10: =Align!A10 -> 180 | B10: =Align!B10 -> 5.122272 | C10: =Align!C10 -> 0.21334572 | D10: =Align!D10 -> 0.50523365 | E10: =Align!F10 -> 0.19446957 | F10: =Align!G10 -> 0.39583686 | G10: 0.69662665 | H10: =G10*Lfin_111/Lfin_100 -> 0.60064258 | I10: =($G$4/G10)^3 -> 1.0320904 | J10: =rho_100*I10 -> 6.2854304 | K10: =0.5*(1-I10^(2/3)) -> -0.010640382 | L10: =2*G10/C10 -> 6.5304956 | M10: =2*G10/D10 -> 2.7576415 | N10: =2*H10/E10 -> 6.1772399 | O10: =2*H10/F10 -> 3.0347986 | P10: =J10*N10^2 -> 239.84129 | Q10: =J10*O10^2 -> 57.88883 | R10: =3*Q10+S10-T10 -> 260.02275 | S10: =P10-Q10-T10 -> 134.15436 | T10: =J10*M10^2 -> 47.798102 | U10: =-3*$AI$11*((1-2*K10)^2.5)*(1+1.5*(4-$AI$12)*K10)*K10 -> 5.2204998 | V10: =((1-2*K10)^3.5)*($AI$4-$AI$14*K10)+3*U10 -> 259.93552 | W10: =((1-2*K10)^3.5)*($AI$5-$AI$15*K10)+1*U10 -> 134.2831 | X10: =((1-2*K10)^3.5)*($AI$6-$AI$16*K10)+1*U10 -> 47.883474 | Y10: =U10-B10 -> 0.09822781 | Z10: =V10-R10 -> -0.08722568 | AA10: =W10-S10 -> 0.12874347 | AB10: =X10-T10 -> 0.08537273 | AC10: =IF(AND(A10>=CutoffLowBar,A10<=CutoffOilBar),Y10^2+Z10^2+AA10^2+AB10^2,0) -> 0.041120406 | AD10: =(V10+2*W10)/3 -> 176.16724 | AE10: =(V10-W10+3*X10)/5 -> 53.860569 | AF10: =5*(V10-W10)*X10/(3*(V10-W10)+4*X10) -> 52.917924 | AG10: =(AE10+AF10)/2 -> 53.389246 | AL10: K0 | AM10: =$AI$11 -> 154.74575
A11: =Align!A11 -> 210 | B11: =Align!B11 -> 5.7679366 | C11: =Align!C11 -> 0.21174572 | D11: =Align!D11 -> 0.50423365 | E11: =Align!F11 -> 0.19347267 | F11: =Align!G11 -> 0.39390328 | G11: 0.69582771 | H11: =G11*Lfin_111/Lfin_100 -> 0.59995372 | I11: =($G$4/G11)^3 -> 1.0356495 | J11: =rho_100*I11 -> 6.3071057 | K11: =0.5*(1-I11^(2/3)) -> -0.011813673 | L11: =2*G11/C11 -> 6.5722954 | M11: =2*G11/D11 -> 2.7599416 | N11: =2*H11/E11 -> 6.2019482 | O11: =2*H11/F11 -> 3.0461982 | P11: =J11*N11^2 -> 242.59753 | Q11: =J11*O11^2 -> 58.525673 | R11: =3*Q11+S11-T11 -> 263.56292 | S11: =P11-Q11-T11 -> 136.02888 | T11: =J11*M11^2 -> 48.042976 | U11: =-3*$AI$11*((1-2*K11)^2.5)*(1+1.5*(4-$AI$12)*K11)*K11 -> 5.8312069 | V11: =((1-2*K11)^3.5)*($AI$4-$AI$14*K11)+3*U11 -> 263.44446 | W11: =((1-2*K11)^3.5)*($AI$5-$AI$15*K11)+1*U11 -> 136.22888 | X11: =((1-2*K11)^3.5)*($AI$6-$AI$16*K11)+1*U11 -> 47.978528 | Y11: =U11-B11 -> 0.063270365 | Z11: =V11-R11 -> -0.11846261 | AA11: =W11-S11 -> 0.1999973 | AB11: =X11-T11 -> -0.064447853 | AC11: =IF(AND(A11>=CutoffLowBar,A11<=CutoffOilBar),Y11^2+Z11^2+AA11^2+AB11^2,0) -> 0.062188976 | AD11: =(V11+2*W11)/3 -> 178.63407 | AE11: =(V11-W11+3*X11)/5 -> 54.230233 | AF11: =5*(V11-W11)*X11/(3*(V11-W11)+4*X11) -> 53.208097 | AG11: =(AE11+AF11)/2 -> 53.719165 | AH11: K0 | AI11: =($AI$4+2*$AI$5)/3 -> 154.74575 | AL11: K0' | AM11: =$AI$12 -> 4.1664162
A12: =Align!A12 -> 240 | B12: =Align!B12 -> 6.5857783 | C12: =Align!C12 -> 0.21074572 | D12: =Align!D12 -> 0.50423365 | E12: =Align!F12 -> 0.19225681 | F12: =Align!G12 -> 0.39172305 | G12: 0.69475269 | H12: =G12*Lfin_111/Lfin_100 -> 0.59902682 | I12: =($G$4/G12)^3 -> 1.0404645 | J12: =rho_100*I12 -> 6.3364289 | K12: =0.5*(1-I12^(2/3)) -> -0.013398803 | L12: =2*G12/C12 -> 6.5932792 | M12: =2*G12/D12 -> 2.7556776 | N12: =2*H12/E12 -> 6.2315278 | O12: =2*H12/F12 -> 3.05842 | P12: =J12*N12^2 -> 246.05582 | Q12: =J12*O12^2 -> 59.270532 | R12: =3*Q12+S12-T12 -> 268.36225 | S12: =P12-Q12-T12 -> 138.66797 | T12: =J12*M12^2 -> 48.117315 | U12: =-3*$AI$11*((1-2*K12)^2.5)*(1+1.5*(4-$AI$12)*K12)*K12 -> 6.6675804 | V12: =((1-2*K12)^3.5)*($AI$4-$AI$14*K12)+3*U12 -> 268.22947 | W12: =((1-2*K12)^3.5)*($AI$5-$AI$15*K12)+1*U12 -> 138.88598 | X12: =((1-2*K12)^3.5)*($AI$6-$AI$16*K12)+1*U12 -> 48.099393 | Y12: =U12-B12 -> 0.081802108 | Z12: =V12-R12 -> -0.13278407 | AA12: =W12-S12 -> 0.21800577 | AB12: =X12-T12 -> -0.017921166 | AC12: =IF(AND(A12>=CutoffLowBar,A12<=CutoffOilBar),Y12^2+Z12^2+AA12^2+AB12^2,0) -> 0.072170877 | AD12: =(V12+2*W12)/3 -> 182.00048 | AE12: =(V12-W12+3*X12)/5 -> 54.728335 | AF12: =5*(V12-W12)*X12/(3*(V12-W12)+4*X12) -> 53.592719 | AG12: =(AE12+AF12)/2 -> 54.160527 | AH12: K0' | AI12: =($AI$7+2*$AI$8)/3 -> 4.1664162 | AL12: GV0 | AM12: =AE4 -> 50.476913
A13: =Align!A13 -> 270 | B13: =Align!B13 -> 7.2744872 | C13: =Align!C13 -> 0.20914572 | D13: =Align!D13 -> 0.50463365 | E13: =Align!F13 -> 0.19126642 | F13: =Align!G13 -> 0.39006856 | G13: 0.69384778 | H13: =G13*Lfin_111/Lfin_100 -> 0.5982466 | I13: =($G$4/G13)^3 -> 1.0445407 | J13: =rho_100*I13 -> 6.3612528 | K13: =0.5*(1-I13^(2/3)) -> -0.014738809 | L13: =2*G13/C13 -> 6.6350656 | M13: =2*G13/D13 -> 2.7499069 | N13: =2*H13/E13 -> 6.2556365 | O13: =2*H13/F13 -> 3.0673921 | P13: =J13*N13^2 -> 248.93483 | Q13: =J13*O13^2 -> 59.852353 | R13: =3*Q13+S13-T13 -> 272.4321 | S13: =P13-Q13-T13 -> 140.97876 | T13: =J13*M13^2 -> 48.103718 | U13: =-3*$AI$11*((1-2*K13)^2.5)*(1+1.5*(4-$AI$12)*K13)*K13 -> 7.3848139 | V13: =((1-2*K13)^3.5)*($AI$4-$AI$14*K13)+3*U13 -> 272.31451 | W13: =((1-2*K13)^3.5)*($AI$5-$AI$15*K13)+1*U13 -> 141.15775 | X13: =((1-2*K13)^3.5)*($AI$6-$AI$16*K13)+1*U13 -> 48.194679 | Y13: =U13-B13 -> 0.11032673 | Z13: =V13-R13 -> -0.11758812 | AA13: =W13-S13 -> 0.178989 | AB13: =X13-T13 -> 0.090960248 | AC13: =IF(AND(A13>=CutoffLowBar,A13<=CutoffOilBar),Y13^2+Z13^2+AA13^2+AB13^2,0) -> 0.066309782 | AD13: =(V13+2*W13)/3 -> 184.87667 | AE13: =(V13-W13+3*X13)/5 -> 55.14816 | AF13: =5*(V13-W13)*X13/(3*(V13-W13)+4*X13) -> 53.911035 | AG13: =(AE13+AF13)/2 -> 54.529597 | AL13: GR0 | AM13: =AF4 -> 50.092702
A14: =Align!A14 -> 300 | B14: =Align!B14 -> 7.8340631 | C14: =Align!C14 -> 0.20814572 | D14: =Align!D14 -> 0.50383365 | E14: =Align!F14 -> 0.19048251 | F14: =Align!G14 -> 0.3888151 | G14: 0.69323018 | H14: =G14*Lfin_111/Lfin_100 -> 0.59771409 | I14: =($G$4/G14)^3 -> 1.047335 | J14: =rho_100*I14 -> 6.3782699 | K14: =0.5*(1-I14^(2/3)) -> -0.01565639 | L14: =2*G14/C14 -> 6.6610082 | M14: =2*G14/D14 -> 2.7518217 | N14: =2*H14/E14 -> 6.2757897 | O14: =2*H14/F14 -> 3.0745415 | P14: =J14*N14^2 -> 251.21158 | Q14: =J14*O14^2 -> 60.292545 | R14: =3*Q14+S14-T14 -> 275.19748 | S14: =P14-Q14-T14 -> 142.61944 | T14: =J14*M14^2 -> 48.299593 | U14: =-3*$AI$11*((1-2*K14)^2.5)*(1+1.5*(4-$AI$12)*K14)*K14 -> 7.8813684 | V14: =((1-2*K14)^3.5)*($AI$4-$AI$14*K14)+3*U14 -> 275.13302 | W14: =((1-2*K14)^3.5)*($AI$5-$AI$15*K14)+1*U14 -> 142.72696 | X14: =((1-2*K14)^3.5)*($AI$6-$AI$16*K14)+1*U14 -> 48.256225 | Y14: =U14-B14 -> 0.047305279 | Z14: =V14-R14 -> -0.064465797 | AA14: =W14-S14 -> 0.10751926 | AB14: =X14-T14 -> -0.043367268 | AC14: =IF(AND(A14>=CutoffLowBar,A14<=CutoffOilBar),Y14^2+Z14^2+AA14^2+AB14^2,0) -> 0.01983474 | AD14: =(V14+2*W14)/3 -> 186.86231 | AE14: =(V14-W14+3*X14)/5 -> 55.434947 | AF14: =5*(V14-W14)*X14/(3*(V14-W14)+4*X14) -> 54.125299 | AG14: =(AE14+AF14)/2 -> 54.780123 | AH14: C11a | AI14: =3*$AI$11*($AI$7-3)-7*$AI$4 -> -230.32873 | AL14: GH0 (Hill) | AM14: =AG4 -> 50.284807
A15: =Align!A15 -> 330 | B15: =Align!B15 -> 8.5227719 | C15: =Align!C15 -> 0.20734572 | D15: =Align!D15 -> 0.50403365 | E15: =Align!F15 -> 0.1895445 | F15: =Align!G15 -> 0.3873536 | G15: 0.69239069 | H15: =G15*Lfin_111/Lfin_100 -> 0.59699026 | I15: =($G$4/G15)^3 -> 1.0511491 | J15: =rho_100*I15 -> 6.4014981 | K15: =0.5*(1-I15^(2/3)) -> -0.016907566 | L15: =2*G15/C15 -> 6.6786108 | M15: =2*G15/D15 -> 2.7473987 | N15: =2*H15/E15 -> 6.2992094 | O15: =2*H15/F15 -> 3.0824046 | P15: =J15*N15^2 -> 254.0117 | Q15: =J15*O15^2 -> 60.82203 | R15: =3*Q15+S15-T15 -> 279.01619 | S15: =P15-Q15-T15 -> 144.86988 | T15: =J15*M15^2 -> 48.319784 | U15: =-3*$AI$11*((1-2*K15)^2.5)*(1+1.5*(4-$AI$12)*K15)*K15 -> 8.5655921 | V15: =((1-2*K15)^3.5)*($AI$4-$AI$14*K15)+3*U15 -> 279.00414 | W15: =((1-2*K15)^3.5)*($AI$5-$AI$15*K15)+1*U15 -> 144.88458 | X15: =((1-2*K15)^3.5)*($AI$6-$AI$16*K15)+1*U15 -> 48.335229 | Y15: =U15-B15 -> 0.042820194 | Z15: =V15-R15 -> -0.012048454 | AA15: =W15-S15 -> 0.014697215 | AB15: =X15-T15 -> 0.015444428 | AC15: =IF(AND(A15>=CutoffLowBar,A15<=CutoffOilBar),Y15^2+Z15^2+AA15^2+AB15^2,0) -> 0.0024332728 | AD15: =(V15+2*W15)/3 -> 189.5911 | AE15: =(V15-W15+3*X15)/5 -> 55.82505 | AF15: =5*(V15-W15)*X15/(3*(V15-W15)+4*X15) -> 54.41249 | AG15: =(AE15+AF15)/2 -> 55.11877 | AH15: C12a | AI15: =3*$AI$11*($AI$8-1)-7*$AI$5 -> 231.04924 | AL15: misfit | AM15: =$AI$18 -> 0.63238467
A16: =Align!A16 -> 360 | B16: =Align!B16 -> 9.1253922 | C16: =Align!C16 -> 0.20634572 | D16: =Align!D16 -> 0.50443365 | E16: =Align!F16 -> 0.18875088 | F16: =Align!G16 -> 0.38612789 | G16: 0.69165925 | H16: =G16*Lfin_111/Lfin_100 -> 0.59635961 | I16: =($G$4/G16)^3 -> 1.0544875 | J16: =rho_100*I16 -> 6.4218286 | K16: =0.5*(1-I16^(2/3)) -> -0.018001418 | L16: =2*G16/C16 -> 6.7038875 | M16: =2*G16/D16 -> 2.74232 | N16: =2*H16/E16 -> 6.3190128 | O16: =2*H16/F16 -> 3.0889227 | P16: =J16*N16^2 -> 256.42312 | Q16: =J16*O16^2 -> 61.273516 | R16: =3*Q16+S16-T16 -> 282.38175 | S16: =P16-Q16-T16 -> 146.85541 | T16: =J16*M16^2 -> 48.2942 | U16: =-3*$AI$11*((1-2*K16)^2.5)*(1+1.5*(4-$AI$12)*K16)*K16 -> 9.1705679 | V16: =((1-2*K16)^3.5)*($AI$4-$AI$14*K16)+3*U16 -> 282.41501 | W16: =((1-2*K16)^3.5)*($AI$5-$AI$15*K16)+1*U16 -> 146.78792 | X16: =((1-2*K16)^3.5)*($AI$6-$AI$16*K16)+1*U16 -> 48.399585 | Y16: =U16-B16 -> 0.045175693 | Z16: =V16-R16 -> 0.033257556 | AA16: =W16-S16 -> -0.067489575 | AB16: =X16-T16 -> 0.10538416 | AC16: =IF(AND(A16>=CutoffLowBar,A16<=CutoffOilBar),Y16^2+Z16^2+AA16^2+AB16^2,0) -> 0.018807573 | AD16: =(V16+2*W16)/3 -> 191.99695 | AE16: =(V16-W16+3*X16)/5 -> 56.16517 | AF16: =5*(V16-W16)*X16/(3*(V16-W16)+4*X16) -> 54.658766 | AG16: =(AE16+AF16)/2 -> 55.411968 | AH16: C44a | AI16: =3*$AI$11*($AI$9-1)-7*$AI$6 -> -675.24389
A17: =Align!A17 -> 390 | B17: =Align!B17 -> 9.5558352 | C17: =Align!C17 -> 0.20554572 | D17: =Align!D17 -> 0.50383365 | E17: =Align!F17 -> 0.18820127 | F17: =Align!G17 -> 0.38527502 | G17: 0.69122496 | H17: =G17*Lfin_111/Lfin_100 -> 0.59598516 | I17: =($G$4/G17)^3 -> 1.0564762 | J17: =rho_100*I17 -> 6.4339403 | K17: =0.5*(1-I17^(2/3)) -> -0.018652524 | L17: =2*G17/C17 -> 6.7257539 | M17: =2*G17/D17 -> 2.7438619 | N17: =2*H17/E17 -> 6.3334873 | O17: =2*H17/F17 -> 3.0938168 | P17: =J17*N17^2 -> 258.08504 | Q17: =J17*O17^2 -> 61.583762 | R17: =3*Q17+S17-T17 -> 284.37315 | S17: =P17-Q17-T17 -> 148.06157 | T17: =J17*M17^2 -> 48.439708 | U17: =-3*$AI$11*((1-2*K17)^2.5)*(1+1.5*(4-$AI$12)*K17)*K17 -> 9.5336952 | V17: =((1-2*K17)^3.5)*($AI$4-$AI$14*K17)+3*U17 -> 284.45709 | W17: =((1-2*K17)^3.5)*($AI$5-$AI$15*K17)+1*U17 -> 147.92844 | X17: =((1-2*K17)^3.5)*($AI$6-$AI$16*K17)+1*U17 -> 48.435778 | Y17: =U17-B17 -> -0.022139969 | Z17: =V17-R17 -> 0.083937468 | AA17: =W17-S17 -> -0.13313631 | AB17: =X17-T17 -> -0.0039295547 | AC17: =IF(AND(A17>=CutoffLowBar,A17<=CutoffOilBar),Y17^2+Z17^2+AA17^2+AB17^2,0) -> 0.025276396 | AD17: =(V17+2*W17)/3 -> 193.43799 | AE17: =(V17-W17+3*X17)/5 -> 56.367197 | AF17: =5*(V17-W17)*X17/(3*(V17-W17)+4*X17) -> 54.80319 | AG17: =(AE17+AF17)/2 -> 55.585193
A18: =Align!A18 -> 420 | B18: =Align!B18 -> 10.115411 | C18: =Align!C18 -> 0.20474572 | D18: =Align!D18 -> 0.50323365 | E18: =Align!F18 -> 0.1875096 | F18: =Align!G18 -> 0.38418916 | G18: 0.69066194 | H18: =G18*Lfin_111/Lfin_100 -> 0.59549971 | I18: =($G$4/G18)^3 -> 1.0590621 | J18: =rho_100*I18 -> 6.4496879 | K18: =0.5*(1-I18^(2/3)) -> -0.019498475 | L18: =2*G18/C18 -> 6.7465336 | M18: =2*G18/D18 -> 2.7448957 | N18: =2*H18/E18 -> 6.3516716 | O18: =2*H18/F18 -> 3.1000339 | P18: =J18*N18^2 -> 260.20448 | Q18: =J18*O18^2 -> 61.982858 | R18: =3*Q18+S18-T18 -> 286.98047 | S18: =P18-Q18-T18 -> 149.62676 | T18: =J18*M18^2 -> 48.594867 | U18: =-3*$AI$11*((1-2*K18)^2.5)*(1+1.5*(4-$AI$12)*K18)*K18 -> 10.008869 | V18: =((1-2*K18)^3.5)*($AI$4-$AI$14*K18)+3*U18 -> 287.12343 | W18: =((1-2*K18)^3.5)*($AI$5-$AI$15*K18)+1*U18 -> 149.41873 | X18: =((1-2*K18)^3.5)*($AI$6-$AI$16*K18)+1*U18 -> 48.480422 | Y18: =U18-B18 -> -0.10654176 | Z18: =V18-R18 -> 0.14296273 | AA18: =W18-S18 -> -0.20802449 | AB18: =X18-T18 -> -0.11444525 | AC18: =IF(AND(A18>=CutoffLowBar,A18<=CutoffOilBar),Y18^2+Z18^2+AA18^2+AB18^2,0) -> 0.088161394 | AD18: =(V18+2*W18)/3 -> 195.3203 | AE18: =(V18-W18+3*X18)/5 -> 56.629192 | AF18: =5*(V18-W18)*X18/(3*(V18-W18)+4*X18) -> 54.988371 | AG18: =(AE18+AF18)/2 -> 55.808782 | AH18: OBJECTIVE (misfit) | AI18: =SUM(AC4:AC25) -> 0.63238467
A19: =Align!A19 -> 450 | B19: =Align!B19 -> 10.631943 | C19: =Align!C19 -> 0.20394572 | D19: =Align!D19 -> 0.50443365 | E19: =Align!F19 -> 0.18689359 | F19: =Align!G19 -> 0.38320738 | G19: 0.69328571 | H19: =G19*Lfin_111/Lfin_100 -> 0.59776197 | I19: =($G$4/G19)^3 -> 1.0470833 | J19: =rho_100*I19 -> 6.3767372 | K19: =0.5*(1-I19^(2/3)) -> -0.015573777 | L19: =2*G19/C19 -> 6.7987278 | M19: =2*G19/D19 -> 2.7487687 | N19: =2*H19/E19 -> 6.3968164 | O19: =2*H19/F19 -> 3.1197832 | P19: =J19*N19^2 -> 260.93136 | Q19: =J19*O19^2 -> 62.065083 | R19: =3*Q19+S19-T19 -> 288.69973 | S19: =P19-Q19-T19 -> 150.68538 | T19: =J19*M19^2 -> 48.180901 | U19: =-3*$AI$11*((1-2*K19)^2.5)*(1+1.5*(4-$AI$12)*K19)*K19 -> 7.8364805 | V19: =((1-2*K19)^3.5)*($AI$4-$AI$14*K19)+3*U19 -> 274.87855 | W19: =((1-2*K19)^3.5)*($AI$5-$AI$15*K19)+1*U19 -> 142.58522 | X19: =((1-2*K19)^3.5)*($AI$6-$AI$16*K19)+1*U19 -> 48.250808 | Y19: =U19-B19 -> -2.7954623 | Z19: =V19-R19 -> -13.821182 | AA19: =W19-S19 -> -8.1001571 | AB19: =X19-T19 -> 0.069907633 | AC19: =IF(AND(A19>=CutoffLowBar,A19<=CutoffOilBar),Y19^2+Z19^2+AA19^2+AB19^2,0) -> 0 | AD19: =(V19+2*W19)/3 -> 186.683 | AE19: =(V19-W19+3*X19)/5 -> 55.40915 | AF19: =5*(V19-W19)*X19/(3*(V19-W19)+4*X19) -> 54.106133 | AG19: =(AE19+AF19)/2 -> 54.757641
A20: =Align!A20 -> 480 | B20: =Align!B20 -> 10.933253 | C20: =Align!C20 -> 0.20334572 | D20: =Align!D20 -> 0.50523365 | E20: =Align!F20 -> 0.18654301 | F20: =Align!G20 -> 0.38264355 | G20: 0.69257143 | H20: =G20*Lfin_111/Lfin_100 -> 0.5971461 | I20: =($G$4/G20)^3 -> 1.0503264 | J20: =rho_100*I20 -> 6.3964875 | K20: =0.5*(1-I20^(2/3)) -> -0.016637802 | L20: =2*G20/C20 -> 6.811763 | M20: =2*G20/D20 -> 2.7415887 | N20: =2*H20/E20 -> 6.4022352 | O20: =2*H20/F20 -> 3.1211612 | P20: =J20*N20^2 -> 262.18317 | Q20: =J20*O20^2 -> 62.312325 | R20: =3*Q20+S20-T20 -> 290.65187 | S20: =P20-Q20-T20 -> 151.79287 | T20: =J20*M20^2 -> 48.077974 | U20: =-3*$AI$11*((1-2*K20)^2.5)*(1+1.5*(4-$AI$12)*K20)*K20 -> 8.417369 | V20: =((1-2*K20)^3.5)*($AI$4-$AI$14*K20)+3*U20 -> 278.16676 | W20: =((1-2*K20)^3.5)*($AI$5-$AI$15*K20)+1*U20 -> 144.41763 | X20: =((1-2*K20)^3.5)*($AI$6-$AI$16*K20)+1*U20 -> 48.318679 | Y20: =U20-B20 -> -2.5158839 | Z20: =V20-R20 -> -12.485107 | AA20: =W20-S20 -> -7.3752431 | AB20: =X20-T20 -> 0.24070459 | AC20: =IF(AND(A20>=CutoffLowBar,A20<=CutoffOilBar),Y20^2+Z20^2+AA20^2+AB20^2,0) -> 0 | AD20: =(V20+2*W20)/3 -> 189.00067 | AE20: =(V20-W20+3*X20)/5 -> 55.741035 | AF20: =5*(V20-W20)*X20/(3*(V20-W20)+4*X20) -> 54.35106 | AG20: =(AE20+AF20)/2 -> 55.046048
A21: =Align!A21 -> 510 | B21: =Align!B21 -> 11.148474 | C21: =Align!C21 -> 0.20234572 | D21: =Align!D21 -> 0.50563365 | E21: =Align!F21 -> 0.18629574 | F21: =Align!G21 -> 0.38224488 | G21: 0.69185714 | H21: =G21*Lfin_111/Lfin_100 -> 0.59653024 | I21: =($G$4/G21)^3 -> 1.0535828 | J21: =rho_100*I21 -> 6.4163195 | K21: =0.5*(1-I21^(2/3)) -> -0.017705125 | L21: =2*G21/C21 -> 6.838367 | M21: =2*G21/D21 -> 2.7365946 | N21: =2*H21/E21 -> 6.4041211 | O21: =2*H21/F21 -> 3.1211941 | P21: =J21*N21^2 -> 263.15102 | Q21: =J21*O21^2 -> 62.506841 | R21: =3*Q21+S21-T21 -> 292.06171 | S21: =P21-Q21-T21 -> 152.59268 | T21: =J21*M21^2 -> 48.051495 | U21: =-3*$AI$11*((1-2*K21)^2.5)*(1+1.5*(4-$AI$12)*K21)*K21 -> 9.0060703 | V21: =((1-2*K21)^3.5)*($AI$4-$AI$14*K21)+3*U21 -> 281.48866 | W21: =((1-2*K21)^3.5)*($AI$5-$AI$15*K21)+1*U21 -> 146.27078 | X21: =((1-2*K21)^3.5)*($AI$6-$AI$16*K21)+1*U21 -> 48.38259 | Y21: =U21-B21 -> -2.1424041 | Z21: =V21-R21 -> -10.573054 | AA21: =W21-S21 -> -6.3218994 | AB21: =X21-T21 -> 0.33109575 | AC21: =IF(AND(A21>=CutoffLowBar,A21<=CutoffOilBar),Y21^2+Z21^2+AA21^2+AB21^2,0) -> 0 | AD21: =(V21+2*W21)/3 -> 191.34341 | AE21: =(V21-W21+3*X21)/5 -> 56.073129 | AF21: =5*(V21-W21)*X21/(3*(V21-W21)+4*X21) -> 54.592506 | AG21: =(AE21+AF21)/2 -> 55.332817
A22: =Align!A22 -> 540 | B22: =Align!B22 -> 11.535873 | C22: =Align!C22 -> 0.20174572 | D22: =Align!D22 -> 0.50523365 | E22: =Align!F22 -> 0.18585489 | F22: =Align!G22 -> 0.38153599 | G22: 0.69114286 | H22: =G22*Lfin_111/Lfin_100 -> 0.59591437 | I22: =($G$4/G22)^3 -> 1.0568528 | J22: =rho_100*I22 -> 6.4362336 | K22: =0.5*(1-I22^(2/3)) -> -0.018775759 | L22: =2*G22/C22 -> 6.8516235 | M22: =2*G22/D22 -> 2.7359336 | N22: =2*H22/E22 -> 6.4126842 | O22: =2*H22/F22 -> 3.1237649 | P22: =J22*N22^2 -> 264.67414 | Q22: =J22*O22^2 -> 62.80417 | R22: =3*Q22+S22-T22 -> 293.92778 | S22: =P22-Q22-T22 -> 153.69262 | T22: =J22*M22^2 -> 48.17735 | U22: =-3*$AI$11*((1-2*K22)^2.5)*(1+1.5*(4-$AI$12)*K22)*K22 -> 9.6026788 | V22: =((1-2*K22)^3.5)*($AI$4-$AI$14*K22)+3*U22 -> 284.84458 | W22: =((1-2*K22)^3.5)*($AI$5-$AI$15*K22)+1*U22 -> 148.14494 | X22: =((1-2*K22)^3.5)*($AI$6-$AI$16*K22)+1*U22 -> 48.44245 | Y22: =U22-B22 -> -1.9331944 | Z22: =V22-R22 -> -9.0831933 | AA22: =W22-S22 -> -5.5476767 | AB22: =X22-T22 -> 0.26509978 | AC22: =IF(AND(A22>=CutoffLowBar,A22<=CutoffOilBar),Y22^2+Z22^2+AA22^2+AB22^2,0) -> 0 | AD22: =(V22+2*W22)/3 -> 193.71149 | AE22: =(V22-W22+3*X22)/5 -> 56.405398 | AF22: =5*(V22-W22)*X22/(3*(V22-W22)+4*X22) -> 54.83034 | AG22: =(AE22+AF22)/2 -> 55.617869
A23: =Align!A23 -> 570 | B23: =Align!B23 -> 12.052405 | C23: =Align!C23 -> 0.20094572 | D23: =Align!D23 -> 0.50583365 | E23: =Align!F23 -> 0.18526701 | F23: =Align!G23 -> 0.38060856 | G23: 0.69042857 | H23: =G23*Lfin_111/Lfin_100 -> 0.5952985 | I23: =($G$4/G23)^3 -> 1.0601363 | J23: =rho_100*I23 -> 6.4562302 | K23: =0.5*(1-I23^(2/3)) -> -0.019849718 | L23: =2*G23/C23 -> 6.8717918 | M23: =2*G23/D23 -> 2.7298642 | N23: =2*H23/E23 -> 6.4263842 | O23: =2*H23/F23 -> 3.1281403 | P23: =J23*N23^2 -> 266.63207 | Q23: =J23*O23^2 -> 63.175904 | R23: =3*Q23+S23-T23 -> 296.75817 | S23: =P23-Q23-T23 -> 155.34331 | T23: =J23*M23^2 -> 48.112849 | U23: =-3*$AI$11*((1-2*K23)^2.5)*(1+1.5*(4-$AI$12)*K23)*K23 -> 10.20729 | V23: =((1-2*K23)^3.5)*($AI$4-$AI$14*K23)+3*U23 -> 288.23489 | W23: =((1-2*K23)^3.5)*($AI$5-$AI$15*K23)+1*U23 -> 150.04034 | X23: =((1-2*K23)^3.5)*($AI$6-$AI$16*K23)+1*U23 -> 48.498161 | Y23: =U23-B23 -> -1.8451151 | Z23: =V23-R23 -> -8.523283 | AA23: =W23-S23 -> -5.3029751 | AB23: =X23-T23 -> 0.38531183 | AC23: =IF(AND(A23>=CutoffLowBar,A23<=CutoffOilBar),Y23^2+Z23^2+AA23^2+AB23^2,0) -> 0 | AD23: =(V23+2*W23)/3 -> 196.10519 | AE23: =(V23-W23+3*X23)/5 -> 56.737808 | AF23: =5*(V23-W23)*X23/(3*(V23-W23)+4*X23) -> 55.064432 | AG23: =(AE23+AF23)/2 -> 55.90112
A24: =Align!A24 -> 600 | B24: =Align!B24 -> 12.310671 | C24: =Align!C24 -> 0.20034572 | D24: =Align!D24 -> 0.50703365 | E24: =Align!F24 -> 0.18496783 | F24: =Align!G24 -> 0.38015232 | G24: 0.68971429 | H24: =G24*Lfin_111/Lfin_100 -> 0.59468263 | I24: =($G$4/G24)^3 -> 1.0634334 | J24: =rho_100*I24 -> 6.4763097 | K24: =0.5*(1-I24^(2/3)) -> -0.020927014 | L24: =2*G24/C24 -> 6.885241 | M24: =2*G24/D24 -> 2.7205859 | N24: =2*H24/E24 -> 6.4301195 | O24: =2*H24/F24 -> 3.1286545 | P24: =J24*N24^2 -> 267.77233 | Q24: =J24*O24^2 -> 63.393221 | R24: =3*Q24+S24-T24 -> 298.68883 | S24: =P24-Q24-T24 -> 156.44414 | T24: =J24*M24^2 -> 47.934972 | U24: =-3*$AI$11*((1-2*K24)^2.5)*(1+1.5*(4-$AI$12)*K24)*K24 -> 10.82 | V24: =((1-2*K24)^3.5)*($AI$4-$AI$14*K24)+3*U24 -> 291.65995 | W24: =((1-2*K24)^3.5)*($AI$5-$AI$15*K24)+1*U24 -> 151.95722 | X24: =((1-2*K24)^3.5)*($AI$6-$AI$16*K24)+1*U24 -> 48.549628 | Y24: =U24-B24 -> -1.4906709 | Z24: =V24-R24 -> -7.0288807 | AA24: =W24-S24 -> -4.4869128 | AB24: =X24-T24 -> 0.61465581 | AC24: =IF(AND(A24>=CutoffLowBar,A24<=CutoffOilBar),Y24^2+Z24^2+AA24^2+AB24^2,0) -> 0 | AD24: =(V24+2*W24)/3 -> 198.5248 | AE24: =(V24-W24+3*X24)/5 -> 57.070321 | AF24: =5*(V24-W24)*X24/(3*(V24-W24)+4*X24) -> 55.294646 | AG24: =(AE24+AF24)/2 -> 56.182484
A25: =Align!A25 -> 630 | B25: =Align!B25 -> 12.482848 | C25: =Align!C25 -> 0.19974572 | D25: =Align!D25 -> 0.50683365 | E25: =Align!F25 -> 0.1847644 | F25: =Align!G25 -> 0.37985075 | G25: 0.689 | H25: =G25*Lfin_111/Lfin_100 -> 0.59406676 | I25: =($G$4/G25)^3 -> 1.0667443 | J25: =rho_100*I25 -> 6.4964725 | K25: =0.5*(1-I25^(2/3)) -> -0.022007663 | L25: =2*G25/C25 -> 6.8987711 | M25: =2*G25/D25 -> 2.7188408 | N25: =2*H25/E25 -> 6.4305329 | O25: =2*H25/F25 -> 3.1278957 | P25: =J25*N25^2 -> 268.64053 | Q25: =J25*O25^2 -> 63.559742 | R25: =3*Q25+S25-T25 -> 299.71492 | S25: =P25-Q25-T25 -> 157.05824 | T25: =J25*M25^2 -> 48.022544 | U25: =-3*$AI$11*((1-2*K25)^2.5)*(1+1.5*(4-$AI$12)*K25)*K25 -> 11.440907 | V25: =((1-2*K25)^3.5)*($AI$4-$AI$14*K25)+3*U25 -> 295.12011 | W25: =((1-2*K25)^3.5)*($AI$5-$AI$15*K25)+1*U25 -> 153.89585 | X25: =((1-2*K25)^3.5)*($AI$6-$AI$16*K25)+1*U25 -> 48.596751 | Y25: =U25-B25 -> -1.0419412 | Z25: =V25-R25 -> -4.5948158 | AA25: =W25-S25 -> -3.1623921 | AB25: =X25-T25 -> 0.57420722 | AC25: =IF(AND(A25>=CutoffLowBar,A25<=CutoffOilBar),Y25^2+Z25^2+AA25^2+AB25^2,0) -> 0 | AD25: =(V25+2*W25)/3 -> 200.9706 | AE25: =(V25-W25+3*X25)/5 -> 57.402902 | AF25: =5*(V25-W25)*X25/(3*(V25-W25)+4*X25) -> 55.520844 | AG25: =(AE25+AF25)/2 -> 56.461873

Sheet Cook_NoVs111
A3: Oil bar | B3: P (GPa) | C3: tP100 | D3: tS100 | E3: tP111 | F3: tS111 | G3: Vp100r | H3: Vs100r | I3: Vp111r | J3: Vs111r | K3: vcombo2 | L3: integrand | M3: trap | N3: Integral | O3: Cook L | P3: L111 | Q3: rho | R3: f | S3: Vp100 | T3: Vs100 | U3: Vp111 | V3: Vs111 | W3: rVp111^2 | X3: rVs111^2 | Y3: C11 exp | Z3: C12 exp | AA3: C44 exp | AB3: P_FS | AC3: C11 mod | AD3: C12 mod | AE3: C44 mod | AF3: dP | AG3: dC11 | AH3: dC12 | AI3: dC44 | AJ3: gated sq | AK3: K bulk | AL3: GV | AM3: GR | AN3: GH | AP3: FIT PARAMS | AS3: OUTPUTS
A4: =Align!A4 -> 0 | B4: =Align!B4 -> 0 | C4: =Align!C4 -> 0.22919993 | D4: =Align!D4 -> 0.51092692 | E4: =Align!F4 -> 0.20385318 | F4: =Align!G4 -> 0.41892602 | G4: =2*Lfin_100/C4 -> 6.1431082 | H4: =2*Lfin_100/D4 -> 2.7557757 | I4: =2*Lfin_111/E4 -> 5.9552664 | J4: =2*Lfin_111/F4 -> 2.8978863 | K4: =I4^2-(4/3)*H4^2 -> 25.339465 | L4: =4*Lfin_100^2/K4 -> 0.078236223 | M4: 0 | N4: 0 | O4: =Lfin_100/(1+N4*scal_100) -> 0.704 | P4: =O4*Lfin_111/Lfin_100 -> 0.607 | Q4: =rho_100*(Lfin_100/O4)^3 -> 6.09 | R4: =0.5*(1-(Lfin_100/O4)^2) -> 0 | S4: =2*O4/C4 -> 6.1431082 | T4: =2*O4/D4 -> 2.7557757 | U4: =2*P4/E4 -> 5.9552664 | V4: =2*P4/F4 -> 2.8978863 | W4: =Q4*U4^2 -> 215.98305 | X4: =Q4*V4^2 -> 51.142269 | Y4: =Q4*S4^2 -> 229.82307 | Z4: =1.5*W4-0.5*Y4-2*AA4 -> 116.56447 | AA4: =Q4*T4^2 -> 46.249286 | AB4: =-3*$AP$11*((1-2*R4)^2.5)*(1+1.5*(4-$AP$12)*R4)*R4 -> 0 | AC4: =((1-2*R4)^3.5)*($AP$4-$AP$14*R4)+3*AB4 -> 240.71785 | AD4: =((1-2*R4)^3.5)*($AP$5-$AP$15*R4)+1*AB4 -> 111.92081 | AE4: =((1-2*R4)^3.5)*($AP$6-$AP$16*R4)+1*AB4 -> 46.789339 | AF4: =AB4-B4 -> 0 | AG4: =AC4-Y4 -> 10.894784 | AH4: =AD4-Z4 -> -4.6436679 | AI4: =AE4-AA4 -> 0.54005291 | AJ4: =IF(AND(A4>=CutoffLowBar,A4<=CutoffOilBar),AF4^2+AG4^2+AH4^2+AI4^2,0) -> 0 | AK4: =(AC4+2*AD4)/3 -> 154.85316 | AL4: =(AC4-AD4+3*AE4)/5 -> 53.833013 | AM4: =5*(AC4-AD4)*AE4/(3*(AC4-AD4)+4*AE4) -> 52.535477 | AN4: =(AL4+AM4)/2 -> 53.184245 | AO4: C11_0 | AP4: 240.71785 | AS4: C11_0 | AT4: =$AP$4 -> 240.71785
A5: =Align!A5 -> 30 | B5: =Align!B5 -> 0.12913291 | C5: =Align!C5 -> 0.22474572 | D5: =Align!D5 -> 0.50723365 | E5: =Align!F5 -> 0.20362287 | F5: =Align!G5 -> 0.41829834 | G5: =2*Lfin_100/C5 -> 6.2648579 | H5: =2*Lfin_100/D5 -> 2.7758411 | I5: =2*Lfin_111/E5 -> 5.9620023 | J5: =2*Lfin_111/F5 -> 2.9022348 | K5: =I5^2-(4/3)*H5^2 -> 25.271747 | L5: =4*Lfin_100^2/K5 -> 0.078445864 | M5: =0.5*(B5-B4)*(L5+L4) -> 0.010116407 | N5: =N4+M5 -> 0.010116407 | O5: =Lfin_100/(1+N5*scal_100) -> 0.70380009 | P5: =O5*Lfin_111/Lfin_100 -> 0.60682763 | Q5: =rho_100*(Lfin_100/O5)^3 -> 6.095191 | R5: =0.5*(1-(Lfin_100/O5)^2) -> -0.0002840887 | S5: =2*O5/C5 -> 6.2630789 | T5: =2*O5/D5 -> 2.7750528 | U5: =2*P5/E5 -> 5.9603093 | V5: =2*P5/F5 -> 2.9014107 | W5: =Q5*U5^2 -> 216.53341 | X5: =Q5*V5^2 -> 51.310439 | Y5: =Q5*S5^2 -> 239.09092 | Z5: =1.5*W5-0.5*Y5-2*AA5 -> 111.37752 | AA5: =Q5*T5^2 -> 46.938568 | AB5: =-3*$AP$11*((1-2*R5)^2.5)*(1+1.5*(4-$AP$12)*R5)*R5 -> 0.13216877 | AC5: =((1-2*R5)^3.5)*($AP$4-$AP$14*R5)+3*AB5 -> 241.43037 | AD5: =((1-2*R5)^3.5)*($AP$5-$AP$15*R5)+1*AB5 -> 112.3753 | AE5: =((1-2*R5)^3.5)*($AP$6-$AP$16*R5)+1*AB5 -> 46.822988 | AF5: =AB5-B5 -> 0.0030358645 | AG5: =AC5-Y5 -> 2.3394509 | AH5: =AD5-Z5 -> 0.99778141 | AI5: =AE5-AA5 -> -0.11558012 | AJ5: =IF(AND(A5>=CutoffLowBar,A5<=CutoffOilBar),AF5^2+AG5^2+AH5^2+AI5^2,0) -> 0 | AK5: =(AC5+2*AD5)/3 -> 155.39366 | AL5: =(AC5-AD5+3*AE5)/5 -> 53.904807 | AM5: =5*(AC5-AD5)*AE5/(3*(AC5-AD5)+4*AE5) -> 52.595253 | AN5: =(AL5+AM5)/2 -> 53.25003 | AO5: C12_0 | AP5: 111.92081 | AS5: C12_0 | AT5: =$AP$5 -> 111.92081
A6: =Align!A6 -> 60 | B6: =Align!B6 -> 1.6356835 | C6: =Align!C6 -> 0.22094572 | D6: =Align!D6 -> 0.50583365 | E6: =Align!F6 -> 0.20069823 | F6: =Align!G6 -> 0.41052794 | G6: =2*Lfin_100/C6 -> 6.3726059 | H6: =2*Lfin_100/D6 -> 2.7835238 | I6: =2*Lfin_111/E6 -> 6.0488825 | J6: =2*Lfin_111/F6 -> 2.9571678 | K6: =I6^2-(4/3)*H6^2 -> 26.258306 | L6: =4*Lfin_100^2/K6 -> 0.075498549 | M6: =0.5*(B6-B5)*(L6+L5) -> 0.11596252 | N6: =N5+M6 -> 0.12607893 | O6: =Lfin_100/(1+N6*scal_100) -> 0.7015166 | P6: =O6*Lfin_111/Lfin_100 -> 0.60485877 | Q6: =rho_100*(Lfin_100/O6)^3 -> 6.1549058 | R6: =0.5*(1-(Lfin_100/O6)^2) -> -0.0035463087 | S6: =2*O6/C6 -> 6.3501262 | T6: =2*O6/D6 -> 2.7737048 | U6: =2*P6/E6 -> 6.0275447 | V6: =2*P6/F6 -> 2.9467362 | W6: =Q6*U6^2 -> 223.6157 | X6: =Q6*V6^2 -> 53.444612 | Y6: =Q6*S6^2 -> 248.19105 | Z6: =1.5*W6-0.5*Y6-2*AA6 -> 116.62325 | AA6: =Q6*T6^2 -> 47.352387 | AB6: =-3*$AP$11*((1-2*R6)^2.5)*(1+1.5*(4-$AP$12)*R6)*R6 -> 1.6776524 | AC6: =((1-2*R6)^3.5)*($AP$4-$AP$14*R6)+3*AB6 -> 249.69771 | AD6: =((1-2*R6)^3.5)*($AP$5-$AP$15*R6)+1*AB6 -> 117.67344 | AE6: =((1-2*R6)^3.5)*($AP$6-$AP$16*R6)+1*AB6 -> 47.191623 | AF6: =AB6-B6 -> 0.041968921 | AG6: =AC6-Y6 -> 1.5066566 | AH6: =AD6-Z6 -> 1.0501933 | AI6: =AE6-AA6 -> -0.16076421 | AJ6: =IF(AND(A6>=CutoffLowBar,A6<=CutoffOilBar),AF6^2+AG6^2+AH6^2+AI6^2,0) -> 0 | AK6: =(AC6+2*AD6)/3 -> 161.68153 | AL6: =(AC6-AD6+3*AE6)/5 -> 54.719828 | AM6: =5*(AC6-AD6)*AE6/(3*(AC6-AD6)+4*AE6) -> 53.266253 | AN6: =(AL6+AM6)/2 -> 53.99304 | AO6: C44_0 | AP6: 46.789339 | AS6: C44_0 | AT6: =$AP$6 -> 46.789339
A7: =Align!A7 -> 90 | B7: =Align!B7 -> 2.4965696 | C7: =Align!C7 -> 0.21874572 | D7: =Align!D7 -> 0.50583365 | E7: =Align!F7 -> 0.19901985 | F7: =Align!G7 -> 0.40624126 | G7: =2*Lfin_100/C7 -> 6.4366974 | H7: =2*Lfin_100/D7 -> 2.7835238 | I7: =2*Lfin_111/E7 -> 6.0998942 | J7: =2*Lfin_111/F7 -> 2.988372 | K7: =I7^2-(4/3)*H7^2 -> 26.878036 | L7: =4*Lfin_100^2/K7 -> 0.073757771 | M7: =0.5*(B7-B6)*(L7+L6) -> 0.064246342 | N7: =N6+M7 -> 0.19032527 | O7: =Lfin_100/(1+N7*scal_100) -> 0.70025786 | P7: =O7*Lfin_111/Lfin_100 -> 0.60377346 | Q7: =rho_100*(Lfin_100/O7)^3 -> 6.1881567 | R7: =0.5*(1-(Lfin_100/O7)^2) -> -0.0053582297 | S7: =2*O7/C7 -> 6.4024828 | T7: =2*O7/D7 -> 2.7687279 | U7: =2*P7/E7 -> 6.0674699 | V7: =2*P7/F7 -> 2.9724872 | W7: =Q7*U7^2 -> 227.81198 | X7: =Q7*V7^2 -> 54.676572 | Y7: =Q7*S7^2 -> 253.66359 | Z7: =1.5*W7-0.5*Y7-2*AA7 -> 120.01116 | AA7: =Q7*T7^2 -> 47.437505 | AB7: =-3*$AP$11*((1-2*R7)^2.5)*(1+1.5*(4-$AP$12)*R7)*R7 -> 2.5583158 | AC7: =((1-2*R7)^3.5)*($AP$4-$AP$14*R7)+3*AB7 -> 254.35776 | AD7: =((1-2*R7)^3.5)*($AP$5-$AP$15*R7)+1*AB7 -> 120.67964 | AE7: =((1-2*R7)^3.5)*($AP$6-$AP$16*R7)+1*AB7 -> 47.381904 | AF7: =AB7-B7 -> 0.061746274 | AG7: =AC7-Y7 -> 0.69416896 | AH7: =AD7-Z7 -> 0.6684735 | AI7: =AE7-AA7 -> -0.055601712 | AJ7: =IF(AND(A7>=CutoffLowBar,A7<=CutoffOilBar),AF7^2+AG7^2+AH7^2+AI7^2,0) -> 0 | AK7: =(AC7+2*AD7)/3 -> 165.23901 | AL7: =(AC7-AD7+3*AE7)/5 -> 55.164767 | AM7: =5*(AC7-AD7)*AE7/(3*(AC7-AD7)+4*AE7) -> 53.626242 | AN7: =(AL7+AM7)/2 -> 54.395505 | AO7: C11' | AP7: 5.3943352 | AS7: C11' | AT7: =$AP$7 -> 5.3943352
A8: =Align!A8 -> 120 | B8: =Align!B8 -> 3.4435442 | C8: =Align!C8 -> 0.21654572 | D8: =Align!D8 -> 0.50523365 | E8: =Align!F8 -> 0.19727344 | F8: =Align!G8 -> 0.40198653 | G8: =2*Lfin_100/C8 -> 6.5020911 | H8: =2*Lfin_100/D8 -> 2.7868294 | I8: =2*Lfin_111/E8 -> 6.1538947 | J8: =2*Lfin_111/F8 -> 3.0200017 | K8: =I8^2-(4/3)*H8^2 -> 27.515196 | L8: =4*Lfin_100^2/K8 -> 0.072049787 | M8: =0.5*(B8-B7)*(L8+L7) -> 0.069038031 | N8: =N7+M8 -> 0.2593633 | O8: =Lfin_100/(1+N8*scal_100) -> 0.69891026 | P8: =O8*Lfin_111/Lfin_100 -> 0.60261154 | Q8: =rho_100*(Lfin_100/O8)^3 -> 6.2240207 | R8: =0.5*(1-(Lfin_100/O8)^2) -> -0.0073089165 | S8: =2*O8/C8 -> 6.4550826 | T8: =2*O8/D8 -> 2.7666814 | U8: =2*P8/E8 -> 6.1094036 | V8: =2*P8/F8 -> 2.9981679 | W8: =Q8*U8^2 -> 232.3104 | X8: =Q8*V8^2 -> 55.947788 | Y8: =Q8*S8^2 -> 259.34306 | Z8: =1.5*W8-0.5*Y8-2*AA8 -> 123.51022 | AA8: =Q8*T8^2 -> 47.641927 | AB8: =-3*$AP$11*((1-2*R8)^2.5)*(1+1.5*(4-$AP$12)*R8)*R8 -> 3.5243943 | AC8: =((1-2*R8)^3.5)*($AP$4-$AP$14*R8)+3*AB8 -> 259.42941 | AD8: =((1-2*R8)^3.5)*($AP$5-$AP$15*R8)+1*AB8 -> 123.96736 | AE8: =((1-2*R8)^3.5)*($AP$6-$AP$16*R8)+1*AB8 -> 47.574828 | AF8: =AB8-B8 -> 0.080850063 | AG8: =AC8-Y8 -> 0.086341764 | AH8: =AD8-Z8 -> 0.45713682 | AI8: =AE8-AA8 -> -0.067098376 | AJ8: =IF(AND(A8>=CutoffLowBar,A8<=CutoffOilBar),AF8^2+AG8^2+AH8^2+AI8^2,0) -> 0.2274679 | AK8: =(AC8+2*AD8)/3 -> 169.12137 | AL8: =(AC8-AD8+3*AE8)/5 -> 55.637307 | AM8: =5*(AC8-AD8)*AE8/(3*(AC8-AD8)+4*AE8) -> 54.003191 | AN8: =(AL8+AM8)/2 -> 54.820249 | AO8: C12' | AP8: 3.4396087 | AS8: C12' | AT8: =$AP$8 -> 3.4396087
A9: =Align!A9 -> 150 | B9: =Align!B9 -> 4.4335632 | C9: =Align!C9 -> 0.21474572 | D9: =Align!D9 -> 0.50523365 | E9: =Align!F9 -> 0.19557829 | F9: =Align!G9 -> 0.39814914 | G9: =2*Lfin_100/C9 -> 6.5565917 | H9: =2*Lfin_100/D9 -> 2.7868294 | I9: =2*Lfin_111/E9 -> 6.2072328 | J9: =2*Lfin_111/F9 -> 3.0491087 | K9: =I9^2-(4/3)*H9^2 -> 28.174515 | L9: =4*Lfin_100^2/K9 -> 0.070363732 | M9: =0.5*(B9-B8)*(L9+L8) -> 0.070496042 | N9: =N8+M9 -> 0.32985935 | O9: =Lfin_100/(1+N9*scal_100) -> 0.69753954 | P9: =O9*Lfin_111/Lfin_100 -> 0.60142969 | Q9: =rho_100*(Lfin_100/O9)^3 -> 6.2607849 | R9: =0.5*(1-(Lfin_100/O9)^2) -> -0.0093046773 | S9: =2*O9/C9 -> 6.4964232 | T9: =2*O9/D9 -> 2.7612553 | U9: =2*P9/E9 -> 6.1502703 | V9: =2*P9/F9 -> 3.0211277 | W9: =Q9*U9^2 -> 236.81935 | X9: =Q9*V9^2 -> 57.143513 | Y9: =Q9*S9^2 -> 264.22712 | Z9: =1.5*W9-0.5*Y9-2*AA9 -> 127.64438 | AA9: =Q9*T9^2 -> 47.735547 | AB9: =-3*$AP$11*((1-2*R9)^2.5)*(1+1.5*(4-$AP$12)*R9)*R9 -> 4.5322529 | AC9: =((1-2*R9)^3.5)*($AP$4-$AP$14*R9)+3*AB9 -> 264.67719 | AD9: =((1-2*R9)^3.5)*($AP$5-$AP$15*R9)+1*AB9 -> 127.38664 | AE9: =((1-2*R9)^3.5)*($AP$6-$AP$16*R9)+1*AB9 -> 47.759074 | AF9: =AB9-B9 -> 0.098689749 | AG9: =AC9-Y9 -> 0.45006082 | AH9: =AD9-Z9 -> -0.25774006 | AI9: =AE9-AA9 -> 0.023527384 | AJ9: =IF(AND(A9>=CutoffLowBar,A9<=CutoffOilBar),AF9^2+AG9^2+AH9^2+AI9^2,0) -> 0.27927789 | AK9: =(AC9+2*AD9)/3 -> 173.15015 | AL9: =(AC9-AD9+3*AE9)/5 -> 56.113554 | AM9: =5*(AC9-AD9)*AE9/(3*(AC9-AD9)+4*AE9) -> 54.377037 | AN9: =(AL9+AM9)/2 -> 55.245296 | AO9: C44' | AP9: 0.255884 | AS9: C44' | AT9: =$AP$9 -> 0.255884
A10: =Align!A10 -> 180 | B10: =Align!B10 -> 5.122272 | C10: =Align!C10 -> 0.21334572 | D10: =Align!D10 -> 0.50523365 | E10: =Align!F10 -> 0.19446957 | F10: =Align!G10 -> 0.39583686 | G10: =2*Lfin_100/C10 -> 6.5996168 | H10: =2*Lfin_100/D10 -> 2.7868294 | I10: =2*Lfin_111/E10 -> 6.2426221 | J10: =2*Lfin_111/F10 -> 3.06692 | K10: =I10^2-(4/3)*H10^2 -> 28.615106 | L10: =4*Lfin_100^2/K10 -> 0.069280331 | M10: =0.5*(B10-B9)*(L10+L9) -> 0.04808705 | N10: =N9+M10 -> 0.3779464 | O10: =Lfin_100/(1+N10*scal_100) -> 0.69660762 | P10: =O10*Lfin_111/Lfin_100 -> 0.60062617 | Q10: =rho_100*(Lfin_100/O10)^3 -> 6.2859455 | R10: =0.5*(1-(Lfin_100/O10)^2) -> -0.010668282 | S10: =2*O10/C10 -> 6.5303172 | T10: =2*O10/D10 -> 2.7575662 | U10: =2*P10/E10 -> 6.1770712 | V10: =2*P10/F10 -> 3.0347157 | W10: =Q10*U10^2 -> 239.84784 | X10: =Q10*V10^2 -> 57.890411 | Y10: =Q10*S10^2 -> 268.06442 | Z10: =1.5*W10-0.5*Y10-2*AA10 -> 130.14074 | AA10: =Q10*T10^2 -> 47.799407 | AB10: =-3*$AP$11*((1-2*R10)^2.5)*(1+1.5*(4-$AP$12)*R10)*R10 -> 5.2322831 | AC10: =((1-2*R10)^3.5)*($AP$4-$AP$14*R10)+3*AB10 -> 268.29715 | AD10: =((1-2*R10)^3.5)*($AP$5-$AP$15*R10)+1*AB10 -> 129.75549 | AE10: =((1-2*R10)^3.5)*($AP$6-$AP$16*R10)+1*AB10 -> 47.877138 | AF10: =AB10-B10 -> 0.11001104 | AG10: =AC10-Y10 -> 0.23273004 | AH10: =AD10-Z10 -> -0.38525665 | AI10: =AE10-AA10 -> 0.077730368 | AJ10: =IF(AND(A10>=CutoffLowBar,A10<=CutoffOilBar),AF10^2+AG10^2+AH10^2+AI10^2,0) -> 0.22073039 | AK10: =(AC10+2*AD10)/3 -> 175.93604 | AL10: =(AC10-AD10+3*AE10)/5 -> 56.434615 | AM10: =5*(AC10-AD10)*AE10/(3*(AC10-AD10)+4*AE10) -> 54.625365 | AN10: =(AL10+AM10)/2 -> 55.52999 | AS10: K0 | AT10: =$AP$11 -> 154.85316
A11: =Align!A11 -> 210 | B11: =Align!B11 -> 5.7679366 | C11: =Align!C11 -> 0.21174572 | D11: =Align!D11 -> 0.50423365 | E11: =Align!F11 -> 0.19347267 | F11: =Align!G11 -> 0.39390328 | G11: =2*Lfin_100/C11 -> 6.6494851 | H11: =2*Lfin_100/D11 -> 2.7923563 | I11: =2*Lfin_111/E11 -> 6.2747882 | J11: =2*Lfin_111/F11 -> 3.0819749 | K11: =I11^2-(4/3)*H11^2 -> 28.976629 | L11: =4*Lfin_100^2/K11 -> 0.068415964 | M11: =0.5*(B11-B10)*(L11+L10) -> 0.044452807 | N11: =N10+M11 -> 0.4223992 | O11: =Lfin_100/(1+N11*scal_100) -> 0.69574834 | P11: =O11*Lfin_111/Lfin_100 -> 0.59988529 | Q11: =rho_100*(Lfin_100/O11)^3 -> 6.3092645 | R11: =0.5*(1-(Lfin_100/O11)^2) -> -0.011930451 | S11: =2*O11/C11 -> 6.5715457 | T11: =2*O11/D11 -> 2.7596268 | U11: =2*P11/E11 -> 6.2012407 | V11: =2*P11/F11 -> 3.0458507 | W11: =Q11*U11^2 -> 242.62521 | X11: =Q11*V11^2 -> 58.532349 | Y11: =Q11*S11^2 -> 272.46693 | Z11: =1.5*W11-0.5*Y11-2*AA11 -> 131.60743 | AA11: =Q11*T11^2 -> 48.048456 | AB11: =-3*$AP$11*((1-2*R11)^2.5)*(1+1.5*(4-$AP$12)*R11)*R11 -> 5.8885544 | AC11: =((1-2*R11)^3.5)*($AP$4-$AP$14*R11)+3*AB11 -> 271.67282 | AD11: =((1-2*R11)^3.5)*($AP$5-$AP$15*R11)+1*AB11 -> 131.97192 | AE11: =((1-2*R11)^3.5)*($AP$6-$AP$16*R11)+1*AB11 -> 47.980644 | AF11: =AB11-B11 -> 0.12061779 | AG11: =AC11-Y11 -> -0.79411422 | AH11: =AD11-Z11 -> 0.36448714 | AI11: =AE11-AA11 -> -0.067812579 | AJ11: =IF(AND(A11>=CutoffLowBar,A11<=CutoffOilBar),AF11^2+AG11^2+AH11^2+AI11^2,0) -> 0.78261546 | AK11: =(AC11+2*AD11)/3 -> 178.53888 | AL11: =(AC11-AD11+3*AE11)/5 -> 56.728566 | AM11: =5*(AC11-AD11)*AE11/(3*(AC11-AD11)+4*AE11) -> 54.849933 | AN11: =(AL11+AM11)/2 -> 55.78925 | AO11: K0 | AP11: =($AP$4+2*$AP$5)/3 -> 154.85316 | AS11: K0' | AT11: =$AP$12 -> 4.0911842
A12: =Align!A12 -> 240 | B12: =Align!B12 -> 6.5857783 | C12: =Align!C12 -> 0.21074572 | D12: =Align!D12 -> 0.50423365 | E12: =Align!F12 -> 0.19225681 | F12: =Align!G12 -> 0.39172305 | G12: =2*Lfin_100/C12 -> 6.6810372 | H12: =2*Lfin_100/D12 -> 2.7923563 | I12: =2*Lfin_111/E12 -> 6.3144708 | J12: =2*Lfin_111/F12 -> 3.0991283 | K12: =I12^2-(4/3)*H12^2 -> 29.476204 | L12: =4*Lfin_100^2/K12 -> 0.067256422 | M12: =0.5*(B12-B11)*(L12+L11) -> 0.055479271 | N12: =N11+M12 -> 0.47787847 | O12: =Lfin_100/(1+N12*scal_100) -> 0.69467889 | P12: =O12*Lfin_111/Lfin_100 -> 0.59896319 | Q12: =rho_100*(Lfin_100/O12)^3 -> 6.3384484 | R12: =0.5*(1-(Lfin_100/O12)^2) -> -0.013507886 | S12: =2*O12/C12 -> 6.5925789 | T12: =2*O12/D12 -> 2.7553849 | U12: =2*P12/E12 -> 6.2308659 | V12: =2*P12/F12 -> 3.0580952 | W12: =Q12*U12^2 -> 246.08196 | X12: =Q12*V12^2 -> 59.276829 | Y12: =Q12*S12^2 -> 275.48226 | Z12: =1.5*W12-0.5*Y12-2*AA12 -> 135.13696 | AA12: =Q12*T12^2 -> 48.122426 | AB12: =-3*$AP$11*((1-2*R12)^2.5)*(1+1.5*(4-$AP$12)*R12)*R12 -> 6.7200596 | AC12: =((1-2*R12)^3.5)*($AP$4-$AP$14*R12)+3*AB12 -> 275.92553 | AD12: =((1-2*R12)^3.5)*($AP$5-$AP$15*R12)+1*AB12 -> 134.77436 | AE12: =((1-2*R12)^3.5)*($AP$6-$AP$16*R12)+1*AB12 -> 48.102054 | AF12: =AB12-B12 -> 0.1342813 | AG12: =AC12-Y12 -> 0.44327156 | AH12: =AD12-Z12 -> -0.36260001 | AI12: =AE12-AA12 -> -0.020371861 | AJ12: =IF(AND(A12>=CutoffLowBar,A12<=CutoffOilBar),AF12^2+AG12^2+AH12^2+AI12^2,0) -> 0.34641492 | AK12: =(AC12+2*AD12)/3 -> 181.82475 | AL12: =(AC12-AD12+3*AE12)/5 -> 57.091467 | AM12: =5*(AC12-AD12)*AE12/(3*(AC12-AD12)+4*AE12) -> 55.12326 | AN12: =(AL12+AM12)/2 -> 56.107364 | AO12: K0' | AP12: =($AP$7+2*$AP$8)/3 -> 4.0911842 | AS12: GV0 | AT12: =AL4 -> 53.833013
A13: =Align!A13 -> 270 | B13: =Align!B13 -> 7.2744872 | C13: =Align!C13 -> 0.20914572 | D13: =Align!D13 -> 0.50463365 | E13: =Align!F13 -> 0.19126642 | F13: =Align!G13 -> 0.39006856 | G13: =2*Lfin_100/C13 -> 6.7321483 | H13: =2*Lfin_100/D13 -> 2.7901429 | I13: =2*Lfin_111/E13 -> 6.3471675 | J13: =2*Lfin_111/F13 -> 3.1122734 | K13: =I13^2-(4/3)*H13^2 -> 29.906672 | L13: =4*Lfin_100^2/K13 -> 0.066288352 | M13: =0.5*(B13-B12)*(L13+L12) -> 0.045986733 | N13: =N12+M13 -> 0.52386521 | O13: =Lfin_100/(1+N13*scal_100) -> 0.69379491 | P13: =O13*Lfin_111/Lfin_100 -> 0.59820101 | Q13: =rho_100*(Lfin_100/O13)^3 -> 6.3627071 | R13: =0.5*(1-(Lfin_100/O13)^2) -> -0.01481726 | S13: =2*O13/C13 -> 6.63456 | T13: =2*O13/D13 -> 2.7496974 | U13: =2*P13/E13 -> 6.2551599 | V13: =2*P13/F13 -> 3.0671583 | W13: =Q13*U13^2 -> 248.9538 | X13: =Q13*V13^2 -> 59.856914 | Y13: =Q13*S13^2 -> 280.06974 | Z13: =1.5*W13-0.5*Y13-2*AA13 -> 137.18106 | AA13: =Q13*T13^2 -> 48.107384 | AB13: =-3*$AP$11*((1-2*R13)^2.5)*(1+1.5*(4-$AP$12)*R13)*R13 -> 7.4198687 | AC13: =((1-2*R13)^3.5)*($AP$4-$AP$14*R13)+3*AB13 -> 279.48422 | AD13: =((1-2*R13)^3.5)*($AP$5-$AP$15*R13)+1*AB13 -> 137.12809 | AE13: =((1-2*R13)^3.5)*($AP$6-$AP$16*R13)+1*AB13 -> 48.196005 | AF13: =AB13-B13 -> 0.14538154 | AG13: =AC13-Y13 -> -0.58551758 | AH13: =AD13-Z13 -> -0.052975614 | AI13: =AE13-AA13 -> 0.088621026 | AJ13: =IF(AND(A13>=CutoffLowBar,A13<=CutoffOilBar),AF13^2+AG13^2+AH13^2+AI13^2,0) -> 0.37462673 | AK13: =(AC13+2*AD13)/3 -> 184.58013 | AL13: =(AC13-AD13+3*AE13)/5 -> 57.38883 | AM13: =5*(AC13-AD13)*AE13/(3*(AC13-AD13)+4*AE13) -> 55.343794 | AN13: =(AL13+AM13)/2 -> 56.366312 | AS13: GR0 | AT13: =AM4 -> 52.535477
A14: =Align!A14 -> 300 | B14: =Align!B14 -> 7.8340631 | C14: =Align!C14 -> 0.20814572 | D14: =Align!D14 -> 0.50383365 | E14: =Align!F14 -> 0.19048251 | F14: =Align!G14 -> 0.3888151 | G14: =2*Lfin_100/C14 -> 6.7644917 | H14: =2*Lfin_100/D14 -> 2.7945732 | I14: =2*Lfin_111/E14 -> 6.3732885 | J14: =2*Lfin_111/F14 -> 3.1223067 | K14: =I14^2-(4/3)*H14^2 -> 30.205954 | L14: =4*Lfin_100^2/K14 -> 0.065631564 | M14: =0.5*(B14-B13)*(L14+L13) -> 0.036909605 | N14: =N13+M14 -> 0.56077481 | O14: =Lfin_100/(1+N14*scal_100) -> 0.69308705 | P14: =O14*Lfin_111/Lfin_100 -> 0.59759068 | Q14: =rho_100*(Lfin_100/O14)^3 -> 6.3822222 | R14: =0.5*(1-(Lfin_100/O14)^2) -> -0.015869388 | S14: =2*O14/C14 -> 6.6596329 | T14: =2*O14/D14 -> 2.7512535 | U14: =2*P14/E14 -> 6.2744939 | V14: =2*P14/F14 -> 3.0739067 | W14: =Q14*U14^2 -> 251.26345 | X14: =Q14*V14^2 -> 60.304996 | Y14: =Q14*S14^2 -> 283.05609 | Z14: =1.5*W14-0.5*Y14-2*AA14 -> 138.748 | AA14: =Q14*T14^2 -> 48.309567 | AB14: =-3*$AP$11*((1-2*R14)^2.5)*(1+1.5*(4-$AP$12)*R14)*R14 -> 7.9885419 | AC14: =((1-2*R14)^3.5)*($AP$4-$AP$14*R14)+3*AB14 -> 282.36265 | AD14: =((1-2*R14)^3.5)*($AP$5-$AP$15*R14)+1*AB14 -> 139.03761 | AE14: =((1-2*R14)^3.5)*($AP$6-$AP$16*R14)+1*AB14 -> 48.266934 | AF14: =AB14-B14 -> 0.15447879 | AG14: =AC14-Y14 -> -0.6934426 | AH14: =AD14-Z14 -> 0.28960503 | AI14: =AE14-AA14 -> -0.042633009 | AJ14: =IF(AND(A14>=CutoffLowBar,A14<=CutoffOilBar),AF14^2+AG14^2+AH14^2+AI14^2,0) -> 0.59041498 | AK14: =(AC14+2*AD14)/3 -> 186.81262 | AL14: =(AC14-AD14+3*AE14)/5 -> 57.625169 | AM14: =5*(AC14-AD14)*AE14/(3*(AC14-AD14)+4*AE14) -> 55.516729 | AN14: =(AL14+AM14)/2 -> 56.570949 | AO14: C11a | AP14: =3*$AP$11*($AP$7-3)-7*$AP$4 -> -572.7139 | AS14: GH0 (Hill) | AT14: =AN4 -> 53.184245
A15: =Align!A15 -> 330 | B15: =Align!B15 -> 8.5227719 | C15: =Align!C15 -> 0.20734572 | D15: =Align!D15 -> 0.50403365 | E15: =Align!F15 -> 0.1895445 | F15: =Align!G15 -> 0.3873536 | G15: =2*Lfin_100/C15 -> 6.7905911 | H15: =2*Lfin_100/D15 -> 2.7934643 | I15: =2*Lfin_111/E15 -> 6.4048283 | J15: =2*Lfin_111/F15 -> 3.1340873 | K15: =I15^2-(4/3)*H15^2 -> 30.617235 | L15: =4*Lfin_100^2/K15 -> 0.064749936 | M15: =0.5*(B15-B14)*(L15+L14) -> 0.044897446 | N15: =N14+M15 -> 0.60567226 | O15: =Lfin_100/(1+N15*scal_100) -> 0.69222793 | P15: =O15*Lfin_111/Lfin_100 -> 0.59684993 | Q15: =rho_100*(Lfin_100/O15)^3 -> 6.4060144 | R15: =0.5*(1-(Lfin_100/O15)^2) -> -0.017150662 | S15: =2*O15/C15 -> 6.6770409 | T15: =2*O15/D15 -> 2.7467529 | U15: =2*P15/E15 -> 6.2977287 | V15: =2*P15/F15 -> 3.0816801 | W15: =Q15*U15^2 -> 254.07142 | X15: =Q15*V15^2 -> 60.836331 | Y15: =Q15*S15^2 -> 285.59855 | Z15: =1.5*W15-0.5*Y15-2*AA15 -> 141.64557 | AA15: =Q15*T15^2 -> 48.331145 | AB15: =-3*$AP$11*((1-2*R15)^2.5)*(1+1.5*(4-$AP$12)*R15)*R15 -> 8.6887535 | AC15: =((1-2*R15)^3.5)*($AP$4-$AP$14*R15)+3*AB15 -> 285.89077 | AD15: =((1-2*R15)^3.5)*($AP$5-$AP$15*R15)+1*AB15 -> 141.38505 | AE15: =((1-2*R15)^3.5)*($AP$6-$AP$16*R15)+1*AB15 -> 48.347734 | AF15: =AB15-B15 -> 0.16598154 | AG15: =AC15-Y15 -> 0.29222801 | AH15: =AD15-Z15 -> -0.26051046 | AI15: =AE15-AA15 -> 0.016589261 | AJ15: =IF(AND(A15>=CutoffLowBar,A15<=CutoffOilBar),AF15^2+AG15^2+AH15^2+AI15^2,0) -> 0.18108798 | AK15: =(AC15+2*AD15)/3 -> 189.55363 | AL15: =(AC15-AD15+3*AE15)/5 -> 57.909784 | AM15: =5*(AC15-AD15)*AE15/(3*(AC15-AD15)+4*AE15) -> 55.722076 | AN15: =(AL15+AM15)/2 -> 56.81593 | AO15: C12a | AP15: =3*$AP$11*($AP$8-1)-7*$AP$5 -> 349.89767 | AS15: misfit | AT15: =$AP$18 -> 3.5582994
A16: =Align!A16 -> 360 | B16: =Align!B16 -> 9.1253922 | C16: =Align!C16 -> 0.20634572 | D16: =Align!D16 -> 0.50443365 | E16: =Align!F16 -> 0.18875088 | F16: =Align!G16 -> 0.38612789 | G16: =2*Lfin_100/C16 -> 6.8234999 | H16: =2*Lfin_100/D16 -> 2.7912492 | I16: =2*Lfin_111/E16 -> 6.4317582 | J16: =2*Lfin_111/F16 -> 3.1440361 | K16: =I16^2-(4/3)*H16^2 -> 30.979418 | L16: =4*Lfin_100^2/K16 -> 0.063992939 | M16: =0.5*(B16-B15)*(L16+L15) -> 0.038791531 | N16: =N15+M16 -> 0.64446379 | O16: =Lfin_100/(1+N16*scal_100) -> 0.69148737 | P16: =O16*Lfin_111/Lfin_100 -> 0.59621141 | Q16: =rho_100*(Lfin_100/O16)^3 -> 6.4266185 | R16: =0.5*(1-(Lfin_100/O16)^2) -> -0.018258966 | S16: =2*O16/C16 -> 6.7022215 | T16: =2*O16/D16 -> 2.7416385 | U16: =2*P16/E16 -> 6.3174425 | V16: =2*P16/F16 -> 3.0881551 | W16: =Q16*U16^2 -> 256.48686 | X16: =Q16*V16^2 -> 61.288747 | Y16: =Q16*S16^2 -> 288.68225 | Z16: =1.5*W16-0.5*Y16-2*AA16 -> 143.77676 | AA16: =Q16*T16^2 -> 48.306205 | AB16: =-3*$AP$11*((1-2*R16)^2.5)*(1+1.5*(4-$AP$12)*R16)*R16 -> 9.3012816 | AC16: =((1-2*R16)^3.5)*($AP$4-$AP$14*R16)+3*AB16 -> 288.96285 | AD16: =((1-2*R16)^3.5)*($AP$5-$AP$15*R16)+1*AB16 -> 143.43525 | AE16: =((1-2*R16)^3.5)*($AP$6-$AP$16*R16)+1*AB16 -> 48.412616 | AF16: =AB16-B16 -> 0.17588946 | AG16: =AC16-Y16 -> 0.28059661 | AH16: =AD16-Z16 -> -0.3415084 | AI16: =AE16-AA16 -> 0.1064111 | AJ16: =IF(AND(A16>=CutoffLowBar,A16<=CutoffOilBar),AF16^2+AG16^2+AH16^2+AI16^2,0) -> 0.23762287 | AK16: =(AC16+2*AD16)/3 -> 191.94445 | AL16: =(AC16-AD16+3*AE16)/5 -> 58.153089 | AM16: =5*(AC16-AD16)*AE16/(3*(AC16-AD16)+4*AE16) -> 55.894953 | AN16: =(AL16+AM16)/2 -> 57.024021 | AO16: C44a | AP16: =3*$AP$11*($AP$9-1)-7*$AP$6 -> -673.21151
A17: =Align!A17 -> 390 | B17: =Align!B17 -> 9.5558352 | C17: =Align!C17 -> 0.20554572 | D17: =Align!D17 -> 0.50383365 | E17: =Align!F17 -> 0.18820127 | F17: =Align!G17 -> 0.38527502 | G17: =2*Lfin_100/C17 -> 6.8500575 | H17: =2*Lfin_100/D17 -> 2.7945732 | I17: =2*Lfin_111/E17 -> 6.4505411 | J17: =2*Lfin_111/F17 -> 3.1509959 | K17: =I17^2-(4/3)*H17^2 -> 31.196628 | L17: =4*Lfin_100^2/K17 -> 0.06354738 | M17: =0.5*(B17-B16)*(L17+L16) -> 0.027449421 | N17: =N16+M17 -> 0.67191321 | O17: =Lfin_100/(1+N17*scal_100) -> 0.69096429 | P17: =O17*Lfin_111/Lfin_100 -> 0.5957604 | Q17: =rho_100*(Lfin_100/O17)^3 -> 6.4412249 | R17: =0.5*(1-(Lfin_100/O17)^2) -> -0.019043934 | S17: =2*O17/C17 -> 6.7232175 | T17: =2*O17/D17 -> 2.7428271 | U17: =2*P17/E17 -> 6.3310988 | V17: =2*P17/F17 -> 3.09265 | W17: =Q17*U17^2 -> 258.18241 | X17: =Q17*V17^2 -> 61.606995 | Y17: =Q17*S17^2 -> 291.15402 | Z17: =1.5*W17-0.5*Y17-2*AA17 -> 144.78064 | AA17: =Q17*T17^2 -> 48.457982 | AB17: =-3*$AP$11*((1-2*R17)^2.5)*(1+1.5*(4-$AP$12)*R17)*R17 -> 9.73897 | AC17: =((1-2*R17)^3.5)*($AP$4-$AP$14*R17)+3*AB17 -> 291.15006 | AD17: =((1-2*R17)^3.5)*($AP$5-$AP$15*R17)+1*AB17 -> 144.8984 | AE17: =((1-2*R17)^3.5)*($AP$6-$AP$16*R17)+1*AB17 -> 48.45572 | AF17: =AB17-B17 -> 0.18313485 | AG17: =AC17-Y17 -> -0.003958424 | AH17: =AD17-Z17 -> 0.11776283 | AI17: =AE17-AA17 -> -0.0022624595 | AJ17: =IF(AND(A17>=CutoffLowBar,A17<=CutoffOilBar),AF17^2+AG17^2+AH17^2+AI17^2,0) -> 0.047427243 | AK17: =(AC17+2*AD17)/3 -> 193.64895 | AL17: =(AC17-AD17+3*AE17)/5 -> 58.323763 | AM17: =5*(AC17-AD17)*AE17/(3*(AC17-AD17)+4*AE17) -> 56.014681 | AN17: =(AL17+AM17)/2 -> 57.169222
A18: =Align!A18 -> 420 | B18: =Align!B18 -> 10.115411 | C18: =Align!C18 -> 0.20474572 | D18: =Align!D18 -> 0.50323365 | E18: =Align!F18 -> 0.1875096 | F18: =Align!G18 -> 0.38418916 | G18: =2*Lfin_100/C18 -> 6.8768226 | H18: =2*Lfin_100/D18 -> 2.7979051 | I18: =2*Lfin_111/E18 -> 6.4743351 | J18: =2*Lfin_111/F18 -> 3.1599018 | K18: =I18^2-(4/3)*H18^2 -> 31.479318 | L18: =4*Lfin_100^2/K18 -> 0.062976715 | M18: =0.5*(B18-B17)*(L18+L17) -> 0.035399919 | N18: =N17+M18 -> 0.70731313 | O18: =Lfin_100/(1+N18*scal_100) -> 0.69029087 | P18: =O18*Lfin_111/Lfin_100 -> 0.59517977 | Q18: =rho_100*(Lfin_100/O18)^3 -> 6.4600946 | R18: =0.5*(1-(Lfin_100/O18)^2) -> -0.020057138 | S18: =2*O18/C18 -> 6.7429089 | T18: =2*O18/D18 -> 2.743421 | U18: =2*P18/E18 -> 6.3482591 | V18: =2*P18/F18 -> 3.0983684 | W18: =Q18*U18^2 -> 260.34436 | X18: =Q18*V18^2 -> 62.016177 | Y18: =Q18*S18^2 -> 293.71996 | Z18: =1.5*W18-0.5*Y18-2*AA18 -> 146.41458 | AA18: =Q18*T18^2 -> 48.620989 | AB18: =-3*$AP$11*((1-2*R18)^2.5)*(1+1.5*(4-$AP$12)*R18)*R18 -> 10.308672 | AC18: =((1-2*R18)^3.5)*($AP$4-$AP$14*R18)+3*AB18 -> 293.9872 | AD18: =((1-2*R18)^3.5)*($AP$5-$AP$15*R18)+1*AB18 -> 146.80063 | AE18: =((1-2*R18)^3.5)*($AP$6-$AP$16*R18)+1*AB18 -> 48.507822 | AF18: =AB18-B18 -> 0.19326074 | AG18: =AC18-Y18 -> 0.26723587 | AH18: =AD18-Z18 -> 0.38605888 | AI18: =AE18-AA18 -> -0.11316728 | AJ18: =IF(AND(A18>=CutoffLowBar,A18<=CutoffOilBar),AF18^2+AG18^2+AH18^2+AI18^2,0) -> 0.27061302 | AK18: =(AC18+2*AD18)/3 -> 195.86282 | AL18: =(AC18-AD18+3*AE18)/5 -> 58.542006 | AM18: =5*(AC18-AD18)*AE18/(3*(AC18-AD18)+4*AE18) -> 56.165835 | AN18: =(AL18+AM18)/2 -> 57.353921 | AO18: OBJECTIVE (misfit) | AP18: =SUM(AJ4:AJ25) -> 3.5582994
A19: =Align!A19 -> 450 | B19: =Align!B19 -> 10.631943 | C19: =Align!C19 -> 0.20394572 | D19: =Align!D19 -> 0.50443365 | E19: =Align!F19 -> 0.18689359 | F19: =Align!G19 -> 0.38320738 | G19: =2*Lfin_100/C19 -> 6.9037977 | H19: =2*Lfin_100/D19 -> 2.7912492 | I19: =2*Lfin_111/E19 -> 6.4956751 | J19: =2*Lfin_111/F19 -> 3.1679974 | K19: =I19^2-(4/3)*H19^2 -> 31.805699 | L19: =4*Lfin_100^2/K19 -> 0.062330466 | M19: =0.5*(B19-B18)*(L19+L18) -> 0.032362561 | N19: =N18+M19 -> 0.73967569 | O19: =Lfin_100/(1+N19*scal_100) -> 0.68967638 | P19: =O19*Lfin_111/Lfin_100 -> 0.59464995 | Q19: =rho_100*(Lfin_100/O19)^3 -> 6.4773775 | R19: =0.5*(1-(Lfin_100/O19)^2) -> -0.020984273 | S19: =2*O19/C19 -> 6.7633327 | T19: =2*O19/D19 -> 2.7344583 | U19: =2*P19/E19 -> 6.3635138 | V19: =2*P19/F19 -> 3.1035412 | W19: =Q19*U19^2 -> 262.29691 | X19: =Q19*V19^2 -> 62.389893 | Y19: =Q19*S19^2 -> 296.29254 | Z19: =1.5*W19-0.5*Y19-2*AA19 -> 148.433 | AA19: =Q19*T19^2 -> 48.433049 | AB19: =-3*$AP$11*((1-2*R19)^2.5)*(1+1.5*(4-$AP$12)*R19)*R19 -> 10.83469 | AC19: =((1-2*R19)^3.5)*($AP$4-$AP$14*R19)+3*AB19 -> 296.59717 | AD19: =((1-2*R19)^3.5)*($AP$5-$AP$15*R19)+1*AB19 -> 148.55482 | AE19: =((1-2*R19)^3.5)*($AP$6-$AP$16*R19)+1*AB19 -> 48.551969 | AF19: =AB19-B19 -> 0.2027468 | AG19: =AC19-Y19 -> 0.30462664 | AH19: =AD19-Z19 -> 0.1218169 | AI19: =AE19-AA19 -> 0.11891955 | AJ19: =IF(AND(A19>=CutoffLowBar,A19<=CutoffOilBar),AF19^2+AG19^2+AH19^2+AI19^2,0) -> 0 | AK19: =(AC19+2*AD19)/3 -> 197.90227 | AL19: =(AC19-AD19+3*AE19)/5 -> 58.73965 | AM19: =5*(AC19-AD19)*AE19/(3*(AC19-AD19)+4*AE19) -> 56.300754 | AN19: =(AL19+AM19)/2 -> 57.520202
A20: =Align!A20 -> 480 | B20: =Align!B20 -> 10.933253 | C20: =Align!C20 -> 0.20334572 | D20: =Align!D20 -> 0.50523365 | E20: =Align!F20 -> 0.18654301 | F20: =Align!G20 -> 0.38264355 | G20: =2*Lfin_100/C20 -> 6.9241684 | H20: =2*Lfin_100/D20 -> 2.7868294 | I20: =2*Lfin_111/E20 -> 6.5078827 | J20: =2*Lfin_111/F20 -> 3.1726655 | K20: =I20^2-(4/3)*H20^2 -> 31.997312 | L20: =4*Lfin_100^2/K20 -> 0.061957204 | M20: =0.5*(B20-B19)*(L20+L19) -> 0.018724566 | N20: =N19+M20 -> 0.75840026 | O20: =Lfin_100/(1+N20*scal_100) -> 0.68932135 | P20: =O20*Lfin_111/Lfin_100 -> 0.59434383 | Q20: =rho_100*(Lfin_100/O20)^3 -> 6.4873912 | R20: =0.5*(1-(Lfin_100/O20)^2) -> -0.021521079 | S20: =2*O20/C20 -> 6.779797 | T20: =2*O20/D20 -> 2.728723 | U20: =2*P20/E20 -> 6.372191 | V20: =2*P20/F20 -> 3.1065143 | W20: =Q20*U20^2 -> 263.41934 | X20: =Q20*V20^2 -> 62.606122 | Y20: =Q20*S20^2 -> 298.19713 | Z20: =1.5*W20-0.5*Y20-2*AA20 -> 149.42112 | AA20: =Q20*T20^2 -> 48.304657 | AB20: =-3*$AP$11*((1-2*R20)^2.5)*(1+1.5*(4-$AP$12)*R20)*R20 -> 11.141316 | AC20: =((1-2*R20)^3.5)*($AP$4-$AP$14*R20)+3*AB20 -> 298.11437 | AD20: =((1-2*R20)^3.5)*($AP$5-$AP$15*R20)+1*AB20 -> 149.57642 | AE20: =((1-2*R20)^3.5)*($AP$6-$AP$16*R20)+1*AB20 -> 48.575973 | AF20: =AB20-B20 -> 0.20806334 | AG20: =AC20-Y20 -> -0.082759221 | AH20: =AD20-Z20 -> 0.15529835 | AI20: =AE20-AA20 -> 0.27131549 | AJ20: =IF(AND(A20>=CutoffLowBar,A20<=CutoffOilBar),AF20^2+AG20^2+AH20^2+AI20^2,0) -> 0 | AK20: =(AC20+2*AD20)/3 -> 199.08907 | AL20: =(AC20-AD20+3*AE20)/5 -> 58.853173 | AM20: =5*(AC20-AD20)*AE20/(3*(AC20-AD20)+4*AE20) -> 56.377366 | AN20: =(AL20+AM20)/2 -> 57.61527
A21: =Align!A21 -> 510 | B21: =Align!B21 -> 11.148474 | C21: =Align!C21 -> 0.20234572 | D21: =Align!D21 -> 0.50563365 | E21: =Align!F21 -> 0.18629574 | F21: =Align!G21 -> 0.38224488 | G21: =2*Lfin_100/C21 -> 6.9583879 | H21: =2*Lfin_100/D21 -> 2.7846248 | I21: =2*Lfin_111/E21 -> 6.5165205 | J21: =2*Lfin_111/F21 -> 3.1759746 | K21: =I21^2-(4/3)*H21^2 -> 32.126193 | L21: =4*Lfin_100^2/K21 -> 0.061708651 | M21: =0.5*(B21-B20)*(L21+L20) -> 0.013307776 | N21: =N20+M21 -> 0.77170803 | O21: =Lfin_100/(1+N21*scal_100) -> 0.68906924 | P21: =O21*Lfin_111/Lfin_100 -> 0.59412646 | Q21: =rho_100*(Lfin_100/O21)^3 -> 6.4945143 | R21: =0.5*(1-(Lfin_100/O21)^2) -> -0.021902761 | S21: =2*O21/C21 -> 6.8108111 | T21: =2*O21/D21 -> 2.7255672 | U21: =2*P21/E21 -> 6.3783151 | V21: =2*P21/F21 -> 3.108617 | W21: =Q21*U21^2 -> 264.2157 | X21: =Q21*V21^2 -> 62.759737 | Y21: =Q21*S21^2 -> 301.262 | Z21: =1.5*W21-0.5*Y21-2*AA21 -> 149.20074 | AA21: =Q21*T21^2 -> 48.245906 | AB21: =-3*$AP$11*((1-2*R21)^2.5)*(1+1.5*(4-$AP$12)*R21)*R21 -> 11.360259 | AC21: =((1-2*R21)^3.5)*($AP$4-$AP$14*R21)+3*AB21 -> 299.19585 | AD21: =((1-2*R21)^3.5)*($AP$5-$AP$15*R21)+1*AB21 -> 150.30547 | AE21: =((1-2*R21)^3.5)*($AP$6-$AP$16*R21)+1*AB21 -> 48.59234 | AF21: =AB21-B21 -> 0.2117851 | AG21: =AC21-Y21 -> -2.06615 | AH21: =AD21-Z21 -> 1.1047256 | AI21: =AE21-AA21 -> 0.34643394 | AJ21: =IF(AND(A21>=CutoffLowBar,A21<=CutoffOilBar),AF21^2+AG21^2+AH21^2+AI21^2,0) -> 0 | AK21: =(AC21+2*AD21)/3 -> 199.93559 | AL21: =(AC21-AD21+3*AE21)/5 -> 58.93348 | AM21: =5*(AC21-AD21)*AE21/(3*(AC21-AD21)+4*AE21) -> 56.431161 | AN21: =(AL21+AM21)/2 -> 57.682321
A22: =Align!A22 -> 540 | B22: =Align!B22 -> 11.535873 | C22: =Align!C22 -> 0.20174572 | D22: =Align!D22 -> 0.50523365 | E22: =Align!F22 -> 0.18585489 | F22: =Align!G22 -> 0.38153599 | G22: =2*Lfin_100/C22 -> 6.9790824 | H22: =2*Lfin_100/D22 -> 2.7868294 | I22: =2*Lfin_111/E22 -> 6.5319776 | J22: =2*Lfin_111/F22 -> 3.1818754 | K22: =I22^2-(4/3)*H22^2 -> 32.311507 | L22: =4*Lfin_100^2/K22 -> 0.061354736 | M22: =0.5*(B22-B21)*(L22+L21) -> 0.0238373 | N22: =N21+M22 -> 0.79554533 | O22: =Lfin_100/(1+N22*scal_100) -> 0.68861812 | P22: =O22*Lfin_111/Lfin_100 -> 0.5937375 | Q22: =rho_100*(Lfin_100/O22)^3 -> 6.5072865 | R22: =0.5*(1-(Lfin_100/O22)^2) -> -0.022586791 | S22: =2*O22/C22 -> 6.8265946 | T22: =2*O22/D22 -> 2.7259393 | U22: =2*P22/E22 -> 6.3892588 | V22: =2*P22/F22 -> 3.1123538 | W22: =Q22*U22^2 -> 265.64453 | X22: =Q22*V22^2 -> 63.034434 | Y22: =Q22*S22^2 -> 303.25513 | Z22: =1.5*W22-0.5*Y22-2*AA22 -> 150.13126 | AA22: =Q22*T22^2 -> 48.353986 | AB22: =-3*$AP$11*((1-2*R22)^2.5)*(1+1.5*(4-$AP$12)*R22)*R22 -> 11.754564 | AC22: =((1-2*R22)^3.5)*($AP$4-$AP$14*R22)+3*AB22 -> 301.13964 | AD22: =((1-2*R22)^3.5)*($AP$5-$AP$15*R22)+1*AB22 -> 151.61756 | AE22: =((1-2*R22)^3.5)*($AP$6-$AP$16*R22)+1*AB22 -> 48.620208 | AF22: =AB22-B22 -> 0.21869053 | AG22: =AC22-Y22 -> -2.1154917 | AH22: =AD22-Z22 -> 1.4862992 | AI22: =AE22-AA22 -> 0.26622154 | AJ22: =IF(AND(A22>=CutoffLowBar,A22<=CutoffOilBar),AF22^2+AG22^2+AH22^2+AI22^2,0) -> 0 | AK22: =(AC22+2*AD22)/3 -> 201.45825 | AL22: =(AC22-AD22+3*AE22)/5 -> 59.07654 | AM22: =5*(AC22-AD22)*AE22/(3*(AC22-AD22)+4*AE22) -> 56.526146 | AN22: =(AL22+AM22)/2 -> 57.801343
A23: =Align!A23 -> 570 | B23: =Align!B23 -> 12.052405 | C23: =Align!C23 -> 0.20094572 | D23: =Align!D23 -> 0.50583365 | E23: =Align!F23 -> 0.18526701 | F23: =Align!G23 -> 0.38060856 | G23: =2*Lfin_100/C23 -> 7.0068673 | H23: =2*Lfin_100/D23 -> 2.7835238 | I23: =2*Lfin_111/E23 -> 6.5527046 | J23: =2*Lfin_111/F23 -> 3.1896287 | K23: =I23^2-(4/3)*H23^2 -> 32.607265 | L23: =4*Lfin_100^2/K23 -> 0.060798231 | M23: =0.5*(B23-B22)*(L23+L22) -> 0.031547936 | N23: =N22+M23 -> 0.82709327 | O23: =Lfin_100/(1+N23*scal_100) -> 0.68802199 | P23: =O23*Lfin_111/Lfin_100 -> 0.5932235 | Q23: =rho_100*(Lfin_100/O23)^3 -> 6.5242158 | R23: =0.5*(1-(Lfin_100/O23)^2) -> -0.023492772 | S23: =2*O23/C23 -> 6.8478392 | T23: =2*O23/D23 -> 2.7203488 | U23: =2*P23/E23 -> 6.4039841 | V23: =2*P23/F23 -> 3.1172368 | W23: =Q23*U23^2 -> 267.5647 | X23: =Q23*V23^2 -> 63.396883 | Y23: =Q23*S23^2 -> 305.93941 | Z23: =1.5*W23-0.5*Y23-2*AA23 -> 151.81507 | AA23: =Q23*T23^2 -> 48.28114 | AB23: =-3*$AP$11*((1-2*R23)^2.5)*(1+1.5*(4-$AP$12)*R23)*R23 -> 12.280627 | AC23: =((1-2*R23)^3.5)*($AP$4-$AP$14*R23)+3*AB23 -> 303.72527 | AD23: =((1-2*R23)^3.5)*($AP$5-$AP$15*R23)+1*AB23 -> 153.36639 | AE23: =((1-2*R23)^3.5)*($AP$6-$AP$16*R23)+1*AB23 -> 48.654201 | AF23: =AB23-B23 -> 0.22822253 | AG23: =AC23-Y23 -> -2.214135 | AH23: =AD23-Z23 -> 1.5513215 | AI23: =AE23-AA23 -> 0.37306113 | AJ23: =IF(AND(A23>=CutoffLowBar,A23<=CutoffOilBar),AF23^2+AG23^2+AH23^2+AI23^2,0) -> 0 | AK23: =(AC23+2*AD23)/3 -> 203.48602 | AL23: =(AC23-AD23+3*AE23)/5 -> 59.264298 | AM23: =5*(AC23-AD23)*AE23/(3*(AC23-AD23)+4*AE23) -> 56.649106 | AN23: =(AL23+AM23)/2 -> 57.956702
A24: =Align!A24 -> 600 | B24: =Align!B24 -> 12.310671 | C24: =Align!C24 -> 0.20034572 | D24: =Align!D24 -> 0.50703365 | E24: =Align!F24 -> 0.18496783 | F24: =Align!G24 -> 0.38015232 | G24: =2*Lfin_100/C24 -> 7.0278517 | H24: =2*Lfin_100/D24 -> 2.776936 | I24: =2*Lfin_111/E24 -> 6.5633034 | J24: =2*Lfin_111/F24 -> 3.1934568 | K24: =I24^2-(4/3)*H24^2 -> 32.79512 | L24: =4*Lfin_100^2/K24 -> 0.060449969 | M24: =0.5*(B24-B23)*(L24+L23) -> 0.015657133 | N24: =N23+M24 -> 0.8427504 | O24: =Lfin_100/(1+N24*scal_100) -> 0.68772651 | P24: =O24*Lfin_111/Lfin_100 -> 0.59296874 | Q24: =rho_100*(Lfin_100/O24)^3 -> 6.5326287 | R24: =0.5*(1-(Lfin_100/O24)^2) -> -0.023942699 | S24: =2*O24/C24 -> 6.8653976 | T24: =2*O24/D24 -> 2.7127451 | U24: =2*P24/E24 -> 6.4115877 | V24: =2*P24/F24 -> 3.1196376 | W24: =Q24*U24^2 -> 268.54629 | X24: =Q24*V24^2 -> 63.57645 | Y24: =Q24*S24^2 -> 307.90686 | Z24: =1.5*W24-0.5*Y24-2*AA24 -> 152.71896 | AA24: =Q24*T24^2 -> 48.073522 | AB24: =-3*$AP$11*((1-2*R24)^2.5)*(1+1.5*(4-$AP$12)*R24)*R24 -> 12.543502 | AC24: =((1-2*R24)^3.5)*($AP$4-$AP$14*R24)+3*AB24 -> 305.01407 | AD24: =((1-2*R24)^3.5)*($AP$5-$AP$15*R24)+1*AB24 -> 154.23955 | AE24: =((1-2*R24)^3.5)*($AP$6-$AP$16*R24)+1*AB24 -> 48.669837 | AF24: =AB24-B24 -> 0.23283095 | AG24: =AC24-Y24 -> -2.8927841 | AH24: =AD24-Z24 -> 1.5205936 | AI24: =AE24-AA24 -> 0.59631592 | AJ24: =IF(AND(A24>=CutoffLowBar,A24<=CutoffOilBar),AF24^2+AG24^2+AH24^2+AI24^2,0) -> 0 | AK24: =(AC24+2*AD24)/3 -> 204.49773 | AL24: =(AC24-AD24+3*AE24)/5 -> 59.356806 | AM24: =5*(AC24-AD24)*AE24/(3*(AC24-AD24)+4*AE24) -> 56.708952 | AN24: =(AL24+AM24)/2 -> 58.032879
A25: =Align!A25 -> 630 | B25: =Align!B25 -> 12.482848 | C25: =Align!C25 -> 0.19974572 | D25: =Align!D25 -> 0.50683365 | E25: =Align!F25 -> 0.1847644 | F25: =Align!G25 -> 0.37985075 | G25: =2*Lfin_100/C25 -> 7.048962 | H25: =2*Lfin_100/D25 -> 2.7780318 | I25: =2*Lfin_111/E25 -> 6.57053 | J25: =2*Lfin_111/F25 -> 3.1959921 | K25: =I25^2-(4/3)*H25^2 -> 32.881916 | L25: =4*Lfin_100^2/K25 -> 0.060290403 | M25: =0.5*(B25-B24)*(L25+L24) -> 0.01039437 | N25: =N24+M25 -> 0.85314477 | O25: =Lfin_100/(1+N25*scal_100) -> 0.68753049 | P25: =O25*Lfin_111/Lfin_100 -> 0.59279973 | Q25: =rho_100*(Lfin_100/O25)^3 -> 6.5382178 | R25: =0.5*(1-(Lfin_100/O25)^2) -> -0.0242415 | S25: =2*O25/C25 -> 6.8840573 | T25: =2*O25/D25 -> 2.713042 | U25: =2*P25/E25 -> 6.4168177 | V25: =2*P25/F25 -> 3.1212244 | W25: =Q25*U25^2 -> 269.21471 | X25: =Q25*V25^2 -> 63.695593 | Y25: =Q25*S25^2 -> 309.84774 | Z25: =1.5*W25-0.5*Y25-2*AA25 -> 152.64783 | AA25: =Q25*T25^2 -> 48.125186 | AB25: =-3*$AP$11*((1-2*R25)^2.5)*(1+1.5*(4-$AP$12)*R25)*R25 -> 12.718675 | AC25: =((1-2*R25)^3.5)*($AP$4-$AP$14*R25)+3*AB25 -> 305.87171 | AD25: =((1-2*R25)^3.5)*($AP$5-$AP$15*R25)+1*AB25 -> 154.82115 | AE25: =((1-2*R25)^3.5)*($AP$6-$AP$16*R25)+1*AB25 -> 48.679762 | AF25: =AB25-B25 -> 0.23582768 | AG25: =AC25-Y25 -> -3.976031 | AH25: =AD25-Z25 -> 2.1733249 | AI25: =AE25-AA25 -> 0.55457569 | AJ25: =IF(AND(A25>=CutoffLowBar,A25<=CutoffOilBar),AF25^2+AG25^2+AH25^2+AI25^2,0) -> 0 | AK25: =(AC25+2*AD25)/3 -> 205.17134 | AL25: =(AC25-AD25+3*AE25)/5 -> 59.417969 | AM25: =5*(AC25-AD25)*AE25/(3*(AC25-AD25)+4*AE25) -> 56.748244 | AN25: =(AL25+AM25)/2 -> 58.083106

Sheet Cook_NoVp111
A3: Oil bar | B3: P (GPa) | C3: tP100 | D3: tS100 | E3: tP111 | F3: tS111 | G3: Vp100r | H3: Vs100r | I3: Vp111r | J3: Vs111r | K3: vcombo2 | L3: integrand | M3: trap | N3: Integral | O3: Cook L | P3: L111 | Q3: rho | R3: f | S3: Vp100 | T3: Vs100 | U3: Vp111 | V3: Vs111 | W3: rVp111^2 | X3: rVs111^2 | Y3: C11 exp | Z3: C12 exp | AA3: C44 exp | AB3: P_FS | AC3: C11 mod | AD3: C12 mod | AE3: C44 mod | AF3: dP | AG3: dC11 | AH3: dC12 | AI3: dC44 | AJ3: gated sq | AK3: K bulk | AL3: GV | AM3: GR | AN3: GH | AP3: FIT PARAMS | AS3: OUTPUTS
A4: =Align!A4 -> 0 | B4: =Align!B4 -> 0 | C4: =Align!C4 -> 0.22919993 | D4: =Align!D4 -> 0.51092692 | E4: =Align!F4 -> 0.20385318 | F4: =Align!G4 -> 0.41892602 | G4: =2*Lfin_100/C4 -> 6.1431082 | H4: =2*Lfin_100/D4 -> 2.7557757 | I4: =2*Lfin_111/E4 -> 5.9552664 | J4: =2*Lfin_111/F4 -> 2.8978863 | K4: =G4^2+(2/3)*H4^2-2*J4^2 -> 26.005155 | L4: =4*Lfin_100^2/K4 -> 0.076233502 | M4: 0 | N4: 0 | O4: =Lfin_100/(1+N4*scal_100) -> 0.704 | P4: =O4*Lfin_111/Lfin_100 -> 0.607 | Q4: =rho_100*(Lfin_100/O4)^3 -> 6.09 | R4: =0.5*(1-(Lfin_100/O4)^2) -> 0 | S4: =2*O4/C4 -> 6.1431082 | T4: =2*O4/D4 -> 2.7557757 | U4: =2*P4/E4 -> 5.9552664 | V4: =2*P4/F4 -> 2.8978863 | W4: =Q4*U4^2 -> 215.98305 | X4: =Q4*V4^2 -> 51.142269 | Y4: =Q4*S4^2 -> 229.82307 | Z4: =Y4+AA4-3*X4 -> 122.64555 | AA4: =Q4*T4^2 -> 46.249286 | AB4: =-3*$AP$11*((1-2*R4)^2.5)*(1+1.5*(4-$AP$12)*R4)*R4 -> 0 | AC4: =((1-2*R4)^3.5)*($AP$4-$AP$14*R4)+3*AB4 -> 241.08939 | AD4: =((1-2*R4)^3.5)*($AP$5-$AP$15*R4)+1*AB4 -> 128.90556 | AE4: =((1-2*R4)^3.5)*($AP$6-$AP$16*R4)+1*AB4 -> 46.760043 | AF4: =AB4-B4 -> 0 | AG4: =AC4-Y4 -> 11.266315 | AH4: =AD4-Z4 -> 6.2600052 | AI4: =AE4-AA4 -> 0.51075657 | AJ4: =IF(AND(A4>=CutoffLowBar,A4<=CutoffOilBar),AF4^2+AG4^2+AH4^2+AI4^2,0) -> 0 | AK4: =(AC4+2*AD4)/3 -> 166.30017 | AL4: =(AC4-AD4+3*AE4)/5 -> 50.492792 | AM4: =5*(AC4-AD4)*AE4/(3*(AC4-AD4)+4*AE4) -> 50.093623 | AN4: =(AL4+AM4)/2 -> 50.293207 | AO4: C11_0 | AP4: 241.08939 | AS4: C11_0 | AT4: =$AP$4 -> 241.08939
A5: =Align!A5 -> 30 | B5: =Align!B5 -> 0.12913291 | C5: =Align!C5 -> 0.22474572 | D5: =Align!D5 -> 0.50723365 | E5: =Align!F5 -> 0.20362287 | F5: =Align!G5 -> 0.41829834 | G5: =2*Lfin_100/C5 -> 6.2648579 | H5: =2*Lfin_100/D5 -> 2.7758411 | I5: =2*Lfin_111/E5 -> 5.9620023 | J5: =2*Lfin_111/F5 -> 2.9022348 | K5: =G5^2+(2/3)*H5^2-2*J5^2 -> 27.539373 | L5: =4*Lfin_100^2/K5 -> 0.071986533 | M5: =0.5*(B5-B4)*(L5+L4) -> 0.0095700421 | N5: =N4+M5 -> 0.0095700421 | O5: =Lfin_100/(1+N5*scal_100) -> 0.70381088 | P5: =O5*Lfin_111/Lfin_100 -> 0.60683694 | Q5: =rho_100*(Lfin_100/O5)^3 -> 6.0949106 | R5: =0.5*(1-(Lfin_100/O5)^2) -> -0.00026874363 | S5: =2*O5/C5 -> 6.2631749 | T5: =2*O5/D5 -> 2.7750954 | U5: =2*P5/E5 -> 5.9604007 | V5: =2*P5/F5 -> 2.9014552 | W5: =Q5*U5^2 -> 216.53009 | X5: =Q5*V5^2 -> 51.309653 | Y5: =Q5*S5^2 -> 239.08725 | Z5: =Y5+AA5-3*X5 -> 132.09615 | AA5: =Q5*T5^2 -> 46.937848 | AB5: =-3*$AP$11*((1-2*R5)^2.5)*(1+1.5*(4-$AP$12)*R5)*R5 -> 0.13423225 | AC5: =((1-2*R5)^3.5)*($AP$4-$AP$14*R5)+3*AB5 -> 241.79865 | AD5: =((1-2*R5)^3.5)*($AP$5-$AP$15*R5)+1*AB5 -> 129.26557 | AE5: =((1-2*R5)^3.5)*($AP$6-$AP$16*R5)+1*AB5 -> 46.794505 | AF5: =AB5-B5 -> 0.0050993454 | AG5: =AC5-Y5 -> 2.7113923 | AH5: =AD5-Z5 -> -2.8305748 | AI5: =AE5-AA5 -> -0.14334306 | AJ5: =IF(AND(A5>=CutoffLowBar,A5<=CutoffOilBar),AF5^2+AG5^2+AH5^2+AI5^2,0) -> 0 | AK5: =(AC5+2*AD5)/3 -> 166.7766 | AL5: =(AC5-AD5+3*AE5)/5 -> 50.583318 | AM5: =5*(AC5-AD5)*AE5/(3*(AC5-AD5)+4*AE5) -> 50.172998 | AN5: =(AL5+AM5)/2 -> 50.378158 | AO5: C12_0 | AP5: 128.90556 | AS5: C12_0 | AT5: =$AP$5 -> 128.90556
A6: =Align!A6 -> 60 | B6: =Align!B6 -> 1.6356835 | C6: =Align!C6 -> 0.22094572 | D6: =Align!D6 -> 0.50583365 | E6: =Align!F6 -> 0.20069823 | F6: =Align!G6 -> 0.41052794 | G6: =2*Lfin_100/C6 -> 6.3726059 | H6: =2*Lfin_100/D6 -> 2.7835238 | I6: =2*Lfin_111/E6 -> 6.0488825 | J6: =2*Lfin_111/F6 -> 2.9571678 | K6: =G6^2+(2/3)*H6^2-2*J6^2 -> 28.28576 | L6: =4*Lfin_100^2/K6 -> 0.070086998 | M6: =0.5*(B6-B5)*(L6+L5) -> 0.10702048 | N6: =N5+M6 -> 0.11659052 | O6: =Lfin_100/(1+N6*scal_100) -> 0.70170289 | P6: =O6*Lfin_111/Lfin_100 -> 0.60501939 | Q6: =rho_100*(Lfin_100/O6)^3 -> 6.1500052 | R6: =0.5*(1-(Lfin_100/O6)^2) -> -0.0032789857 | S6: =2*O6/C6 -> 6.3518124 | T6: =2*O6/D6 -> 2.7744413 | U6: =2*P6/E6 -> 6.0291453 | V6: =2*P6/F6 -> 2.9475187 | W6: =Q6*U6^2 -> 223.55633 | X6: =Q6*V6^2 -> 53.430424 | Y6: =Q6*S6^2 -> 248.12516 | Z6: =Y6+AA6-3*X6 -> 135.17371 | AA6: =Q6*T6^2 -> 47.339817 | AB6: =-3*$AP$11*((1-2*R6)^2.5)*(1+1.5*(4-$AP$12)*R6)*R6 -> 1.6591658 | AC6: =((1-2*R6)^3.5)*($AP$4-$AP$14*R6)+3*AB6 -> 249.81099 | AD6: =((1-2*R6)^3.5)*($AP$5-$AP$15*R6)+1*AB6 -> 133.3375 | AE6: =((1-2*R6)^3.5)*($AP$6-$AP$16*R6)+1*AB6 -> 47.161385 | AF6: =AB6-B6 -> 0.023482252 | AG6: =AC6-Y6 -> 1.6858236 | AH6: =AD6-Z6 -> -1.8362116 | AI6: =AE6-AA6 -> -0.17843202 | AJ6: =IF(AND(A6>=CutoffLowBar,A6<=CutoffOilBar),AF6^2+AG6^2+AH6^2+AI6^2,0) -> 0 | AK6: =(AC6+2*AD6)/3 -> 172.16199 | AL6: =(AC6-AD6+3*AE6)/5 -> 51.591529 | AM6: =5*(AC6-AD6)*AE6/(3*(AC6-AD6)+4*AE6) -> 51.044398 | AN6: =(AL6+AM6)/2 -> 51.317963 | AO6: C44_0 | AP6: 46.760043 | AS6: C44_0 | AT6: =$AP$6 -> 46.760043
A7: =Align!A7 -> 90 | B7: =Align!B7 -> 2.4965696 | C7: =Align!C7 -> 0.21874572 | D7: =Align!D7 -> 0.50583365 | E7: =Align!F7 -> 0.19901985 | F7: =Align!G7 -> 0.40624126 | G7: =2*Lfin_100/C7 -> 6.4366974 | H7: =2*Lfin_100/D7 -> 2.7835238 | I7: =2*Lfin_111/E7 -> 6.0998942 | J7: =2*Lfin_111/F7 -> 2.988372 | K7: =G7^2+(2/3)*H7^2-2*J7^2 -> 28.735675 | L7: =4*Lfin_100^2/K7 -> 0.068989644 | M7: =0.5*(B7-B6)*(L7+L6) -> 0.059864571 | N7: =N6+M7 -> 0.17645509 | O7: =Lfin_100/(1+N7*scal_100) -> 0.70052923 | P7: =O7*Lfin_111/Lfin_100 -> 0.60400744 | Q7: =rho_100*(Lfin_100/O7)^3 -> 6.180968 | R7: =0.5*(1-(Lfin_100/O7)^2) -> -0.0049667777 | S7: =2*O7/C7 -> 6.4049639 | T7: =2*O7/D7 -> 2.7698008 | U7: =2*P7/E7 -> 6.0698212 | V7: =2*P7/F7 -> 2.9736391 | W7: =Q7*U7^2 -> 227.72373 | X7: =Q7*V7^2 -> 54.655391 | Y7: =Q7*S7^2 -> 253.56533 | Z7: =Y7+AA7-3*X7 -> 137.01829 | AA7: =Q7*T7^2 -> 47.419129 | AB7: =-3*$AP$11*((1-2*R7)^2.5)*(1+1.5*(4-$AP$12)*R7)*R7 -> 2.5314228 | AC7: =((1-2*R7)^3.5)*($AP$4-$AP$14*R7)+3*AB7 -> 254.35786 | AD7: =((1-2*R7)^3.5)*($AP$5-$AP$15*R7)+1*AB7 -> 135.6523 | AE7: =((1-2*R7)^3.5)*($AP$6-$AP$16*R7)+1*AB7 -> 47.351341 | AF7: =AB7-B7 -> 0.034853208 | AG7: =AC7-Y7 -> 0.79252706 | AH7: =AD7-Z7 -> -1.3659914 | AI7: =AE7-AA7 -> -0.067787945 | AJ7: =IF(AND(A7>=CutoffLowBar,A7<=CutoffOilBar),AF7^2+AG7^2+AH7^2+AI7^2,0) -> 0 | AK7: =(AC7+2*AD7)/3 -> 175.22082 | AL7: =(AC7-AD7+3*AE7)/5 -> 52.151917 | AM7: =5*(AC7-AD7)*AE7/(3*(AC7-AD7)+4*AE7) -> 51.518244 | AN7: =(AL7+AM7)/2 -> 51.835081 | AO7: C11' | AP7: 5.2862824 | AS7: C11' | AT7: =$AP$7 -> 5.2862824
A8: =Align!A8 -> 120 | B8: =Align!B8 -> 3.4435442 | C8: =Align!C8 -> 0.21654572 | D8: =Align!D8 -> 0.50523365 | E8: =Align!F8 -> 0.19727344 | F8: =Align!G8 -> 0.40198653 | G8: =2*Lfin_100/C8 -> 6.5020911 | H8: =2*Lfin_100/D8 -> 2.7868294 | I8: =2*Lfin_111/E8 -> 6.1538947 | J8: =2*Lfin_111/F8 -> 3.0200017 | K8: =G8^2+(2/3)*H8^2-2*J8^2 -> 29.21398 | L8: =4*Lfin_100^2/K8 -> 0.067860113 | M8: =0.5*(B8-B7)*(L8+L7) -> 0.064796626 | N8: =N7+M8 -> 0.24125172 | O8: =Lfin_100/(1+N8*scal_100) -> 0.69926329 | P8: =O8*Lfin_111/Lfin_100 -> 0.60291593 | Q8: =rho_100*(Lfin_100/O8)^3 -> 6.2145987 | R8: =0.5*(1-(Lfin_100/O8)^2) -> -0.0067968057 | S8: =2*O8/C8 -> 6.4583432 | T8: =2*O8/D8 -> 2.7680789 | U8: =2*P8/E8 -> 6.1124895 | V8: =2*P8/F8 -> 2.9996823 | W8: =Q8*U8^2 -> 232.19312 | X8: =Q8*V8^2 -> 55.919542 | Y8: =Q8*S8^2 -> 259.21213 | Z8: =Y8+AA8-3*X8 -> 139.07138 | AA8: =Q8*T8^2 -> 47.617874 | AB8: =-3*$AP$11*((1-2*R8)^2.5)*(1+1.5*(4-$AP$12)*R8)*R8 -> 3.4912808 | AC8: =((1-2*R8)^3.5)*($AP$4-$AP$14*R8)+3*AB8 -> 259.33217 | AD8: =((1-2*R8)^3.5)*($AP$5-$AP$15*R8)+1*AB8 -> 138.18807 | AE8: =((1-2*R8)^3.5)*($AP$6-$AP$16*R8)+1*AB8 -> 47.544122 | AF8: =AB8-B8 -> 0.047736536 | AG8: =AC8-Y8 -> 0.12003903 | AH8: =AD8-Z8 -> -0.88330782 | AI8: =AE8-AA8 -> -0.073752512 | AJ8: =IF(AND(A8>=CutoffLowBar,A8<=CutoffOilBar),AF8^2+AG8^2+AH8^2+AI8^2,0) -> 0.80236029 | AK8: =(AC8+2*AD8)/3 -> 178.56944 | AL8: =(AC8-AD8+3*AE8)/5 -> 52.755293 | AM8: =5*(AC8-AD8)*AE8/(3*(AC8-AD8)+4*AE8) -> 52.019494 | AN8: =(AL8+AM8)/2 -> 52.387394 | AO8: C12' | AP8: 2.6829994 | AS8: C12' | AT8: =$AP$8 -> 2.6829994
A9: =Align!A9 -> 150 | B9: =Align!B9 -> 4.4335632 | C9: =Align!C9 -> 0.21474572 | D9: =Align!D9 -> 0.50523365 | E9: =Align!F9 -> 0.19557829 | F9: =Align!G9 -> 0.39814914 | G9: =2*Lfin_100/C9 -> 6.5565917 | H9: =2*Lfin_100/D9 -> 2.7868294 | I9: =2*Lfin_111/E9 -> 6.2072328 | J9: =2*Lfin_111/F9 -> 3.0491087 | K9: =G9^2+(2/3)*H9^2-2*J9^2 -> 29.572379 | L9: =4*Lfin_100^2/K9 -> 0.067037691 | M9: =0.5*(B9-B8)*(L9+L8) -> 0.066775692 | N9: =N8+M9 -> 0.30802741 | O9: =Lfin_100/(1+N9*scal_100) -> 0.69796346 | P9: =O9*Lfin_111/Lfin_100 -> 0.6017952 | Q9: =rho_100*(Lfin_100/O9)^3 -> 6.249384 | R9: =0.5*(1-(Lfin_100/O9)^2) -> -0.008686191 | S9: =2*O9/C9 -> 6.5003713 | T9: =2*O9/D9 -> 2.7629334 | U9: =2*P9/E9 -> 6.1540081 | V9: =2*P9/F9 -> 3.0229637 | W9: =Q9*U9^2 -> 236.67552 | X9: =Q9*V9^2 -> 57.108806 | Y9: =Q9*S9^2 -> 264.06664 | Z9: =Y9+AA9-3*X9 -> 140.44678 | AA9: =Q9*T9^2 -> 47.706554 | AB9: =-3*$AP$11*((1-2*R9)^2.5)*(1+1.5*(4-$AP$12)*R9)*R9 -> 4.4977329 | AC9: =((1-2*R9)^3.5)*($AP$4-$AP$14*R9)+3*AB9 -> 264.51617 | AD9: =((1-2*R9)^3.5)*($AP$5-$AP$15*R9)+1*AB9 -> 140.83449 | AE9: =((1-2*R9)^3.5)*($AP$6-$AP$16*R9)+1*AB9 -> 47.728396 | AF9: =AB9-B9 -> 0.064169692 | AG9: =AC9-Y9 -> 0.44952558 | AH9: =AD9-Z9 -> 0.38771765 | AI9: =AE9-AA9 -> 0.021842577 | AJ9: =IF(AND(A9>=CutoffLowBar,A9<=CutoffOilBar),AF9^2+AG9^2+AH9^2+AI9^2,0) -> 0.35699307 | AK9: =(AC9+2*AD9)/3 -> 182.06172 | AL9: =(AC9-AD9+3*AE9)/5 -> 53.373372 | AM9: =5*(AC9-AD9)*AE9/(3*(AC9-AD9)+4*AE9) -> 52.5228 | AN9: =(AL9+AM9)/2 -> 52.948086 | AO9: C44' | AP9: 0.25806269 | AS9: C44' | AT9: =$AP$9 -> 0.25806269
A10: =Align!A10 -> 180 | B10: =Align!B10 -> 5.122272 | C10: =Align!C10 -> 0.21334572 | D10: =Align!D10 -> 0.50523365 | E10: =Align!F10 -> 0.19446957 | F10: =Align!G10 -> 0.39583686 | G10: =2*Lfin_100/C10 -> 6.5996168 | H10: =2*Lfin_100/D10 -> 2.7868294 | I10: =2*Lfin_111/E10 -> 6.2426221 | J10: =2*Lfin_111/F10 -> 3.06692 | K10: =G10^2+(2/3)*H10^2-2*J10^2 -> 29.920557 | L10: =4*Lfin_100^2/K10 -> 0.066257589 | M10: =0.5*(B10-B9)*(L10+L9) -> 0.045900819 | N10: =N9+M10 -> 0.35392823 | O10: =Lfin_100/(1+N10*scal_100) -> 0.69707277 | P10: =O10*Lfin_111/Lfin_100 -> 0.60102724 | Q10: =rho_100*(Lfin_100/O10)^3 -> 6.2733701 | R10: =0.5*(1-(Lfin_100/O10)^2) -> -0.0099869707 | S10: =2*O10/C10 -> 6.5346778 | T10: =2*O10/D10 -> 2.7594076 | U10: =2*P10/E10 -> 6.1811959 | V10: =2*P10/F10 -> 3.0367421 | W10: =Q10*U10^2 -> 239.68779 | X10: =Q10*V10^2 -> 57.851781 | Y10: =Q10*S10^2 -> 267.88554 | Z10: =Y10+AA10-3*X10 -> 142.09771 | AA10: =Q10*T10^2 -> 47.767511 | AB10: =-3*$AP$11*((1-2*R10)^2.5)*(1+1.5*(4-$AP$12)*R10)*R10 -> 5.199814 | AC10: =((1-2*R10)^3.5)*($AP$4-$AP$14*R10)+3*AB10 -> 268.11373 | AD10: =((1-2*R10)^3.5)*($AP$5-$AP$15*R10)+1*AB10 -> 142.6733 | AE10: =((1-2*R10)^3.5)*($AP$6-$AP$16*R10)+1*AB10 -> 47.846345 | AF10: =AB10-B10 -> 0.077541943 | AG10: =AC10-Y10 -> 0.22818949 | AH10: =AD10-Z10 -> 0.57559398 | AI10: =AE10-AA10 -> 0.07883443 | AJ10: =IF(AND(A10>=CutoffLowBar,A10<=CutoffOilBar),AF10^2+AG10^2+AH10^2+AI10^2,0) -> 0.39560649 | AK10: =(AC10+2*AD10)/3 -> 184.48678 | AL10: =(AC10-AD10+3*AE10)/5 -> 53.795893 | AM10: =5*(AC10-AD10)*AE10/(3*(AC10-AD10)+4*AE10) -> 52.860627 | AN10: =(AL10+AM10)/2 -> 53.32826 | AS10: K0 | AT10: =$AP$11 -> 166.30017
A11: =Align!A11 -> 210 | B11: =Align!B11 -> 5.7679366 | C11: =Align!C11 -> 0.21174572 | D11: =Align!D11 -> 0.50423365 | E11: =Align!F11 -> 0.19347267 | F11: =Align!G11 -> 0.39390328 | G11: =2*Lfin_100/C11 -> 6.6494851 | H11: =2*Lfin_100/D11 -> 2.7923563 | I11: =2*Lfin_111/E11 -> 6.2747882 | J11: =2*Lfin_111/F11 -> 3.0819749 | K11: =G11^2+(2/3)*H11^2-2*J11^2 -> 30.416683 | L11: =4*Lfin_100^2/K11 -> 0.065176864 | M11: =0.5*(B11-B10)*(L11+L10) -> 0.042431283 | N11: =N10+M11 -> 0.39635952 | O11: =Lfin_100/(1+N11*scal_100) -> 0.69625143 | P11: =O11*Lfin_111/Lfin_100 -> 0.60031906 | Q11: =rho_100*(Lfin_100/O11)^3 -> 6.2955976 | R11: =0.5*(1-(Lfin_100/O11)^2) -> -0.011190905 | S11: =2*O11/C11 -> 6.5762976 | T11: =2*O11/D11 -> 2.7616223 | U11: =2*P11/E11 -> 6.2057248 | V11: =2*P11/F11 -> 3.0480531 | W11: =Q11*U11^2 -> 242.44989 | X11: =Q11*V11^2 -> 58.490055 | Y11: =Q11*S11^2 -> 272.27005 | Z11: =Y11+AA11-3*X11 -> 144.81363 | AA11: =Q11*T11^2 -> 48.013738 | AB11: =-3*$AP$11*((1-2*R11)^2.5)*(1+1.5*(4-$AP$12)*R11)*R11 -> 5.8563155 | AC11: =((1-2*R11)^3.5)*($AP$4-$AP$14*R11)+3*AB11 -> 271.4642 | AD11: =((1-2*R11)^3.5)*($AP$5-$AP$15*R11)+1*AB11 -> 144.38748 | AE11: =((1-2*R11)^3.5)*($AP$6-$AP$16*R11)+1*AB11 -> 47.948902 | AF11: =AB11-B11 -> 0.088378926 | AG11: =AC11-Y11 -> -0.80585385 | AH11: =AD11-Z11 -> -0.42614697 | AI11: =AE11-AA11 -> -0.064835577 | AJ11: =IF(AND(A11>=CutoffLowBar,A11<=CutoffOilBar),AF11^2+AG11^2+AH11^2+AI11^2,0) -> 0.84301616 | AK11: =(AC11+2*AD11)/3 -> 186.74639 | AL11: =(AC11-AD11+3*AE11)/5 -> 54.184685 | AM11: =5*(AC11-AD11)*AE11/(3*(AC11-AD11)+4*AE11) -> 53.166799 | AN11: =(AL11+AM11)/2 -> 53.675742 | AO11: K0 | AP11: =($AP$4+2*$AP$5)/3 -> 166.30017 | AS11: K0' | AT11: =$AP$12 -> 3.5507604
A12: =Align!A12 -> 240 | B12: =Align!B12 -> 6.5857783 | C12: =Align!C12 -> 0.21074572 | D12: =Align!D12 -> 0.50423365 | E12: =Align!F12 -> 0.19225681 | F12: =Align!G12 -> 0.39172305 | G12: =2*Lfin_100/C12 -> 6.6810372 | H12: =2*Lfin_100/D12 -> 2.7923563 | I12: =2*Lfin_111/E12 -> 6.3144708 | J12: =2*Lfin_111/F12 -> 3.0991283 | K12: =G12^2+(2/3)*H12^2-2*J12^2 -> 30.625235 | L12: =4*Lfin_100^2/K12 -> 0.064733021 | M12: =0.5*(B12-B11)*(L12+L11) -> 0.053122864 | N12: =N11+M12 -> 0.44948238 | O12: =Lfin_100/(1+N12*scal_100) -> 0.69522586 | P12: =O12*Lfin_111/Lfin_100 -> 0.5994348 | Q12: =rho_100*(Lfin_100/O12)^3 -> 6.3234999 | R12: =0.5*(1-(Lfin_100/O12)^2) -> -0.0127002 | S12: =2*O12/C12 -> 6.5977697 | T12: =2*O12/D12 -> 2.7575544 | U12: =2*P12/E12 -> 6.2357719 | V12: =2*P12/F12 -> 3.060503 | W12: =Q12*U12^2 -> 245.88835 | X12: =Q12*V12^2 -> 59.230193 | Y12: =Q12*S12^2 -> 275.26552 | Z12: =Y12+AA12-3*X12 -> 145.65951 | AA12: =Q12*T12^2 -> 48.084566 | AB12: =-3*$AP$11*((1-2*R12)^2.5)*(1+1.5*(4-$AP$12)*R12)*R12 -> 6.6884497 | AC12: =((1-2*R12)^3.5)*($AP$4-$AP$14*R12)+3*AB12 -> 275.69266 | AD12: =((1-2*R12)^3.5)*($AP$5-$AP$15*R12)+1*AB12 -> 146.55316 | AE12: =((1-2*R12)^3.5)*($AP$6-$AP$16*R12)+1*AB12 -> 48.068331 | AF12: =AB12-B12 -> 0.1026714 | AG12: =AC12-Y12 -> 0.42713909 | AH12: =AD12-Z12 -> 0.89364631 | AI12: =AE12-AA12 -> -0.016234614 | AJ12: =IF(AND(A12>=CutoffLowBar,A12<=CutoffOilBar),AF12^2+AG12^2+AH12^2+AI12^2,0) -> 0.99185651 | AK12: =(AC12+2*AD12)/3 -> 189.59966 | AL12: =(AC12-AD12+3*AE12)/5 -> 54.6689 | AM12: =5*(AC12-AD12)*AE12/(3*(AC12-AD12)+4*AE12) -> 53.541555 | AN12: =(AL12+AM12)/2 -> 54.105227 | AO12: K0' | AP12: =($AP$7+2*$AP$8)/3 -> 3.5507604 | AS12: GV0 | AT12: =AL4 -> 50.492792
A13: =Align!A13 -> 270 | B13: =Align!B13 -> 7.2744872 | C13: =Align!C13 -> 0.20914572 | D13: =Align!D13 -> 0.50463365 | E13: =Align!F13 -> 0.19126642 | F13: =Align!G13 -> 0.39006856 | G13: =2*Lfin_100/C13 -> 6.7321483 | H13: =2*Lfin_100/D13 -> 2.7901429 | I13: =2*Lfin_111/E13 -> 6.3471675 | J13: =2*Lfin_111/F13 -> 3.1122734 | K13: =G13^2+(2/3)*H13^2-2*J13^2 -> 31.139261 | L13: =4*Lfin_100^2/K13 -> 0.063664453 | M13: =0.5*(B13-B12)*(L13+L12) -> 0.044214238 | N13: =N12+M13 -> 0.49369662 | O13: =Lfin_100/(1+N13*scal_100) -> 0.69437457 | P13: =O13*Lfin_111/Lfin_100 -> 0.5987008 | Q13: =rho_100*(Lfin_100/O13)^3 -> 6.3467858 | R13: =0.5*(1-(Lfin_100/O13)^2) -> -0.013958086 | S13: =2*O13/C13 -> 6.6401031 | T13: =2*O13/D13 -> 2.7519948 | U13: =2*P13/E13 -> 6.260386 | V13: =2*P13/F13 -> 3.0697209 | W13: =Q13*U13^2 -> 248.74598 | X13: =Q13*V13^2 -> 59.806946 | Y13: =Q13*S13^2 -> 279.83594 | Z13: =Y13+AA13-3*X13 -> 148.48232 | AA13: =Q13*T13^2 -> 48.067224 | AB13: =-3*$AP$11*((1-2*R13)^2.5)*(1+1.5*(4-$AP$12)*R13)*R13 -> 7.3897514 | AC13: =((1-2*R13)^3.5)*($AP$4-$AP$14*R13)+3*AB13 -> 279.24073 | AD13: =((1-2*R13)^3.5)*($AP$5-$AP$15*R13)+1*AB13 -> 148.37234 | AE13: =((1-2*R13)^3.5)*($AP$6-$AP$16*R13)+1*AB13 -> 48.15996 | AF13: =AB13-B13 -> 0.11526424 | AG13: =AC13-Y13 -> -0.59520786 | AH13: =AD13-Z13 -> -0.10998288 | AI13: =AE13-AA13 -> 0.092735746 | AJ13: =IF(AND(A13>=CutoffLowBar,A13<=CutoffOilBar),AF13^2+AG13^2+AH13^2+AI13^2,0) -> 0.3882544 | AK13: =(AC13+2*AD13)/3 -> 191.99514 | AL13: =(AC13-AD13+3*AE13)/5 -> 55.069654 | AM13: =5*(AC13-AD13)*AE13/(3*(AC13-AD13)+4*AE13) -> 53.845965 | AN13: =(AL13+AM13)/2 -> 54.457809 | AS13: GR0 | AT13: =AM4 -> 50.093623
A14: =Align!A14 -> 300 | B14: =Align!B14 -> 7.8340631 | C14: =Align!C14 -> 0.20814572 | D14: =Align!D14 -> 0.50383365 | E14: =Align!F14 -> 0.19048251 | F14: =Align!G14 -> 0.3888151 | G14: =2*Lfin_100/C14 -> 6.7644917 | H14: =2*Lfin_100/D14 -> 2.7945732 | I14: =2*Lfin_111/E14 -> 6.3732885 | J14: =2*Lfin_111/F14 -> 3.1223067 | K14: =G14^2+(2/3)*H14^2-2*J14^2 -> 31.467176 | L14: =4*Lfin_100^2/K14 -> 0.063001014 | M14: =0.5*(B14-B13)*(L14+L13) -> 0.035439474 | N14: =N13+M14 -> 0.52913609 | O14: =Lfin_100/(1+N14*scal_100) -> 0.69369374 | P14: =O14*Lfin_111/Lfin_100 -> 0.59811378 | Q14: =rho_100*(Lfin_100/O14)^3 -> 6.3654916 | R14: =0.5*(1-(Lfin_100/O14)^2) -> -0.014967443 | S14: =2*O14/C14 -> 6.6654624 | T14: =2*O14/D14 -> 2.7536618 | U14: =2*P14/E14 -> 6.2799863 | V14: =2*P14/F14 -> 3.0765975 | W14: =Q14*U14^2 -> 251.0437 | X14: =Q14*V14^2 -> 60.252254 | Y14: =Q14*S14^2 -> 282.80854 | Z14: =Y14+AA14-3*X14 -> 150.31909 | AA14: =Q14*T14^2 -> 48.267316 | AB14: =-3*$AP$11*((1-2*R14)^2.5)*(1+1.5*(4-$AP$12)*R14)*R14 -> 7.9576251 | AC14: =((1-2*R14)^3.5)*($AP$4-$AP$14*R14)+3*AB14 -> 282.10354 | AD14: =((1-2*R14)^3.5)*($AP$5-$AP$15*R14)+1*AB14 -> 149.8415 | AE14: =((1-2*R14)^3.5)*($AP$6-$AP$16*R14)+1*AB14 -> 48.2282 | AF14: =AB14-B14 -> 0.12356202 | AG14: =AC14-Y14 -> -0.70499332 | AH14: =AD14-Z14 -> -0.47759213 | AI14: =AE14-AA14 -> -0.039116191 | AJ14: =IF(AND(A14>=CutoffLowBar,A14<=CutoffOilBar),AF14^2+AG14^2+AH14^2+AI14^2,0) -> 0.74190747 | AK14: =(AC14+2*AD14)/3 -> 193.92885 | AL14: =(AC14-AD14+3*AE14)/5 -> 55.389329 | AM14: =5*(AC14-AD14)*AE14/(3*(AC14-AD14)+4*AE14) -> 54.08489 | AN14: =(AL14+AM14)/2 -> 54.737109 | AO14: C11a | AP14: =3*$AP$11*($AP$7-3)-7*$AP$4 -> -546.99826 | AS14: GH0 (Hill) | AT14: =AN4 -> 50.293207
A15: =Align!A15 -> 330 | B15: =Align!B15 -> 8.5227719 | C15: =Align!C15 -> 0.20734572 | D15: =Align!D15 -> 0.50403365 | E15: =Align!F15 -> 0.1895445 | F15: =Align!G15 -> 0.3873536 | G15: =2*Lfin_100/C15 -> 6.7905911 | H15: =2*Lfin_100/D15 -> 2.7934643 | I15: =2*Lfin_111/E15 -> 6.4048283 | J15: =2*Lfin_111/F15 -> 3.1340873 | K15: =G15^2+(2/3)*H15^2-2*J15^2 -> 31.669416 | L15: =4*Lfin_100^2/K15 -> 0.062598691 | M15: =0.5*(B15-B14)*(L15+L14) -> 0.043250814 | N15: =N14+M15 -> 0.57238691 | O15: =Lfin_100/(1+N15*scal_100) -> 0.69286464 | P15: =O15*Lfin_111/Lfin_100 -> 0.59739892 | Q15: =rho_100*(Lfin_100/O15)^3 -> 6.3883701 | R15: =0.5*(1-(Lfin_100/O15)^2) -> -0.016200619 | S15: =2*O15/C15 -> 6.6831825 | T15: =2*O15/D15 -> 2.7492793 | U15: =2*P15/E15 -> 6.3035214 | V15: =2*P15/F15 -> 3.0845146 | W15: =Q15*U15^2 -> 253.83794 | X15: =Q15*V15^2 -> 60.780425 | Y15: =Q15*S15^2 -> 285.33609 | Z15: =Y15+AA15-3*X15 -> 151.28155 | AA15: =Q15*T15^2 -> 48.286731 | AB15: =-3*$AP$11*((1-2*R15)^2.5)*(1+1.5*(4-$AP$12)*R15)*R15 -> 8.6576416 | AC15: =((1-2*R15)^3.5)*($AP$4-$AP$14*R15)+3*AB15 -> 285.62021 | AD15: =((1-2*R15)^3.5)*($AP$5-$AP$15*R15)+1*AB15 -> 151.64782 | AE15: =((1-2*R15)^3.5)*($AP$6-$AP$16*R15)+1*AB15 -> 48.305088 | AF15: =AB15-B15 -> 0.1348697 | AG15: =AC15-Y15 -> 0.28411537 | AH15: =AD15-Z15 -> 0.36627095 | AI15: =AE15-AA15 -> 0.018357017 | AJ15: =IF(AND(A15>=CutoffLowBar,A15<=CutoffOilBar),AF15^2+AG15^2+AH15^2+AI15^2,0) -> 0.23340277 | AK15: =(AC15+2*AD15)/3 -> 196.30528 | AL15: =(AC15-AD15+3*AE15)/5 -> 55.77753 | AM15: =5*(AC15-AD15)*AE15/(3*(AC15-AD15)+4*AE15) -> 54.37019 | AN15: =(AL15+AM15)/2 -> 55.07386 | AO15: C12a | AP15: =3*$AP$11*($AP$8-1)-7*$AP$5 -> -62.689657 | AS15: misfit | AT15: =$AP$18 -> 5.2648649
A16: =Align!A16 -> 360 | B16: =Align!B16 -> 9.1253922 | C16: =Align!C16 -> 0.20634572 | D16: =Align!D16 -> 0.50443365 | E16: =Align!F16 -> 0.18875088 | F16: =Align!G16 -> 0.38612789 | G16: =2*Lfin_100/C16 -> 6.8234999 | H16: =2*Lfin_100/D16 -> 2.7912492 | I16: =2*Lfin_111/E16 -> 6.4317582 | J16: =2*Lfin_111/F16 -> 3.1440361 | K16: =G16^2+(2/3)*H16^2-2*J16^2 -> 31.984273 | L16: =4*Lfin_100^2/K16 -> 0.061982462 | M16: =0.5*(B16-B15)*(L16+L15) -> 0.037537562 | N16: =N15+M16 -> 0.60992447 | O16: =Lfin_100/(1+N16*scal_100) -> 0.69214668 | P16: =O16*Lfin_111/Lfin_100 -> 0.59677987 | Q16: =rho_100*(Lfin_100/O16)^3 -> 6.4082708 | R16: =0.5*(1-(Lfin_100/O16)^2) -> -0.017272093 | S16: =2*O16/C16 -> 6.7086119 | T16: =2*O16/D16 -> 2.7442526 | U16: =2*P16/E16 -> 6.323466 | V16: =2*P16/F16 -> 3.0910996 | W16: =Q16*U16^2 -> 256.24254 | X16: =Q16*V16^2 -> 61.230366 | Y16: =Q16*S16^2 -> 288.40726 | Z16: =Y16+AA16-3*X16 -> 152.97636 | AA16: =Q16*T16^2 -> 48.26019 | AB16: =-3*$AP$11*((1-2*R16)^2.5)*(1+1.5*(4-$AP$12)*R16)*R16 -> 9.2714386 | AC16: =((1-2*R16)^3.5)*($AP$4-$AP$14*R16)+3*AB16 -> 288.69275 | AD16: =((1-2*R16)^3.5)*($AP$5-$AP$15*R16)+1*AB16 -> 153.22748 | AE16: =((1-2*R16)^3.5)*($AP$6-$AP$16*R16)+1*AB16 -> 48.36602 | AF16: =AB16-B16 -> 0.14604644 | AG16: =AC16-Y16 -> 0.28548406 | AH16: =AD16-Z16 -> 0.25112354 | AI16: =AE16-AA16 -> 0.10582995 | AJ16: =IF(AND(A16>=CutoffLowBar,A16<=CutoffOilBar),AF16^2+AG16^2+AH16^2+AI16^2,0) -> 0.17709372 | AK16: =(AC16+2*AD16)/3 -> 198.38257 | AL16: =(AC16-AD16+3*AE16)/5 -> 56.112666 | AM16: =5*(AC16-AD16)*AE16/(3*(AC16-AD16)+4*AE16) -> 54.612052 | AN16: =(AL16+AM16)/2 -> 55.362359 | AO16: C44a | AP16: =3*$AP$11*($AP$9-1)-7*$AP$6 -> -697.47319
A17: =Align!A17 -> 390 | B17: =Align!B17 -> 9.5558352 | C17: =Align!C17 -> 0.20554572 | D17: =Align!D17 -> 0.50383365 | E17: =Align!F17 -> 0.18820127 | F17: =Align!G17 -> 0.38527502 | G17: =2*Lfin_100/C17 -> 6.8500575 | H17: =2*Lfin_100/D17 -> 2.7945732 | I17: =2*Lfin_111/E17 -> 6.4505411 | J17: =2*Lfin_111/F17 -> 3.1509959 | K17: =G17^2+(2/3)*H17^2-2*J17^2 -> 32.272164 | L17: =4*Lfin_100^2/K17 -> 0.061429535 | M17: =0.5*(B17-B16)*(L17+L16) -> 0.026560917 | N17: =N16+M17 -> 0.63648538 | O17: =Lfin_100/(1+N17*scal_100) -> 0.69163955 | P17: =O17*Lfin_111/Lfin_100 -> 0.59634262 | Q17: =rho_100*(Lfin_100/O17)^3 -> 6.4223772 | R17: =0.5*(1-(Lfin_100/O17)^2) -> -0.01803092 | S17: =2*O17/C17 -> 6.7297879 | T17: =2*O17/D17 -> 2.7455076 | U17: =2*P17/E17 -> 6.337286 | V17: =2*P17/F17 -> 3.0956724 | W17: =Q17*U17^2 -> 257.93034 | X17: =Q17*V17^2 -> 61.546847 | Y17: =Q17*S17^2 -> 290.86975 | Z17: =Y17+AA17-3*X17 -> 154.63989 | AA17: =Q17*T17^2 -> 48.410672 | AB17: =-3*$AP$11*((1-2*R17)^2.5)*(1+1.5*(4-$AP$12)*R17)*R17 -> 9.7092768 | AC17: =((1-2*R17)^3.5)*($AP$4-$AP$14*R17)+3*AB17 -> 290.87831 | AD17: =((1-2*R17)^3.5)*($AP$5-$AP$15*R17)+1*AB17 -> 154.35196 | AE17: =((1-2*R17)^3.5)*($AP$6-$AP$16*R17)+1*AB17 -> 48.405826 | AF17: =AB17-B17 -> 0.15344162 | AG17: =AC17-Y17 -> 0.0085548784 | AH17: =AD17-Z17 -> -0.28793085 | AI17: =AE17-AA17 -> -0.0048453482 | AJ17: =IF(AND(A17>=CutoffLowBar,A17<=CutoffOilBar),AF17^2+AG17^2+AH17^2+AI17^2,0) -> 0.10654517 | AK17: =(AC17+2*AD17)/3 -> 199.86074 | AL17: =(AC17-AD17+3*AE17)/5 -> 56.348767 | AM17: =5*(AC17-AD17)*AE17/(3*(AC17-AD17)+4*AE17) -> 54.779883 | AN17: =(AL17+AM17)/2 -> 55.564325
A18: =Align!A18 -> 420 | B18: =Align!B18 -> 10.115411 | C18: =Align!C18 -> 0.20474572 | D18: =Align!D18 -> 0.50323365 | E18: =Align!F18 -> 0.1875096 | F18: =Align!G18 -> 0.38418916 | G18: =2*Lfin_100/C18 -> 6.8768226 | H18: =2*Lfin_100/D18 -> 2.7979051 | I18: =2*Lfin_111/E18 -> 6.4743351 | J18: =2*Lfin_111/F18 -> 3.1599018 | K18: =G18^2+(2/3)*H18^2-2*J18^2 -> 32.539579 | L18: =4*Lfin_100^2/K18 -> 0.060924696 | M18: =0.5*(B18-B17)*(L18+L17) -> 0.034233242 | N18: =N17+M18 -> 0.67071863 | O18: =Lfin_100/(1+N18*scal_100) -> 0.69098704 | P18: =O18*Lfin_111/Lfin_100 -> 0.59578001 | Q18: =rho_100*(Lfin_100/O18)^3 -> 6.4405888 | R18: =0.5*(1-(Lfin_100/O18)^2) -> -0.01900976 | S18: =2*O18/C18 -> 6.7497092 | T18: =2*O18/D18 -> 2.7461877 | U18: =2*P18/E18 -> 6.3546614 | V18: =2*P18/F18 -> 3.1014931 | W18: =Q18*U18^2 -> 260.08206 | X18: =Q18*V18^2 -> 61.953696 | Y18: =Q18*S18^2 -> 293.42404 | Z18: =Y18+AA18-3*X18 -> 156.13496 | AA18: =Q18*T18^2 -> 48.572004 | AB18: =-3*$AP$11*((1-2*R18)^2.5)*(1+1.5*(4-$AP$12)*R18)*R18 -> 10.277918 | AC18: =((1-2*R18)^3.5)*($AP$4-$AP$14*R18)+3*AB18 -> 293.70926 | AD18: =((1-2*R18)^3.5)*($AP$5-$AP$15*R18)+1*AB18 -> 155.80951 | AE18: =((1-2*R18)^3.5)*($AP$6-$AP$16*R18)+1*AB18 -> 48.453026 | AF18: =AB18-B18 -> 0.16250725 | AG18: =AC18-Y18 -> 0.2852187 | AH18: =AD18-Z18 -> -0.32544544 | AI18: =AE18-AA18 -> -0.11897822 | AJ18: =IF(AND(A18>=CutoffLowBar,A18<=CutoffOilBar),AF18^2+AG18^2+AH18^2+AI18^2,0) -> 0.22782886 | AK18: =(AC18+2*AD18)/3 -> 201.7761 | AL18: =(AC18-AD18+3*AE18)/5 -> 56.651765 | AM18: =5*(AC18-AD18)*AE18/(3*(AC18-AD18)+4*AE18) -> 54.99206 | AN18: =(AL18+AM18)/2 -> 55.821912 | AO18: OBJECTIVE (misfit) | AP18: =SUM(AJ4:AJ25) -> 5.2648649
A19: =Align!A19 -> 450 | B19: =Align!B19 -> 10.631943 | C19: =Align!C19 -> 0.20394572 | D19: =Align!D19 -> 0.50443365 | E19: =Align!F19 -> 0.18689359 | F19: =Align!G19 -> 0.38320738 | G19: =2*Lfin_100/C19 -> 6.9037977 | H19: =2*Lfin_100/D19 -> 2.7912492 | I19: =2*Lfin_111/E19 -> 6.4956751 | J19: =2*Lfin_111/F19 -> 3.1679974 | K19: =G19^2+(2/3)*H19^2-2*J19^2 -> 32.784056 | L19: =4*Lfin_100^2/K19 -> 0.060470371 | M19: =0.5*(B19-B18)*(L19+L18) -> 0.031352196 | N19: =N18+M19 -> 0.70207082 | O19: =Lfin_100/(1+N19*scal_100) -> 0.69039051 | P19: =O19*Lfin_111/Lfin_100 -> 0.59526568 | Q19: =rho_100*(Lfin_100/O19)^3 -> 6.4572979 | R19: =0.5*(1-(Lfin_100/O19)^2) -> -0.019907032 | S19: =2*O19/C19 -> 6.7703359 | T19: =2*O19/D19 -> 2.7372897 | U19: =2*P19/E19 -> 6.3701029 | V19: =2*P19/F19 -> 3.1067548 | W19: =Q19*U19^2 -> 262.0256 | X19: =Q19*V19^2 -> 62.325357 | Y19: =Q19*S19^2 -> 295.98606 | Z19: =Y19+AA19-3*X19 -> 157.39294 | AA19: =Q19*T19^2 -> 48.382951 | AB19: =-3*$AP$11*((1-2*R19)^2.5)*(1+1.5*(4-$AP$12)*R19)*R19 -> 10.803 | AC19: =((1-2*R19)^3.5)*($AP$4-$AP$14*R19)+3*AB19 -> 296.3159 | AD19: =((1-2*R19)^3.5)*($AP$5-$AP$15*R19)+1*AB19 -> 157.1526 | AE19: =((1-2*R19)^3.5)*($AP$6-$AP$16*R19)+1*AB19 -> 48.492141 | AF19: =AB19-B19 -> 0.17105764 | AG19: =AC19-Y19 -> 0.32984126 | AH19: =AD19-Z19 -> -0.24033167 | AI19: =AE19-AA19 -> 0.10919016 | AJ19: =IF(AND(A19>=CutoffLowBar,A19<=CutoffOilBar),AF19^2+AG19^2+AH19^2+AI19^2,0) -> 0 | AK19: =(AC19+2*AD19)/3 -> 203.54037 | AL19: =(AC19-AD19+3*AE19)/5 -> 56.927943 | AM19: =5*(AC19-AD19)*AE19/(3*(AC19-AD19)+4*AE19) -> 55.182213 | AN19: =(AL19+AM19)/2 -> 56.055078
A20: =Align!A20 -> 480 | B20: =Align!B20 -> 10.933253 | C20: =Align!C20 -> 0.20334572 | D20: =Align!D20 -> 0.50523365 | E20: =Align!F20 -> 0.18654301 | F20: =Align!G20 -> 0.38264355 | G20: =2*Lfin_100/C20 -> 6.9241684 | H20: =2*Lfin_100/D20 -> 2.7868294 | I20: =2*Lfin_111/E20 -> 6.5078827 | J20: =2*Lfin_111/F20 -> 3.1726655 | K20: =G20^2+(2/3)*H20^2-2*J20^2 -> 32.990107 | L20: =4*Lfin_100^2/K20 -> 0.060092682 | M20: =0.5*(B20-B19)*(L20+L19) -> 0.018163434 | N20: =N19+M20 -> 0.72023426 | O20: =Lfin_100/(1+N20*scal_100) -> 0.6900454 | P20: =O20*Lfin_111/Lfin_100 -> 0.59496812 | Q20: =rho_100*(Lfin_100/O20)^3 -> 6.4669913 | R20: =0.5*(1-(Lfin_100/O20)^2) -> -0.020427209 | S20: =2*O20/C20 -> 6.7869183 | T20: =2*O20/D20 -> 2.7315892 | U20: =2*P20/E20 -> 6.3788842 | V20: =2*P20/F20 -> 3.1097773 | W20: =Q20*U20^2 -> 263.14294 | X20: =Q20*V20^2 -> 62.54043 | Y20: =Q20*S20^2 -> 297.88424 | Z20: =Y20+AA20-3*X20 -> 158.51692 | AA20: =Q20*T20^2 -> 48.253972 | AB20: =-3*$AP$11*((1-2*R20)^2.5)*(1+1.5*(4-$AP$12)*R20)*R20 -> 11.109086 | AC20: =((1-2*R20)^3.5)*($AP$4-$AP$14*R20)+3*AB20 -> 297.83212 | AD20: =((1-2*R20)^3.5)*($AP$5-$AP$15*R20)+1*AB20 -> 157.9343 | AE20: =((1-2*R20)^3.5)*($AP$6-$AP$16*R20)+1*AB20 -> 48.512981 | AF20: =AB20-B20 -> 0.17583281 | AG20: =AC20-Y20 -> -0.05211698 | AH20: =AD20-Z20 -> -0.58261548 | AI20: =AE20-AA20 -> 0.259009 | AJ20: =IF(AND(A20>=CutoffLowBar,A20<=CutoffOilBar),AF20^2+AG20^2+AH20^2+AI20^2,0) -> 0 | AK20: =(AC20+2*AD20)/3 -> 204.56691 | AL20: =(AC20-AD20+3*AE20)/5 -> 57.087352 | AM20: =5*(AC20-AD20)*AE20/(3*(AC20-AD20)+4*AE20) -> 55.29052 | AN20: =(AL20+AM20)/2 -> 56.188936
A21: =Align!A21 -> 510 | B21: =Align!B21 -> 11.148474 | C21: =Align!C21 -> 0.20234572 | D21: =Align!D21 -> 0.50563365 | E21: =Align!F21 -> 0.18629574 | F21: =Align!G21 -> 0.38224488 | G21: =2*Lfin_100/C21 -> 6.9583879 | H21: =2*Lfin_100/D21 -> 2.7846248 | I21: =2*Lfin_111/E21 -> 6.5165205 | J21: =2*Lfin_111/F21 -> 3.1759746 | K21: =G21^2+(2/3)*H21^2-2*J21^2 -> 33.414956 | L21: =4*Lfin_100^2/K21 -> 0.059328643 | M21: =0.5*(B21-B20)*(L21+L20) -> 0.012851019 | N21: =N20+M21 -> 0.73308527 | O21: =Lfin_100/(1+N21*scal_100) -> 0.68980143 | P21: =O21*Lfin_111/Lfin_100 -> 0.59475777 | Q21: =rho_100*(Lfin_100/O21)^3 -> 6.4738554 | R21: =0.5*(1-(Lfin_100/O21)^2) -> -0.020795401 | S21: =2*O21/C21 -> 6.8180481 | T21: =2*O21/D21 -> 2.7284633 | U21: =2*P21/E21 -> 6.3850926 | V21: =2*P21/F21 -> 3.1119202 | W21: =Q21*U21^2 -> 263.93525 | X21: =Q21*V21^2 -> 62.693121 | Y21: =Q21*S21^2 -> 300.94222 | Z21: =Y21+AA21-3*X21 -> 161.05756 | AA21: =Q21*T21^2 -> 48.194695 | AB21: =-3*$AP$11*((1-2*R21)^2.5)*(1+1.5*(4-$AP$12)*R21)*R21 -> 11.326486 | AC21: =((1-2*R21)^3.5)*($AP$4-$AP$14*R21)+3*AB21 -> 298.90759 | AD21: =((1-2*R21)^3.5)*($AP$5-$AP$15*R21)+1*AB21 -> 158.48897 | AE21: =((1-2*R21)^3.5)*($AP$6-$AP$16*R21)+1*AB21 -> 48.526911 | AF21: =AB21-B21 -> 0.17801175 | AG21: =AC21-Y21 -> -2.0346314 | AH21: =AD21-Z21 -> -2.5685833 | AI21: =AE21-AA21 -> 0.33221576 | AJ21: =IF(AND(A21>=CutoffLowBar,A21<=CutoffOilBar),AF21^2+AG21^2+AH21^2+AI21^2,0) -> 0 | AK21: =(AC21+2*AD21)/3 -> 205.29518 | AL21: =(AC21-AD21+3*AE21)/5 -> 57.19987 | AM21: =5*(AC21-AD21)*AE21/(3*(AC21-AD21)+4*AE21) -> 55.366315 | AN21: =(AL21+AM21)/2 -> 56.283092
A22: =Align!A22 -> 540 | B22: =Align!B22 -> 11.535873 | C22: =Align!C22 -> 0.20174572 | D22: =Align!D22 -> 0.50523365 | E22: =Align!F22 -> 0.18585489 | F22: =Align!G22 -> 0.38153599 | G22: =2*Lfin_100/C22 -> 6.9790824 | H22: =2*Lfin_100/D22 -> 2.7868294 | I22: =2*Lfin_111/E22 -> 6.5319776 | J22: =2*Lfin_111/F22 -> 3.1818754 | K22: =G22^2+(2/3)*H22^2-2*J22^2 -> 33.63654 | L22: =4*Lfin_100^2/K22 -> 0.058937809 | M22: =0.5*(B22-B21)*(L22+L21) -> 0.022908136 | N22: =N21+M22 -> 0.75599341 | O22: =Lfin_100/(1+N22*scal_100) -> 0.68936696 | P22: =O22*Lfin_111/Lfin_100 -> 0.59438316 | Q22: =rho_100*(Lfin_100/O22)^3 -> 6.4861034 | R22: =0.5*(1-(Lfin_100/O22)^2) -> -0.021452062 | S22: =2*O22/C22 -> 6.8340182 | T22: =2*O22/D22 -> 2.7289036 | U22: =2*P22/E22 -> 6.3962068 | V22: =2*P22/F22 -> 3.1157384 | W22: =Q22*U22^2 -> 265.35597 | X22: =Q22*V22^2 -> 62.965961 | Y22: =Q22*S22^2 -> 302.92571 | Z22: =Y22+AA22-3*X22 -> 162.32929 | AA22: =Q22*T22^2 -> 48.301461 | AB22: =-3*$AP$11*((1-2*R22)^2.5)*(1+1.5*(4-$AP$12)*R22)*R22 -> 11.71575 | AC22: =((1-2*R22)^3.5)*($AP$4-$AP$14*R22)+3*AB22 -> 300.83029 | AD22: =((1-2*R22)^3.5)*($AP$5-$AP$15*R22)+1*AB22 -> 159.48102 | AE22: =((1-2*R22)^3.5)*($AP$6-$AP$16*R22)+1*AB22 -> 48.550056 | AF22: =AB22-B22 -> 0.17987733 | AG22: =AC22-Y22 -> -2.0954172 | AH22: =AD22-Z22 -> -2.8482725 | AI22: =AE22-AA22 -> 0.24859496 | AJ22: =IF(AND(A22>=CutoffLowBar,A22<=CutoffOilBar),AF22^2+AG22^2+AH22^2+AI22^2,0) -> 0 | AK22: =(AC22+2*AD22)/3 -> 206.59744 | AL22: =(AC22-AD22+3*AE22)/5 -> 57.399889 | AM22: =5*(AC22-AD22)*AE22/(3*(AC22-AD22)+4*AE22) -> 55.499692 | AN22: =(AL22+AM22)/2 -> 56.44979
