Workbook

Sheet Summary
B1: No Vs111 FS | C1: No Vs111 CK | D1: No Vp111 FS | E1: No Vp111 CK | F1: No Vs100 FS | G1: No Vs100 CK | H1: No Vp100 FS | I1: No Vp100 CK | J1: Katahara 1979 | K1: Lenkkeri 1978 | L1: Greiner 1979
A2: C11 | B2: 240.68857 | C2: 240.7699 | D2: 240.81296 | E2: 240.99468 | F2: 240.78794 | G2: 240.92291 | H2: 235.2451 | I2: 236.49317 | J2: 230.9 | K2: 235.7 | L2: 235.89
A3: C12 | B3: 118.562 | C3: 118.60892 | D3: 125.02099 | E3: 125.17116 | F3: 122.91828 | G3: 122.9914 | H3: 120.00908 | I3: 120.75374 | J3: 120.02 | K3: 126.5 | L3: 120.76
A4: C44 | B4: 46.810575 | C4: 46.784777 | D4: 46.772536 | E4: 46.764877 | F4: 44.654454 | G4: 44.636918 | H4: 46.741586 | I4: 46.785207 | J4: 43.36 | K4: 43.6 | L4: 46.55
A5: C11' | B5: 5.4557566 | C5: 5.3557556 | D5: 5.3987483 | E5: 5.3083074 | F5: 5.4124572 | G5: 5.3235931 | H5: 5.8834438 | I5: 5.6166774 | J5: 5.65
A6: C12' | B6: 3.3289144 | C6: 3.2634976 | D6: 2.9006022 | E6: 2.8397931 | F6: 3.0316917 | G6: 2.9797998 | H6: 3.291741 | I6: 3.1320693 | J6: 3.566
A7: C44' | B7: 0.24950623 | C7: 0.25389862 | D7: 0.25718211 | E7: 0.25784735 | F7: 0.38546676 | G7: 0.38636279 | H7: 0.25780482 | I7: 0.25383641 | J7: 0.185
A9: All sumsq | B9: 2.2320965 | C9: 3.4005102 | D9: 1.2163311 | E9: 4.6925977 | F9: 1.0330482 | G9: 3.3664426 | H9: 0.62305048 | I9: 2.0863161
A10: P smsq | B10: 0.032047753 | C10: 0.24849359 | D10: 0.11286279 | E10: 0.17565705 | F10: 0.076281029 | G10: 0.19764435 | H10: 0.10102043 | I10: 0.24878189
A11: C11 smsq | B11: 0.65044919 | C11: 2.1684723 | D11: 0.26598059 | E11: 2.1907947 | F11: 0.12025488 | G11: 2.1832549 | H11: 0.13379478 | I11: 1.7155645
A12: C12 smsq | B12: 1.4999805 | C12: 0.93309414 | D12: 0.045780643 | E12: 2.2741652 | F12: 0.30345889 | G12: 0.51707785 | H12: 0.33250961 | I12: 0.071516193
A13: C44 smsq | B13: 0.04961909 | C13: 0.050450188 | D13: 0.79170705 | E13: 0.05198078 | F13: 0.53305345 | G13: 0.46846555 | H13: 0.055725655 | I13: 0.05045353

Sheet Cook updated
A1: V100 Pressure | B1: Oil P | C1: 2TP Au pressure corrected 111 | D1: 2TS Au pressure corrected 111 | E1: V100 Pressure | F1: 2TP Au 100 | G1: 2TS Au 100 high C44 | H1: L corrected v111 TP | I1: L correct v111 TS | J1: f(x) for cook Vp111-4/3C44 | K1: f(x) for cook C11+2/3C44-2pVs111 | L1: f(x) for cook Vp111-4/3C46 | M1: rect+triang | N1: Sum Cook (I) | O1: Cook's Length | P1: integ unc | Q1: trap uncert | R1: Trap add | S1: L uncert | T1: Volume | U1: V ncrt | V1: V/v0 | W1: v/v0 ncrt | X1: New density | Y1: rho ncrt | Z1: Strain | AA1: VP100 ncrt | AB1: VS100 ncrt | AC1: VP111 ncrt | AD1: VS111 ncrt | AE1: Vp 111 | AF1: Vp100 | AG1: Vs100 | AH1: pvs111^^2 | AI1: pvp111^2 | AJ1: C11 exp | AK1: C44 exp | AL1: C12 vp
A2: 0 | B2: 0 | C2: 0.21010882 | D2: 0.41441731 | E2: 0 | F2: 0.22919993 | G2: 0.51092692 | H2: =C2*$O$2/0.623 -> 0.24012437 | I2: =D2*$O$2/0.623 -> 0.47361979 | J2: =1/((1/(H2^2))-(1.33333333333333/(G2^2))) -> 0.08172952 | K2: =1/((-2/(I2^2))+(1/(F2^2))+(0.6666/(G2^2))) -> 0.078905675 | L2: =1/((0.33333333/(H2^2))-(1.33333333333333/(I2^2))+(0.66666666666667/(F2^2))) -> 0.079823938 | N2: =SUM(M2:$M$2) -> 0 | O2: =$B$38/((N2*$B$43+1)) -> 0.712 | P2: =(6*F2*G2*SQRT(9*(G2^6)*(0.0002^2)+16*(F2^6)*(0.0002)^2))/((4*F2^2 - 3*G2^2)^2) -> 0.00017248585 | Q2: =(((E2-E2)/2)^2)*(P2^2+P3^2) -> 0 | R2: =SUM(Q2:$Q$2) -> 0 | S2: 0.001 | T2: =O2^3 -> 0.36094413 | U2: =3*S2/O2*T2 -> 0.001520832 | V2: =T2/$T$2 -> 1 | W2: =V2*3*SQRT((S2/O2)^2)+(0.001/$O$2)^2 -> 0.0042154558 | X2: =$B$40/((O2/$O$2)^3) -> 6.09 | Y2: 0.01 | Z2: =(1-((X2/$B$40)^0.66666667))/2 -> 0 | AA2: =(SQRT((S2/O2)^2 + (0.0002/F2)^2))*AF2 -> 0.010273008 | AB2: =SQRT((S2/O2)^2 + (0.0002/G2)^2)*AG2 -> 0.0040636461 | AC2: =SQRT((S2/O2)^2 + (0.0002/H2)^2)*AE2 -> 0.0096834626 | AD2: =SQRT((S2/O2)^2 + (0.0002/I2)^2)*#REF! -> #REF! | AE2: =2*O2/H2 -> 5.9302602 | AF2: =2*O2/F2 -> 6.2129163 | AG2: =2*O2/G2 -> 2.7870914 | AH2: =X2*#REF!^2 -> #REF! | AI2: =X2*AE2*AE2 -> 214.17304 | AJ2: =X2*AF2^2 -> 235.076 | AK2: =X2*AG2^2 -> 47.306379 | AL2: =1.5*AI2-AJ2/2-2*AK2 -> 109.1088 | BR2: tttttttttttttttttttt | CR2: o | DK2: 0
A3: 0.12913291 | B3: 30 | C3: 0.2017768 | D3: 0.41395642 | E3: 0.12913291 | F3: 0.22474572 | G3: 0.50723365 | H3: =C3*$O$2/0.607 -> 0.23668053 | I3: =D3*$O$2/0.607 -> 0.48556338 | J3: =1/((1/(H3^2))-(1.33333333333333/(G3^2))) -> 0.07893153 | K3: =1/((-2/(I3^2))+(1/(F3^2))+(0.6666/(G3^2))) -> 0.071911808 | L3: =1/((0.33333333/(H3^2))-(1.33333333333333/(I3^2))+(0.66666666666667/(F3^2))) -> 0.074107797 | M3: =(J3*(E3-E2)+0.5*(E3-E2)*(J2-J3)) -> 0.010373314 | N3: =SUM(M$3:$M3) -> 0.010373314 | O3: =$B$38/((N3*$B$43+1)) -> 0.71179731 | P3: =(6*F3*G3*SQRT(9*(G3^6)*(0.0002^2)+16*(F3^6)*(0.0002)^2))/((4*F3^2 - 3*G3^2)^2) -> 0.00016605784 | Q3: =(((E3-E2)/2)^2)*(P3^2+P4^2) -> 2.216109e-10 | R3: =SUM(Q$2:$Q3) -> 2.216109e-10 | S3: =SQRT(((O30*0.001)^2)+((P30*0.02)^2)+((Q30*R3)^2)) -> 0.0010002847 | T3: =O3^3 -> 0.36063596 | U3: =3*S3/O3*T3 -> 0.001520399 | V3: =T3/$T$2 -> 0.99914623 | W3: =V3*3*SQRT((S3/O3)^2)+(0.001/$O$2)^2 -> 0.0042142561 | X3: =$B$40/((O3/$O$2)^3) -> 6.0952039 | Y3: =(SQRT((0.02/$X$2)^2+(9*(0.001/$O$2)^2)+(9*(S3/O3)^2))*X3) -> 0.04147975 | Z3: =(1-((X3/$B$40)^0.66666667))/2 -> -0.00028479391 | AA3: =(SQRT((S3/O3)^2 + (0.0002/F3)^2))*AF3 -> 0.010536127 | AB3: =SQRT((S3/O3)^2 + (0.0002/G3)^2)*AG3 -> 0.0040963855 | AC3: =SQRT((S3/O3)^2 + (0.0002/H3)^2)*AE3 -> 0.0098630706 | AD3: =SQRT((S3/O3)^2 + (0.0002/I3)^2)*#REF! -> #REF! | AE3: =2*O3/H3 -> 6.0148363 | AF3: =2*O3/F3 -> 6.3342458 | AG3: =2*O3/G3 -> 2.8065856 | AH3: =X3*#REF!^2 -> #REF! | AI3: =X3*AE3*AE3 -> 220.51384 | AJ3: =X3*AF3^2 -> 244.55585 | AK3: =X3*AG3^2 -> 48.011449 | AL3: =1.5*AI3-AJ3/2-2*AK3 -> 112.46994
A4: 1.6356835 | B4: 60 | C4: 0.19870445 | D4: 0.40424966 | E4: 1.6356835 | F4: 0.22094572 | G4: 0.50583365 | H4: =C4*$O$2/0.607 -> 0.23307672 | I4: =D4*$O$2/0.607 -> 0.47417753 | J4: =1/((1/(H4^2))-(1.33333333333333/(G4^2))) -> 0.075776026 | K4: =1/((-2/(I4^2))+(1/(F4^2))+(0.6666/(G4^2))) -> 0.070447974 | L4: =1/((0.33333333/(H4^2))-(1.33333333333333/(I4^2))+(0.66666666666667/(F4^2))) -> 0.072137838 | M4: =(J4*(E4-E3)+0.5*(E4-E3)*(J3-J4)) -> 0.11653738 | N4: =SUM(M$3:$M4) -> 0.12691069 | O4: =$B$38/((N4*$B$43+1)) -> 0.70952817 | P4: =(6*F4*G4*SQRT(9*(G4^6)*(0.0002^2)+16*(F4^6)*(0.0002)^2))/((4*F4^2 - 3*G4^2)^2) -> 0.00015994952 | Q4: =(((E4-E3)/2)^2)*(P4^2+P5^2) -> 2.8357893e-08 | R4: =SUM(Q$2:$Q4) -> 2.8579504e-08 | S4: =SQRT(((O31*0.001)^2)+((P31*0.02)^2)+((Q31*R4)^2)) -> 0.001003478 | T4: =O4^3 -> 0.35719792 | U4: =3*S4/O4*T4 -> 0.0015155435 | V4: =T4/$T$2 -> 0.98962109 | W4: =V4*3*SQRT((S4/O4)^2)+(0.001/$O$2)^2 -> 0.0042008039 | X4: =$B$40/((O4/$O$2)^3) -> 6.1538705 | Y4: =(SQRT((0.02/$X$2)^2+(9*(0.001/$O$2)^2)+(9*(S4/O4)^2))*X4) -> 0.041982071 | Z4: =(1-((X4/$B$40)^0.66666667))/2 -> -0.0034898389 | AA4: =(SQRT((S4/O4)^2 + (0.0002/F4)^2))*AF4 -> 0.010784694 | AB4: =SQRT((S4/O4)^2 + (0.0002/G4)^2)*AG4 -> 0.0041197529 | AC4: =SQRT((S4/O4)^2 + (0.0002/H4)^2)*AE4 -> 0.010071649 | AD4: =SQRT((S4/O4)^2 + (0.0002/I4)^2)*#REF! -> #REF! | AE4: =2*O4/H4 -> 6.0883657 | AF4: =2*O4/F4 -> 6.4226469 | AG4: =2*O4/G4 -> 2.8053815 | AH4: =X4*#REF!^2 -> #REF! | AI4: =X4*AE4*AE4 -> 228.11288 | AJ4: =X4*AF4^2 -> 253.84957 | AK4: =X4*AG4^2 -> 48.431977 | AL4: =1.5*AI4-AJ4/2-2*AK4 -> 118.38059
A5: 2.4965696 | B5: 90 | C5: 0.19712307 | D5: 0.40093724 | E5: 2.4965696 | F5: 0.21874572 | G5: 0.50583365 | H5: =C5*$O$2/0.607 -> 0.23122179 | I5: =D5*$O$2/0.607 -> 0.47029212 | J5: =1/((1/(H5^2))-(1.33333333333333/(G5^2))) -> 0.074110757 | K5: =1/((-2/(I5^2))+(1/(F5^2))+(0.6666/(G5^2))) -> 0.069149582 | L5: =1/((0.33333333/(H5^2))-(1.33333333333333/(I5^2))+(0.66666666666667/(F5^2))) -> 0.070726951 | M5: =(J5*(E5-E4)+0.5*(E5-E4)*(J4-J5)) -> 0.06451772 | N5: =SUM(M$3:$M5) -> 0.19142842 | O5: =$B$38/((N5*$B$43+1)) -> 0.70827813 | P5: =(6*F5*G5*SQRT(9*(G5^6)*(0.0002^2)+16*(F5^6)*(0.0002)^2))/((4*F5^2 - 3*G5^2)^2) -> 0.00015618171 | Q5: =(((E5-E4)/2)^2)*(P5^2+P6^2) -> 8.8434243e-09 | R5: =SUM(Q$2:$Q5) -> 3.7422929e-08 | S5: =SQRT(((O32*0.001)^2)+((P32*0.02)^2)+((Q32*R5)^2)) -> 0.0010052414 | T5: =O5^3 -> 0.35531332 | U5: =3*S5/O5*T5 -> 0.0015128619 | V5: =T5/$T$2 -> 0.98439978 | W5: =V5*3*SQRT((S5/O5)^2)+(0.001/$O$2)^2 -> 0.0041933745 | X5: =$B$40/((O5/$O$2)^3) -> 6.1865109 | Y5: =(SQRT((0.02/$X$2)^2+(9*(0.001/$O$2)^2)+(9*(S5/O5)^2))*X5) -> 0.042262358 | Z5: =(1-((X5/$B$40)^0.66666667))/2 -> -0.0052686252 | AA5: =(SQRT((S5/O5)^2 + (0.0002/F5)^2))*AF5 -> 0.010932991 | AB5: =SQRT((S5/O5)^2 + (0.0002/G5)^2)*AG5 -> 0.0041259431 | AC5: =SQRT((S5/O5)^2 + (0.0002/H5)^2)*AE5 -> 0.01018257 | AD5: =SQRT((S5/O5)^2 + (0.0002/I5)^2)*#REF! -> #REF! | AE5: =2*O5/H5 -> 6.1263961 | AF5: =2*O5/F5 -> 6.4758124 | AG5: =2*O5/G5 -> 2.800439 | AH5: =X5*#REF!^2 -> #REF! | AI5: =X5*AE5*AE5 -> 232.19664 | AJ5: =X5*AF5^2 -> 259.43843 | AK5: =X5*AG5^2 -> 48.517454 | AL5: =1.5*AI5-AJ5/2-2*AK5 -> 121.54084
A6: 3.4435442 | B6: 120 | C6: 0.19552144 | D6: 0.39786989 | E6: 3.4435442 | F6: 0.21654572 | G6: 0.50523365 | H6: =C6*$O$2/0.607 -> 0.22934311 | I6: =D6*$O$2/0.607 -> 0.46669417 | J6: =1/((1/(H6^2))-(1.33333333333333/(G6^2))) -> 0.072523552 | K6: =1/((-2/(I6^2))+(1/(F6^2))+(0.6666/(G6^2))) -> 0.067776252 | L6: =1/((0.33333333/(H6^2))-(1.33333333333333/(I6^2))+(0.66666666666667/(F6^2))) -> 0.069287253 | M6: =(J6*(E6-E5)+0.5*(E6-E5)*(J5-J6)) -> 0.069429487 | N6: =SUM(M$3:$M6) -> 0.2608579 | O6: =$B$38/((N6*$B$43+1)) -> 0.70693783 | P6: =(6*F6*G6*SQRT(9*(G6^6)*(0.0002^2)+16*(F6^6)*(0.0002)^2))/((4*F6^2 - 3*G6^2)^2) -> 0.00015276458 | Q6: =(((E6-E5)/2)^2)*(P6^2+P7^2) -> 1.0265501e-08 | R6: =SUM(Q$2:$Q6) -> 4.768843e-08 | S6: =SQRT(((O33*0.001)^2)+((P33*0.02)^2)+((Q33*R6)^2)) -> 0.0010071351 | T6: =O6^3 -> 0.35330003 | U6: =3*S6/O6*T6 -> 0.0015099808 | V6: =T6/$T$2 -> 0.97882193 | W6: =V6*3*SQRT((S6/O6)^2)+(0.001/$O$2)^2 -> 0.0041853924 | X6: =$B$40/((O6/$O$2)^3) -> 6.221765 | Y6: =(SQRT((0.02/$X$2)^2+(9*(0.001/$O$2)^2)+(9*(S6/O6)^2))*X6) -> 0.04256573 | Z6: =(1-((X6/$B$40)^0.66666667))/2 -> -0.0071863352 | AA6: =(SQRT((S6/O6)^2 + (0.0002/F6)^2))*AF6 -> 0.01108553 | AB6: =SQRT((S6/O6)^2 + (0.0002/G6)^2)*AG6 -> 0.0041378548 | AC6: =SQRT((S6/O6)^2 + (0.0002/H6)^2)*AE6 -> 0.010297573 | AD6: =SQRT((S6/O6)^2 + (0.0002/I6)^2)*#REF! -> #REF! | AE6: =2*O6/H6 -> 6.1648927 | AF6: =2*O6/F6 -> 6.5292247 | AG6: =2*O6/G6 -> 2.798459 | AH6: =X6*#REF!^2 -> #REF! | AI6: =X6*AE6*AE6 -> 236.46379 | AJ6: =X6*AF6^2 -> 265.23866 | AK6: =X6*AG6^2 -> 48.724962 | AL6: =1.5*AI6-AJ6/2-2*AK6 -> 124.62643
A7: 4.4335632 | B7: 150 | C7: 0.19396667 | D7: 0.39485534 | E7: 4.4335632 | F7: 0.21474572 | G7: 0.50523365 | H7: =C7*$O$2/0.607 -> 0.22751939 | I7: =D7*$O$2/0.607 -> 0.46315816 | J7: =1/((1/(H7^2))-(1.33333333333333/(G7^2))) -> 0.070948991 | K7: =1/((-2/(I7^2))+(1/(F7^2))+(0.6666/(G7^2))) -> 0.066788286 | L7: =1/((0.33333333/(H7^2))-(1.33333333333333/(I7^2))+(0.66666666666667/(F7^2))) -> 0.068119077 | M7: =(J7*(E7-E6)+0.5*(E7-E6)*(J6-J7)) -> 0.071020269 | N7: =SUM(M$3:$M7) -> 0.33187817 | O7: =$B$38/((N7*$B$43+1)) -> 0.70557207 | P7: =(6*F7*G7*SQRT(9*(G7^6)*(0.0002^2)+16*(F7^6)*(0.0002)^2))/((4*F7^2 - 3*G7^2)^2) -> 0.00014984065 | Q7: =(((E7-E6)/2)^2)*(P7^2+P8^2) -> 1.0840844e-08 | R7: =SUM(Q$2:$Q7) -> 5.8529274e-08 | S7: =SQRT(((O34*0.001)^2)+((P34*0.02)^2)+((Q34*R7)^2)) -> 0.0010090676 | T7: =O7^3 -> 0.35125631 | U7: =3*S7/O7*T7 -> 0.0015070383 | V7: =T7/$T$2 -> 0.97315979 | W7: =V7*3*SQRT((S7/O7)^2)+(0.001/$O$2)^2 -> 0.0041772401 | X7: =$B$40/((O7/$O$2)^3) -> 6.2579651 | Y7: =(SQRT((0.02/$X$2)^2+(9*(0.001/$O$2)^2)+(9*(S7/O7)^2))*X7) -> 0.042877933 | Z7: =(1-((X7/$B$40)^0.66666667))/2 -> -0.0091517424 | AA7: =(SQRT((S7/O7)^2 + (0.0002/F7)^2))*AF7 -> 0.011214857 | AB7: =SQRT((S7/O7)^2 + (0.0002/G7)^2)*AG7 -> 0.0041446547 | AC7: =SQRT((S7/O7)^2 + (0.0002/H7)^2)*AE7 -> 0.01041179 | AD7: =SQRT((S7/O7)^2 + (0.0002/I7)^2)*#REF! -> #REF! | AE7: =2*O7/H7 -> 6.2023026 | AF7: =2*O7/F7 -> 6.5712329 | AG7: =2*O7/G7 -> 2.7930526 | AH7: =X7*#REF!^2 -> #REF! | AI7: =X7*AE7*AE7 -> 240.73489 | AJ7: =X7*AF7^2 -> 270.22583 | AK7: =X7*AG7^2 -> 48.819278 | AL7: =1.5*AI7-AJ7/2-2*AK7 -> 128.35087
A8: 5.122272 | B8: 180 | C8: 0.19293671 | D8: 0.3928225 | E8: 5.122272 | F8: 0.21334572 | G8: 0.50523365 | H8: =C8*$O$2/0.607 -> 0.22631127 | I8: =D8*$O$2/0.607 -> 0.46077367 | J8: =1/((1/(H8^2))-(1.33333333333333/(G8^2))) -> 0.069923047 | K8: =1/((-2/(I8^2))+(1/(F8^2))+(0.6666/(G8^2))) -> 0.065956677 | L8: =1/((0.33333333/(H8^2))-(1.33333333333333/(I8^2))+(0.66666666666667/(F8^2))) -> 0.067227052 | M8: =(J8*(E8-E7)+0.5*(E8-E7)*(J7-J8)) -> 0.048509909 | N8: =SUM(M$3:$M8) -> 0.38038808 | O8: =$B$38/((N8*$B$43+1)) -> 0.70464222 | P8: =(6*F8*G8*SQRT(9*(G8^6)*(0.0002^2)+16*(F8^6)*(0.0002)^2))/((4*F8^2 - 3*G8^2)^2) -> 0.00014761407 | Q8: =(((E8-E7)/2)^2)*(P8^2+P9^2) -> 5.0935318e-09 | R8: =SUM(Q$2:$Q8) -> 6.3622806e-08 | S8: =SQRT(((O35*0.001)^2)+((P35*0.02)^2)+((Q35*R8)^2)) -> 0.0010103849 | T8: =O8^3 -> 0.34986942 | U8: =3*S8/O8*T8 -> 0.0015050309 | V8: =T8/$T$2 -> 0.96931738 | W8: =V8*3*SQRT((S8/O8)^2)+(0.001/$O$2)^2 -> 0.0041716785 | X8: =$B$40/((O8/$O$2)^3) -> 6.2827719 | Y8: =(SQRT((0.02/$X$2)^2+(9*(0.001/$O$2)^2)+(9*(S8/O8)^2))*X8) -> 0.043092275 | Z8: =(1-((X8/$B$40)^0.66666667))/2 -> -0.010496385 | AA8: =(SQRT((S8/O8)^2 + (0.0002/F8)^2))*AF8 -> 0.011316416 | AB8: =SQRT((S8/O8)^2 + (0.0002/G8)^2)*AG8 -> 0.0041492923 | AC8: =SQRT((S8/O8)^2 + (0.0002/H8)^2)*AE8 -> 0.010488816 | AD8: =SQRT((S8/O8)^2 + (0.0002/I8)^2)*#REF! -> #REF! | AE8: =2*O8/H8 -> 6.2271952 | AF8: =2*O8/F8 -> 6.6056373 | AG8: =2*O8/G8 -> 2.7893717 | AH8: =X8*#REF!^2 -> #REF! | AI8: =X8*AE8*AE8 -> 243.63308 | AJ8: =X8*AF8^2 -> 274.14526 | AK8: =X8*AG8^2 -> 48.8837 | AL8: =1.5*AI8-AJ8/2-2*AK8 -> 130.60959
A9: 5.7679366 | B9: 210 | C9: 0.1919993 | D9: 0.39099582 | E9: 5.7679366 | F9: 0.21174572 | G9: 0.50423365 | H9: =C9*$O$2/0.607 -> 0.2252117 | I9: =D9*$O$2/0.607 -> 0.45863102 | J9: =1/((1/(H9^2))-(1.33333333333333/(G9^2))) -> 0.06909982 | K9: =1/((-2/(I9^2))+(1/(F9^2))+(0.6666/(G9^2))) -> 0.064863932 | L9: =1/((0.33333333/(H9^2))-(1.33333333333333/(I9^2))+(0.66666666666667/(F9^2))) -> 0.066216222 | M9: =(J9*(E9-E8)+0.5*(E9-E8)*(J8-J9)) -> 0.044881068 | N9: =SUM(M$3:$M9) -> 0.42526915 | O9: =$B$38/((N9*$B$43+1)) -> 0.70378411 | P9: =(6*F9*G9*SQRT(9*(G9^6)*(0.0002^2)+16*(F9^6)*(0.0002)^2))/((4*F9^2 - 3*G9^2)^2) -> 0.00014548021 | Q9: =(((E9-E8)/2)^2)*(P9^2+P10^2) -> 4.3650511e-09 | R9: =SUM(Q$2:$Q9) -> 6.7987857e-08 | S9: =SQRT(((O36*0.001)^2)+((P36*0.02)^2)+((Q36*R9)^2)) -> 0.0010116014 | T9: =O9^3 -> 0.34859277 | U9: =3*S9/O9*T9 -> 0.0015031752 | V9: =T9/$T$2 -> 0.9657804 | W9: =V9*3*SQRT((S9/O9)^2)+(0.001/$O$2)^2 -> 0.0041665375 | X9: =$B$40/((O9/$O$2)^3) -> 6.3057813 | Y9: =(SQRT((0.02/$X$2)^2+(9*(0.001/$O$2)^2)+(9*(S9/O9)^2))*X9) -> 0.043291374 | Z9: =(1-((X9/$B$40)^0.66666667))/2 -> -0.011742019 | AA9: =(SQRT((S9/O9)^2 + (0.0002/F9)^2))*AF9 -> 0.011433184 | AB9: =SQRT((S9/O9)^2 + (0.0002/G9)^2)*AG9 -> 0.0041623974 | AC9: =SQRT((S9/O9)^2 + (0.0002/H9)^2)*AE9 -> 0.010559846 | AD9: =SQRT((S9/O9)^2 + (0.0002/I9)^2)*#REF! -> #REF! | AE9: =2*O9/H9 -> 6.2499782 | AF9: =2*O9/F9 -> 6.6474459 | AG9: =2*O9/G9 -> 2.7915 | AH9: =X9*#REF!^2 -> #REF! | AI9: =X9*AE9*AE9 -> 246.31786 | AJ9: =X9*AF9^2 -> 278.64325 | AK9: =X9*AG9^2 -> 49.137625 | AL9: =1.5*AI9-AJ9/2-2*AK9 -> 131.87991
A10: 6.5857783 | B10: 240 | C10: 0.19084422 | D10: 0.38885471 | E10: 6.5857783 | F10: 0.21074572 | G10: 0.50423365 | H10: =C10*$O$2/0.607 -> 0.22385681 | I10: =D10*$O$2/0.607 -> 0.45611952 | J10: =1/((1/(H10^2))-(1.33333333333333/(G10^2))) -> 0.067975417 | K10: =1/((-2/(I10^2))+(1/(F10^2))+(0.6666/(G10^2))) -> 0.064416162 | L10: =1/((0.33333333/(H10^2))-(1.33333333333333/(I10^2))+(0.66666666666667/(F10^2))) -> 0.065559679 | M10: =(J10*(E10-E9)+0.5*(E10-E9)*(J9-J10)) -> 0.056052926 | N10: =SUM(M$3:$M10) -> 0.48132207 | O10: =$B$38/((N10*$B$43+1)) -> 0.70271533 | P10: =(6*F10*G10*SQRT(9*(G10^6)*(0.0002^2)+16*(F10^6)*(0.0002)^2))/((4*F10^2 - 3*G10^2)^2) -> 0.00014393848 | Q10: =(((E10-E9)/2)^2)*(P10^2+P11^2) -> 6.8066341e-09 | R10: =SUM(Q$2:$Q10) -> 7.4794491e-08 | S10: =SQRT(((O37*0.001)^2)+((P37*0.02)^2)+((Q37*R10)^2)) -> 0.0010131179 | T10: =O10^3 -> 0.34700704 | U10: =3*S10/O10*T10 -> 0.0015008597 | V10: =T10/$T$2 -> 0.96138712 | W10: =V10*3*SQRT((S10/O10)^2)+(0.001/$O$2)^2 -> 0.0041601223 | X10: =$B$40/((O10/$O$2)^3) -> 6.334597 | Y10: =(SQRT((0.02/$X$2)^2+(9*(0.001/$O$2)^2)+(9*(S10/O10)^2))*X10) -> 0.043541105 | Z10: =(1-((X10/$B$40)^0.66666667))/2 -> -0.01329985 | AA10: =(SQRT((S10/O10)^2 + (0.0002/F10)^2))*AF10 -> 0.011510619 | AB10: =SQRT((S10/O10)^2 + (0.0002/G10)^2)*AG10 -> 0.0041677496 | AC10: =SQRT((S10/O10)^2 + (0.0002/H10)^2)*AE10 -> 0.010648574 | AD10: =SQRT((S10/O10)^2 + (0.0002/I10)^2)*#REF! -> #REF! | AE10: =2*O10/H10 -> 6.2782572 | AF10: =2*O10/F10 -> 6.6688456 | AG10: =2*O10/G10 -> 2.7872608 | AH10: =X10*#REF!^2 -> #REF! | AI10: =X10*AE10*AE10 -> 249.68773 | AJ10: =X10*AF10^2 -> 281.72171 | AK10: =X10*AG10^2 -> 49.21236 | AL10: =1.5*AI10-AJ10/2-2*AK10 -> 135.24602
A11: 7.2744872 | B11: 270 | C11: 0.18989876 | D11: 0.38724285 | E11: 7.2744872 | F11: 0.20914572 | G11: 0.50463365 | H11: =C11*$O$2/0.607 -> 0.2227478 | I11: =D11*$O$2/0.607 -> 0.45422884 | J11: =1/((1/(H11^2))-(1.33333333333333/(G11^2))) -> 0.067029912 | K11: =1/((-2/(I11^2))+(1/(F11^2))+(0.6666/(G11^2))) -> 0.063349206 | L11: =1/((0.33333333/(H11^2))-(1.33333333333333/(I11^2))+(0.66666666666667/(F11^2))) -> 0.06452963 | M11: =(J11*(E11-E10)+0.5*(E11-E10)*(J10-J11)) -> 0.046489682 | N11: =SUM(M$3:$M11) -> 0.52781176 | O11: =$B$38/((N11*$B$43+1)) -> 0.70183135 | P11: =(6*F11*G11*SQRT(9*(G11^6)*(0.0002^2)+16*(F11^6)*(0.0002)^2))/((4*F11^2 - 3*G11^2)^2) -> 0.00014137639 | Q11: =(((E11-E10)/2)^2)*(P11^2+P12^2) -> 4.6994312e-09 | R11: =SUM(Q$2:$Q11) -> 7.9493922e-08 | S11: =SQRT(((O38*0.001)^2)+((P38*0.02)^2)+((Q38*R11)^2)) -> 0.0010143731 | T11: =O11^3 -> 0.34569914 | U11: =3*S11/O11*T11 -> 0.0014989409 | V11: =T11/$T$2 -> 0.95776358 | W11: =V11*3*SQRT((S11/O11)^2)+(0.001/$O$2)^2 -> 0.0041548061 | X11: =$B$40/((O11/$O$2)^3) -> 6.358563 | Y11: =(SQRT((0.02/$X$2)^2+(9*(0.001/$O$2)^2)+(9*(S11/O11)^2))*X11) -> 0.043749132 | Z11: =(1-((X11/$B$40)^0.66666667))/2 -> -0.014593694 | AA11: =(SQRT((S11/O11)^2 + (0.0002/F11)^2))*AF11 -> 0.011631114 | AB11: =SQRT((S11/O11)^2 + (0.0002/G11)^2)*AG11 -> 0.0041686433 | AC11: =SQRT((S11/O11)^2 + (0.0002/H11)^2)*AE11 -> 0.010722207 | AD11: =SQRT((S11/O11)^2 + (0.0002/I11)^2)*#REF! -> #REF! | AE11: =2*O11/H11 -> 6.3015783 | AF11: =2*O11/F11 -> 6.7114101 | AG11: =2*O11/G11 -> 2.781548 | AH11: =X11*#REF!^2 -> #REF! | AI11: =X11*AE11*AE11 -> 252.49783 | AJ11: =X11*AF11^2 -> 286.40892 | AK11: =X11*AG11^2 -> 49.19626 | AL11: =1.5*AI11-AJ11/2-2*AK11 -> 137.14977
A12: 7.8340631 | B12: 300 | C12: 0.18915085 | D12: 0.3860701 | E12: 7.8340631 | F12: 0.20814572 | G12: 0.50383365 | H12: =C12*$O$2/0.607 -> 0.22187052 | I12: =D12*$O$2/0.607 -> 0.45285323 | J12: =1/((1/(H12^2))-(1.33333333333333/(G12^2))) -> 0.066393261 | K12: =1/((-2/(I12^2))+(1/(F12^2))+(0.6666/(G12^2))) -> 0.062676078 | L12: =1/((0.33333333/(H12^2))-(1.33333333333333/(I12^2))+(0.66666666666667/(F12^2))) -> 0.063867298 | M12: =(J12*(E12-E11)+0.5*(E12-E11)*(J11-J12)) -> 0.037330198 | N12: =SUM(M$3:$M12) -> 0.56514196 | O12: =$B$38/((N12*$B$43+1)) -> 0.70112315 | P12: =(6*F12*G12*SQRT(9*(G12^6)*(0.0002^2)+16*(F12^6)*(0.0002)^2))/((4*F12^2 - 3*G12^2)^2) -> 0.00014015569 | Q12: =(((E12-E11)/2)^2)*(P12^2+P13^2) -> 3.0482081e-09 | R12: =SUM(Q$2:$Q12) -> 8.254213e-08 | S12: =SQRT(((O39*0.001)^2)+((P39*0.02)^2)+((Q39*R12)^2)) -> 0.0010153792 | T12: =O12^3 -> 0.34465368 | U12: =3*S12/O12*T12 -> 0.0014974011 | V12: =T12/$T$2 -> 0.95486712 | W12: =V12*3*SQRT((S12/O12)^2)+(0.001/$O$2)^2 -> 0.0041505401 | X12: =$B$40/((O12/$O$2)^3) -> 6.3778508 | Y12: =(SQRT((0.02/$X$2)^2+(9*(0.001/$O$2)^2)+(9*(S12/O12)^2))*X12) -> 0.043916767 | Z12: =(1-((X12/$B$40)^0.66666667))/2 -> -0.015633801 | AA12: =(SQRT((S12/O12)^2 + (0.0002/F12)^2))*AF12 -> 0.011708554 | AB12: =SQRT((S12/O12)^2 + (0.0002/G12)^2)*AG12 -> 0.0041792826 | AC12: =SQRT((S12/O12)^2 + (0.0002/H12)^2)*AE12 -> 0.010781127 | AD12: =SQRT((S12/O12)^2 + (0.0002/I12)^2)*#REF! -> #REF! | AE12: =2*O12/H12 -> 6.3201108 | AF12: =2*O12/F12 -> 6.7368491 | AG12: =2*O12/G12 -> 2.7831533 | AH12: =X12*#REF!^2 -> #REF! | AI12: =X12*AE12*AE12 -> 254.7556 | AJ12: =X12*AF12^2 -> 289.45962 | AK12: =X12*AG12^2 -> 49.402466 | AL12: =1.5*AI12-AJ12/2-2*AK12 -> 138.59866
A13: 8.5227719 | B13: 330 | C13: 0.18825875 | D13: 0.38477686 | E13: 8.5227719 | F13: 0.20734572 | G13: 0.50403365 | H13: =C13*$O$2/0.607 -> 0.2208241 | I13: =D13*$O$2/0.607 -> 0.45133628 | J13: =1/((1/(H13^2))-(1.33333333333333/(G13^2))) -> 0.065535439 | K13: =1/((-2/(I13^2))+(1/(F13^2))+(0.6666/(G13^2))) -> 0.062244196 | L13: =1/((0.33333333/(H13^2))-(1.33333333333333/(I13^2))+(0.66666666666667/(F13^2))) -> 0.06330322 | M13: =(J13*(E13-E12)+0.5*(E13-E12)*(J12-J13)) -> 0.045430231 | N13: =SUM(M$3:$M13) -> 0.61057219 | O13: =$B$38/((N13*$B$43+1)) -> 0.7002632 | P13: =(6*F13*G13*SQRT(9*(G13^6)*(0.0002^2)+16*(F13^6)*(0.0002)^2))/((4*F13^2 - 3*G13^2)^2) -> 0.00013890838 | Q13: =(((E13-E12)/2)^2)*(P13^2+P14^2) -> 4.5241559e-09 | R13: =SUM(Q$2:$Q13) -> 8.7066286e-08 | S13: =SQRT(((O40*0.001)^2)+((P40*0.02)^2)+((Q40*R13)^2)) -> 0.0010166015 | T13: =O13^3 -> 0.34338705 | U13: =3*S13/O13*T13 -> 0.0014955282 | V13: =T13/$T$2 -> 0.95135791 | W13: =V13*3*SQRT((S13/O13)^2)+(0.001/$O$2)^2 -> 0.0041453513 | X13: =$B$40/((O13/$O$2)^3) -> 6.4013763 | Y13: =(SQRT((0.02/$X$2)^2+(9*(0.001/$O$2)^2)+(9*(S13/O13)^2))*X13) -> 0.04412149 | Z13: =(1-((X13/$B$40)^0.66666667))/2 -> -0.016901011 | AA13: =(SQRT((S13/O13)^2 + (0.0002/F13)^2))*AF13 -> 0.011772994 | AB13: =SQRT((S13/O13)^2 + (0.0002/G13)^2)*AG13 -> 0.0041818291 | AC13: =SQRT((S13/O13)^2 + (0.0002/H13)^2)*AE13 -> 0.010852225 | AD13: =SQRT((S13/O13)^2 + (0.0002/I13)^2)*#REF! -> #REF! | AE13: =2*O13/H13 -> 6.3422714 | AF13: =2*O13/F13 -> 6.754547 | AG13: =2*O13/G13 -> 2.7786367 | AH13: =X13*#REF!^2 -> #REF! | AI13: =X13*AE13*AE13 -> 257.49156 | AJ13: =X13*AF13^2 -> 292.05578 | AK13: =X13*AG13^2 -> 49.423888 | AL13: =1.5*AI13-AJ13/2-2*AK13 -> 141.36168
A14: 9.1253922 | B14: 360 | C14: 0.18750572 | D14: 0.38374368 | E14: 9.1253922 | F14: 0.20634572 | G14: 0.50443365 | H14: =C14*$O$2/0.607 -> 0.21994081 | I14: =D14*$O$2/0.607 -> 0.45012438 | J14: =1/((1/(H14^2))-(1.33333333333333/(G14^2))) -> 0.064799211 | K14: =1/((-2/(I14^2))+(1/(F14^2))+(0.6666/(G14^2))) -> 0.06159665 | L14: =1/((0.33333333/(H14^2))-(1.33333333333333/(I14^2))+(0.66666666666667/(F14^2))) -> 0.062627723 | M14: =(J14*(E14-E13)+0.5*(E14-E13)*(J13-J14)) -> 0.039271149 | N14: =SUM(M$3:$M14) -> 0.64984334 | O14: =$B$38/((N14*$B$43+1)) -> 0.69952154 | P14: =(6*F14*G14*SQRT(9*(G14^6)*(0.0002^2)+16*(F14^6)*(0.0002)^2))/((4*F14^2 - 3*G14^2)^2) -> 0.00013732168 | Q14: =(((E14-E13)/2)^2)*(P14^2+P15^2) -> 3.4000951e-09 | R14: =SUM(Q$2:$Q14) -> 9.0466381e-08 | S14: =SQRT(((O41*0.001)^2)+((P41*0.02)^2)+((Q41*R14)^2)) -> 0.0010176561 | T14: =O14^3 -> 0.34229714 | U14: =3*S14/O14*T14 -> 0.0014939102 | V14: =T14/$T$2 -> 0.9483383 | W14: =V14*3*SQRT((S14/O14)^2)+(0.001/$O$2)^2 -> 0.0041408685 | X14: =$B$40/((O14/$O$2)^3) -> 6.421759 | Y14: =(SQRT((0.02/$X$2)^2+(9*(0.001/$O$2)^2)+(9*(S14/O14)^2))*X14) -> 0.044299091 | Z14: =(1-((X14/$B$40)^0.66666667))/2 -> -0.017997676 | AA14: =(SQRT((S14/O14)^2 + (0.0002/F14)^2))*AF14 -> 0.011852274 | AB14: =SQRT((S14/O14)^2 + (0.0002/G14)^2)*AG14 -> 0.0041820099 | AC14: =SQRT((S14/O14)^2 + (0.0002/H14)^2)*AE14 -> 0.010912962 | AD14: =SQRT((S14/O14)^2 + (0.0002/I14)^2)*#REF! -> #REF! | AE14: =2*O14/H14 -> 6.3609981 | AF14: =2*O14/F14 -> 6.7800925 | AG14: =2*O14/G14 -> 2.7734928 | AH14: =X14*#REF!^2 -> #REF! | AI14: =X14*AE14*AE14 -> 259.83912 | AJ14: =X14*AF14^2 -> 295.20604 | AK14: =X14*AG14^2 -> 49.397854 | AL14: =1.5*AI14-AJ14/2-2*AK14 -> 143.35994
... A23: 12.482848 | B23: 630 | C23: 0.18327563 | D23: 0.377551 | E23: 12.482848 | F23: 0.19974572 | G23: 0.50683365 | H23: =C23*$O$2/0.607 -> 0.21497899 | I23: =D23*$O$2/0.607 -> 0.44286048 | J23: =1/((1/(H23^2))-(1.33333333333333/(G23^2))) -> 0.060801138 | K23: =1/((-2/(I23^2))+(1/(F23^2))+(0.6666/(G23^2))) -> 0.057270106 | L23: =1/((0.33333333/(H23^2))-(1.33333333333333/(I23^2))+(0.66666666666667/(F23^2))) -> 0.058400057 | M23: =(J23*(E23-E22)+0.5*(E23-E22)*(J22-J23)) -> 0.010487428 | N23: =SUM(M$3:$M23) -> 0.86109385 | O23: =$B$38/((N23*$B$43+1)) -> 0.69555872 | P23: =(6*F23*G23*SQRT(9*(G23^6)*(0.0002^2)+16*(F23^6)*(0.0002)^2))/((4*F23^2 - 3*G23^2)^2) -> 0.00012750678 | Q23: =(((E23-E22)/2)^2)*(P23^2+P24^2) -> 1.2049191e-10 | R23: =SUM(Q$2:$Q23) -> 1.0272515e-07 | S23: =SQRT(((O50*0.001)^2)+((P50*0.02)^2)+((Q50*R23)^2)) -> 0.0010232964 | T23: =O23^3 -> 0.33651265 | U23: =3*S23/O23*T23 -> 0.0014852183 | V23: =T23/$T$2 -> 0.93231231 | W23: =V23*3*SQRT((S23/O23)^2)+(0.001/$O$2)^2 -> 0.0041167876 | X23: =$B$40/((O23/$O$2)^3) -> 6.5321459 | Y23: =(SQRT((0.02/$X$2)^2+(9*(0.001/$O$2)^2)+(9*(S23/O23)^2))*X23) -> 0.045264552 | Z23: =(1-((X23/$B$40)^0.66666667))/2 -> -0.023916881 | AA23: =(SQRT((S23/O23)^2 + (0.0002/F23)^2))*AF23 -> 0.012393843 | AB23: =SQRT((S23/O23)^2 + (0.0002/G23)^2)*AG23 -> 0.0041807291 | AC23: =SQRT((S23/O23)^2 + (0.0002/H23)^2)*AE23 -> 0.011263705 | AD23: =SQRT((S23/O23)^2 + (0.0002/I23)^2)*#REF! -> #REF! | AE23: =2*O23/H23 -> 6.4709461 | AF23: =2*O23/F23 -> 6.9644418 | AG23: =2*O23/G23 -> 2.744722 | AH23: =X23*#REF!^2 -> #REF! | AI23: =X23*AE23*AE23 -> 273.52148 | AJ23: =X23*AF23^2 -> 316.83161 | AK23: =X23*AG23^2 -> 49.209912 | AL23: =1.5*AI23-AJ23/2-2*AK23 -> 153.44659
AI26: %uncert min
B27: v111 | AI27: %uncert max
A28: Width then radius | B28: 2.34 | J28: D | M28: K | N28: I | O28: L term | P28: rho term | Q28: Int term | Z28: =1.42/0.2298 -> 6.1792863
A29: Length initial | B29: 0.623 | C29: 0.607 | J29: =12*$B$31*$B$38^2+$M$29*N2 -> 37.047468 | M29: =C34 -> 1.016974 | N29: sum cook | O29: =36*$B$40*($B$38^2)*(4*$B$40*$B$38^2 + $M$29*N2)/J29^2 -> 1 | P29: =36*$B$40*($B$38^2)*(4*$B$40*$B$38^2 + $M$29*O2)/M29^2 -> 1404.8934 | Q29: =-(12*$B$40*$M$29*$D$38^3)/(J29^2) -> -0.018893365
A30: alpha thermal expansion | B30: =0.000046 -> 4.6e-05 | F30: Value | G30: VP100 or 110 or VS110 | H30: bench | J30: =12*$B$31*$B$38^2+$M$29*N3 -> 37.058017 | O30: =36*$B$40*($B$38^2)*(4*$B$40*$B$38^2 + $M$29*N3)/J30^2 -> 1.0002845 | P30: =(12*$M$29*N3*$D$38^3)/(J30^2) -> 3.2163423e-05 | Q30: =-(12*$B$40*$M$29*$D$38^3)/(J30^2) -> -0.01888261
A31: density OG | B31: 6.09 | E31: C11 | F31: 231 | G31: 6.1588176 | H31: 0.23121321 | J31: =12*$B$31*$B$38^2+$M$29*N4 -> 37.176532 | O31: =36*$B$40*($B$38^2)*(4*$B$40*$B$38^2 + $M$29*N4)/J31^2 -> 1.0034476 | P31: =(12*$M$29*N4*$D$38^3)/(J31^2) -> 0.0003909935 | Q31: =-(12*$B$40*$M$29*$D$38^3)/(J31^2) -> -0.018762409
A32: Gamma gruneisen | B32: 1.23 | E32: C12 VP | F32: 120 | G32: 5.9398555 | H32: 0.23973647 | J32: =12*$B$31*$B$38^2+$M$29*N5 -> 37.242145 | O32: =36*$B$40*($B$38^2)*(4*$B$40*$B$38^2 + $M$29*N5)/J32^2 -> 1.0051727 | P32: =(12*$M$29*N5*$D$38^3)/(J32^2) -> 0.00058768702 | Q32: =-(12*$B$40*$M$29*$D$38^3)/(J32^2) -> -0.018696357
A33: T temp K | B33: 300 | E33: C12 VS | F33: 120 | G33: 2.9070625 | H33: 0.48984154 | J33: =12*$B$31*$B$38^2+$M$29*N6 -> 37.312753 | O33: =36*$B$40*($B$38^2)*(4*$B$40*$B$38^2 + $M$29*N6)/J33^2 -> 1.0070087 | P33: =(12*$M$29*N6*$D$38^3)/(J33^2) -> 0.00079780817 | Q33: =-(12*$B$40*$M$29*$D$38^3)/(J33^2) -> -0.018625664
A34: >scalar> | B34: =C34/C35 -> 0.035853802 | C34: =1+B30*B32*B33 -> 1.016974 | E34: C44 | F34: 43.4 | G34: 2.6695387 | H34: 0.5334255 | J34: =12*$B$31*$B$38^2+$M$29*N7 -> 37.384979 | O34: =36*$B$40*($B$38^2)*(4*$B$40*$B$38^2 + $M$29*N7)/J34^2 -> 1.008865 | P34: =(12*$M$29*N7*$D$38^3)/(J34^2) -> 0.0010110985 | Q34: =-(12*$B$40*$M$29*$D$38^3)/(J34^2) -> -0.018553766
C35: =12*B31*(B29^2) -> 28.364467 | J35: =12*$B$31*$B$38^2+$M$29*N8 -> 37.434312 | O35: =36*$B$40*($B$38^2)*(4*$B$40*$B$38^2 + $M$29*N8)/J35^2 -> 1.0101204 | P35: =(12*$M$29*N8*$D$38^3)/(J35^2) -> 0.0011558361 | Q35: =-(12*$B$40*$M$29*$D$38^3)/(J35^2) -> -0.018504896
B36: V100 | J36: =12*$B$31*$B$38^2+$M$29*N9 -> 37.479955 | O36: =36*$B$40*($B$38^2)*(4*$B$40*$B$38^2 + $M$29*N9)/J36^2 -> 1.0112729 | P36: =(12*$M$29*N9*$D$38^3)/(J36^2) -> 0.001289065 | Q36: =-(12*$B$40*$M$29*$D$38^3)/(J36^2) -> -0.018459853
A37: Width then radius | B37: 2.34 | C37: =B37/2 -> 1.17 | J37: =12*$B$31*$B$38^2+$M$29*N10 -> 37.53696 | O37: =36*$B$40*($B$38^2)*(4*$B$40*$B$38^2 + $M$29*N10)/J37^2 -> 1.0127002 | P37: =(12*$M$29*N10*$D$38^3)/(J37^2) -> 0.0014545433 | Q37: =-(12*$B$40*$M$29*$D$38^3)/(J37^2) -> -0.018403829
A38: Length initial | B38: 0.712 | C38: mm | D38: 0.704 | J38: =12*$B$31*$B$38^2+$M$29*N11 -> 37.584238 | O38: =36*$B$40*($B$38^2)*(4*$B$40*$B$38^2 + $M$29*N11)/J38^2 -> 1.0138739 | P38: =(12*$M$29*N11*$D$38^3)/(J38^2) -> 0.0015910236 | Q38: =-(12*$B$40*$M$29*$D$38^3)/(J38^2) -> -0.018357556
A39: alpha thermal expansion | B39: =0.000046 -> 4.6e-05 | C39: m/m C | J39: =12*$B$31*$B$38^2+$M$29*N12 -> 37.622202 | O39: =36*$B$40*($B$38^2)*(4*$B$40*$B$38^2 + $M$29*N12)/J39^2 -> 1.0148097 | P39: =(12*$M$29*N12*$D$38^3)/(J39^2) -> 0.0017001146 | Q39: =-(12*$B$40*$M$29*$D$38^3)/(J39^2) -> -0.018320526
A40: density OG | B40: 6.09 | C40: g/cm^3 | J40: =12*$B$31*$B$38^2+$M$29*N13 -> 37.668404 | O40: =36*$B$40*($B$38^2)*(4*$B$40*$B$38^2 + $M$29*N13)/J40^2 -> 1.0159408 | P40: =(12*$M$29*N13*$D$38^3)/(J40^2) -> 0.0018322792 | Q40: =-(12*$B$40*$M$29*$D$38^3)/(J40^2) -> -0.018275612
A41: Gamma gruneisen | B41: 1.23 | J41: =12*$B$31*$B$38^2+$M$29*N14 -> 37.708341 | O41: =36*$B$40*($B$38^2)*(4*$B$40*$B$38^2 + $M$29*N14)/J41^2 -> 1.0169116 | P41: =(12*$M$29*N14*$D$38^3)/(J41^2) -> 0.0019460002 | Q41: =-(12*$B$40*$M$29*$D$38^3)/(J41^2) -> -0.018236921
A42: T temp K | B42: 300 | J42: =12*$B$31*$B$38^2+$M$29*N15 -> 37.736613 | O42: =36*$B$40*($B$38^2)*(4*$B$40*$B$38^2 + $M$29*N15)/J42^2 -> 1.017595 | P42: =(12*$M$29*N15*$D$38^3)/(J42^2) -> 0.0020262088 | Q42: =-(12*$B$40*$M$29*$D$38^3)/(J42^2) -> -0.018209605
A43: >scalar> | B43: =C43/C44 -> 0.027450567 | C43: =1+B39*B41*B42 -> 1.016974 | J43: =12*$B$31*$B$38^2+$M$29*N16 -> 37.773084 | O43: =36*$B$40*($B$38^2)*(4*$B$40*$B$38^2 + $M$29*N16)/J43^2 -> 1.0184718 | P43: =(12*$M$29*N16*$D$38^3)/(J43^2) -> 0.0021293231 | Q43: =-(12*$B$40*$M$29*$D$38^3)/(J43^2) -> -0.018174458
C44: =12*B40*(B38^2) -> 37.047468 | J44: =12*$B$31*$B$38^2+$M$29*N17 -> 37.806431 | O44: =36*$B$40*($B$38^2)*(4*$B$40*$B$38^2 + $M$29*N17)/J44^2 -> 1.019269 | P44: =(12*$M$29*N17*$D$38^3)/(J44^2) -> 0.0022232534 | Q44: =-(12*$B$40*$M$29*$D$38^3)/(J44^2) -> -0.018142411
A45: delta C11 | B45: 3 | J45: =12*$B$31*$B$38^2+$M$29*N18 -> 37.825724 | O45: =36*$B$40*($B$38^2)*(4*$B$40*$B$38^2 + $M$29*N18)/J45^2 -> 1.0197282 | P45: =(12*$M$29*N18*$D$38^3)/(J45^2) -> 0.0022774435 | Q45: =-(12*$B$40*$M$29*$D$38^3)/(J45^2) -> -0.018123908
A46: delta C12/C44 | B46: 1 | J46: =12*$B$31*$B$38^2+$M$29*N19 -> 37.839433 | O46: =36*$B$40*($B$38^2)*(4*$B$40*$B$38^2 + $M$29*N19)/J46^2 -> 1.0200535 | P46: =(12*$M$29*N19*$D$38^3)/(J46^2) -> 0.0023158822 | Q46: =-(12*$B$40*$M$29*$D$38^3)/(J46^2) -> -0.018110778
J47: =12*$B$31*$B$38^2+$M$29*N20 -> 37.863979 | O47: =36*$B$40*($B$38^2)*(4*$B$40*$B$38^2 + $M$29*N20)/J47^2 -> 1.0206343 | P47: =(12*$M$29*N20*$D$38^3)/(J47^2) -> 0.0023845652 | Q47: =-(12*$B$40*$M$29*$D$38^3)/(J47^2) -> -0.018087305
A48: K | B48: 151.14 | J48: =12*$B$31*$B$38^2+$M$29*N21 -> 37.896429 | O48: =36*$B$40*($B$38^2)*(4*$B$40*$B$38^2 + $M$29*N21)/J48^2 -> 1.0213984 | P48: =(12*$M$29*N21*$D$38^3)/(J48^2) -> 0.0024750892 | Q48: =-(12*$B$40*$M$29*$D$38^3)/(J48^2) -> -0.018056342
A49: K' | B49: 3.47 | J49: =12*$B$31*$B$38^2+$M$29*N22 -> 37.912512 | O49: =36*$B$40*($B$38^2)*(4*$B$40*$B$38^2 + $M$29*N22)/J49^2 -> 1.0217756 | P49: =(12*$M$29*N22*$D$38^3)/(J49^2) -> 0.0025198379 | Q49: =-(12*$B$40*$M$29*$D$38^3)/(J49^2) -> -0.018041026
J50: =12*$B$31*$B$38^2+$M$29*N23 -> 37.923178 | O50: =36*$B$40*($B$38^2)*(4*$B$40*$B$38^2 + $M$29*N23)/J50^2 -> 1.0220252 | P50: =(12*$M$29*N23*$D$38^3)/(J50^2) -> 0.0025494713 | Q50: =-(12*$B$40*$M$29*$D$38^3)/(J50^2) -> -0.01803088
B51: Ratio 0.71/ 0.623
B52: =B38/B29 -> 1.1428571 | E52: Value | F52: VP100 or 110 or VS110 | G52: Travel time | H52: correction | I52: Bench correct | J52: predited measured time
D53: C11 | E53: 235 | F53: 6.2119119 | G53: 0.22923699 | H53: 0.0023427945 | I53: -0.012658141 | J53: 0.2268942
D54: C12 VP | E54: 120 | F54: 5.9509029 | G54: 0.20400266 | H54: 0.0019882247 | I54: -0.012665076 | J54: 0.20201443
D55: C12 VS | E55: 120 | F55: 2.9407579 | G55: 0.41281875 | H55: -0.00046133081 | I55: -0.0125 | J55: 0.41328008
D56: C44 | E56: 43 | F56: 2.6572082 | G56: 0.5359008 | H56: -0.00035202667 | I56: -0.0125 | J56: 0.53625283
O92: Pressure (GPa) | P92: Density | Q92: C11 | R92: C44 | S92: C12 | T92: GV | U92: GR | V92: GH | W92: Bulk mod
O93: 0 | P93: 6.09 | Q93: 231.75 | R93: 44.88 | S93: 118.9 | T93: 49.827575 | U93: 49.126282 | V93: 49.476928 | W93: 155.51436
O94: 2.4965696 | P94: 6.1835554 | Q94: 253.82 | R94: 47.35 | S94: 130.76 | T94: 53.022846 | U94: 52.159293 | V94: 52.59107 | W94: 169.40814
O95: 3.4435442 | P95: 6.2176196 | Q95: 259.48 | R95: 47.55 | S95: 132.75 | T95: 53.878163 | U95: 52.825601 | V95: 53.351882 | W95: 173.40014
O96: 4.4335632 | P96: 6.2526865 | Q96: 264.35 | R96: 47.64 | S96: 135.77 | T96: 54.299319 | U96: 53.145293 | V96: 53.722306 | W96: 176.66717
O97: 5.122272 | P97: 6.2767501 | Q97: 268.17 | R97: 47.7 | S97: 137.56 | T97: 54.743656 | U97: 53.467032 | V97: 54.105344 | W97: 179.89406
O98: 5.7679366 | P98: 6.299003 | Q98: 272.57 | R98: 47.95 | S98: 139.48 | T98: 55.384688 | U98: 53.980934 | V98: 54.682811 | W98: 182.91443
O99: 6.5857783 | P99: 6.326811 | Q99: 275.56 | R99: 48.02 | S99: 142.68 | T99: 55.387254 | U99: 54.008279 | V99: 54.697767 | W99: 186.30645
O100: 7.2744872 | P100: 6.3498266 | Q100: 280.14 | R100: 48 | S100: 145.84 | T100: 55.65948 | U100: 54.180211 | V100: 54.919846 | W100: 190.89599
O101: 7.8340631 | P101: 6.3682562 | Q101: 283.11 | R101: 48.2 | S101: 147.26 | T101: 56.090017 | U101: 54.53424 | V101: 55.312129 | W101: 193.05125
O102: 8.5227719 | P102: 6.3907722 | Q102: 285.64 | R102: 48.22 | S102: 149.14 | T102: 56.229761 | U102: 54.631136 | V102: 55.430449 | W102: 194.98038
O103: 9.1253922 | P103: 6.4102593 | Q103: 288.7 | R103: 48.19 | S103: 151.86 | T103: 56.283087 | U103: 54.654581 | V103: 55.468834 | W103: 198.63342
O104: 9.5558352 | P104: 6.4240466 | Q104: 291.17 | R104: 48.34 | S104: 152.44 | T104: 56.748959 | U104: 55.008589 | V104: 55.878774 | W104: 199.75558
... O112: 12.482848 | P112: 6.5146528 | Q112: 309.77 | R112: 47.99 | S112: 167.4 | T112: 57.269049 | U112: 55.184091 | V112: 56.22657 | W112: 218.82038

Sheet FS No Vs 111
A1: V100 Pressure | B1: Oil P | C1: 2TP Au pressure corrected 111 | D1: 2TS Au pressure corrected 111 | E1: V100 Pressure | F1: 2TP Au 100 | G1: 2TS Au 100 high C44 | H1: L corrected v111 TP | I1: L correct v111 TS | J1: f(x) for cook | K1: rect+triang | L1: Sum Cook (I) | M1: Cook's Length | N1: integ unc | O1: trap uncert | P1: Trap add | Q1: L uncert | R1: Volume | S1: V ncrt | T1: V/v0 | U1: v/v0 ncrt | V1: New density | W1: rho ncrt | X1: Strain | Y1: VP100 ncrt | Z1: VS100 ncrt | AA1: VP111 ncrt | AB1: VS111 ncrt | AC1: Vp 111 | AD1: Vp100 | AE1: Vs100 | AF1: pvp111^2 | AG1: C11 exp | AH1: C44 exp | AI1: C12 vp | AK1: L | AL1: V | AM1: V0/V calc | AN1: density | AO1: FS Pressure | AP1: finite strain f | AQ1: C11 fit | AR1: C44 fit | AS1: C12 fit | AT1: C11 diff | AU1: C44 diff | AV1: C12 diff | AW1: FSP diff | BA1: 2TP Au 100 | BB1: 2TS Au 100 high C44 | BC1: L corrected v111 TP | BD1: L correct v111 TS | BE1: L | BF1: V | BG1: V0/V calc | BH1: density | BI1: FS Pressure | BJ1: finite strain f | BK1: delta P | BL1: Vp 111 calc | BM1: Vp100 calc | BN1: Vs100 calc | BO1: pvp111^2 | BP1: C11 FS calc | BQ1: C44 FS calc | BR1: C12 FS calc | BS1: C11 fit | BT1: C44 fit | BU1: C12 fit | BV1: C11 diff | BW1: C12 vp diff | BX1: C44 diff | BY1: K | BZ1: Vp100 | CA1: Vs100 | CB1: Vp111 | CC1: Vs111 | CD1: GV | CE1: GR | CF1: GH | CG1: VP100 diff | CH1: VS100 diff | CI1: VP111 diff
A2: 0 | B2: 0 | C2: 0.21010882 | D2: 0.41441731 | E2: 0 | F2: =0.229199934662983 -> 0.22919993 | G2: =0.510926917293233 -> 0.51092692 | H2: =C2*0.712/0.623 -> 0.24012437 | I2: =D2*0.712/0.623 -> 0.47361979 | J2: =1/((1/(H2^2))-(1.33333333333333/(G2^2))) -> 0.08172952 | L2: =SUM(K2:$K$2) -> 0 | M2: 0.704 | N2: =(6*F2*G2*SQRT(9*(G2^6)*(0.0002^2)+16*(F2^6)*(0.0002)^2))/((4*F2^2 - 3*G2^2)^2) -> 0.00017248585 | O2: =(((E2-E2)/2)^2)*(N2^2+N3^2) -> 0 | P2: =SUM(O2:$O$2) -> 0 | Q2: 0.001 | R2: =M2^3 -> 0.34891366 | S2: =3*Q2/M2*R2 -> 0.001486848 | T2: =R2/$R$2 -> 1 | U2: =T2*3*SQRT((Q2/M2)^2)+(0.001/$M$2)^2 -> 0.0042633813 | V2: =$B$40/((M2/$M$2)^3) -> 6.09 | W2: 0.01 | X2: =(1-((V2/$B$40)^0.66666667))/2 -> 0 | Y2: =(SQRT((Q2/M2)^2 + (0.0002/F2)^2))*AD2 -> 0.010357367 | Z2: =SQRT((Q2/M2)^2 + (0.0002/G2)^2)*AE2 -> 0.0041065128 | AA2: =SQRT((Q2/M2)^2 + (0.0002/H2)^2)*AC2 -> 0.0097649912 | AB2: =SQRT((Q2/M2)^2 + (0.0002/I2)^2)*#REF! -> #REF! | AC2: =2*0.712/H2 -> 5.9302602 | AD2: =2*0.712/F2 -> 6.2129163 | AE2: =2*0.712/G2 -> 2.7870914 | AF2: =V2*AC2*AC2 -> 214.17304 | AG2: =V2*AD2^2 -> 235.076 | AH2: =V2*AE2^2 -> 47.306379 | AI2: =1.5*AF2-AG2/2-2*AH2 -> 109.1088 | AK2: =M2 -> 0.704 | AL2: =AK2^3 -> 0.34891366 | AM2: =$AL$2/AL2 -> 1 | AN2: 6.09 | AO2: =-3*$AP$31*((1-2*AP2)^2.5)*(1+3*(4-$AR$31)*AP2/2)*AP2 -> 0 | AP2: =0.5*(1-AM2^0.666666667) -> 0 | AQ2: =(1-2*AP2)^(3.5)*($AP$26-$AT$26*AP2)+AO2*3 -> 239.8936 | AR2: =(1-2*AP2)^(3.5)*($AP$28-$AT$28*AP2)+AO2*1 -> 46.22189 | AS2: =(1-2*AP2)^(3.5)*($AP$27-$AT$27*AP2)+AO2*1 -> 122.04281 | AT2: =AQ2-AG2 -> 4.8176043 | AU2: =AR2-AH2 -> -1.0844889 | AV2: =AS2-AI2 -> 12.934019 | AW2: =AO2-A2 -> 0 | BA2: 0.22919993 | BB2: 0.51092692 | BC2: =C2*0.712/0.623 -> 0.24012437 | BD2: =D2*0.712/0.623 -> 0.47361979 | BE2: 0.704 | BF2: =BE2^3 -> 0.34891366 | BG2: =$BF$2/BF2 -> 1 | BH2: 6.09 | BI2: =-3*$BG$36*((1-2*BJ2)^2.5)*(1+3*(4-$BG$37)*BJ2/2)*BJ2 -> 0 | BJ2: =0.5*(1-BG2^0.666666667) -> 0 | BK2: =BI2-E2 -> 0 | BL2: =2*0.712/BC2 -> 5.9302602 | BM2: =2*0.712/BA2 -> 6.2129163 | BN2: =2*0.712/BB2 -> 2.7870914 | BO2: =BH2*BL2*BL2 -> 214.17304 | BP2: =BH2*BM2^2 -> 235.076 | BQ2: =BH2*BN2^2 -> 47.306379 | BR2: =1.5*BO2-BP2/2-2*BQ2 -> 109.1088 | BS2: =(1-2*BJ2)^(3.5)*($BG$25-$BK$25*BJ2)+BI2*3 -> 239.51038 | BT2: =(1-2*BJ2)^(3.5)*($BG$27-$BK$27*BJ2)+BI2*1 -> 46.243127 | BU2: =(1-2*BJ2)^(3.5)*($BG$26-$BK$26*BJ2)+BI2*1 -> 121.79138 | BV2: =BS2-BP2 -> 4.4343822 | BW2: =BU2-BR2 -> 12.682583 | BX2: =BT2-BQ2 -> -1.0632517 | BY2: =(BS2+2*BU2)/3 -> 161.03105 | BZ2: =SQRT(BS2/BH2) -> 6.2712415 | CA2: =SQRT(BT2/BH2) -> 2.7555922 | CB2: =SQRT((0.33333334*(BS2+2*BU2+4*BT2))/BH2) -> 6.0470046 | CC2: =SQRT((0.3333334*(BS2-BU2+BT2))/BH2) -> 2.9957292 | CD2: =(BS2-BU2+3*BT2)/5 -> 51.289677 | CE2: =((5*(BS2-BU2)*BT2)/(3*(BS2-BU2)+4*BT2)) -> 50.579783 | CF2: =(CD2+CE2)/2 -> 50.93473 | CG2: =BZ2-AD2 -> 0.058325246 | CH2: =CA2-AE2 -> -0.031499141 | CI2: =CB2-AC2 -> 0.11674443 | CP2: tttttttttttttttttttt | DP2: o | EI2: 0
A3: 0.12913291 | B3: 30 | C3: 0.2017768 | D3: 0.41395642 | E3: 0.12913291 | F3: 0.22474572 | G3: 0.50723365 | H3: =C3*$M$2/0.607 -> 0.2340212 | I3: =D3*$M$2/0.607 -> 0.48010762 | J3: =1/((1/(H3^2))-(1.33333333333333/(G3^2))) -> 0.076468796 | K3: =(J3*(E3-E2)+0.5*(E3-E2)*(J2-J3)) -> 0.010214304 | L3: =SUM(K$3:$K3) -> 0.010214304 | M3: =0.704/((L3*$B$43+1)) -> 0.70379815 | N3: =(6*F3*G3*SQRT(9*(G3^6)*(0.0002^2)+16*(F3^6)*(0.0002)^2))/((4*F3^2 - 3*G3^2)^2) -> 0.00016605784 | O3: =(((E3-E2)/2)^2)*(N3^2+N4^2) -> 2.216109e-10 | P3: =SUM(O$2:$O3) -> 2.216109e-10 | Q3: =SQRT(((M30*0.001)^2)+((N30*0.02)^2)+((O30*P3)^2)) -> 0.0010002868 | R3: =M3^3 -> 0.34861363 | S3: =3*Q3/M3*R3 -> 0.0014864217 | T3: =R3/$R$2 -> 0.9991401 | U3: =T3*3*SQRT((Q3/M3)^2)+(0.001/$M$2)^2 -> 0.0042621594 | V3: =$B$40/((M3/$M$2)^3) -> 6.0952413 | W3: =(SQRT((0.02/$V$2)^2+(9*(0.001/$M$2)^2)+(9*(Q3/M3)^2))*V3) -> 0.041842138 | X3: =(1-((V3/$B$40)^0.66666667))/2 -> -0.00028683825 | Y3: =(SQRT((Q3/M3)^2 + (0.0002/F3)^2))*AD3 -> 0.010502389 | Z3: =SQRT((Q3/M3)^2 + (0.0002/G3)^2)*AE3 -> 0.0040930513 | AA3: =SQRT((Q3/M3)^2 + (0.0002/H3)^2)*AC3 -> 0.0099751606 | AB3: =SQRT((Q3/M3)^2 + (0.0002/I3)^2)*#REF! -> #REF! | AC3: =2*M3/H3 -> 6.014824 | AD3: =2*M3/F3 -> 6.2630617 | AE3: =2*M3/G3 -> 2.7750452 | AF3: =V3*AC3*AC3 -> 220.51429 | AG3: =V3*AD3^2 -> 239.09158 | AH3: =V3*AE3^2 -> 46.938697 | AI3: =1.5*AF3-AG3/2-2*AH3 -> 117.34826 | AK3: =M3 -> 0.70379815 | AL3: =AK3^3 -> 0.34861363 | AM3: =$AL$2/AL3 -> 1.0008606 | AN3: =$AN$2/((AK3/$AK$2)^3) -> 6.0952413 | AO3: =-3*$AP$31*((1-2*AP3)^2.5)*(1+3*(4-$AR$31)*AP3/2)*AP3 -> 0.13901184 | AP3: =0.5*(1-AM3^0.666666667) -> -0.00028683825 | AQ3: =(1-2*AP3)^(3.5)*($AP$26-$AT$26*AP3)+AO3*3 -> 240.64165 | AR3: =(1-2*AP3)^(3.5)*($AP$28-$AT$28*AP3)+AO3*1 -> 46.262168 | AS3: =(1-2*AP3)^(3.5)*($AP$27-$AT$27*AP3)+AO3*1 -> 122.46384 | AT3: =AQ3-AG3 -> 1.5500767 | AU3: =AR3-AH3 -> -0.67652879 | AV3: =AS3-AI3 -> 5.1155791 | AW3: =AO3-A3 -> 0.0098789332 | BA3: 0.22474572 | BB3: 0.50723365 | BC3: =C3*$BE$2/0.607 -> 0.2340212 | BD3: =D3*$BE$2/0.607 -> 0.48010762 | BE3: 0.70410933 | BF3: =BE3^3 -> 0.34907624 | BG3: =$BF$2/BF3 -> 0.99953426 | BH3: =$BH$2/((BE3/$BE$2)^3) -> 6.0871636 | BI3: =-3*$BG$36*((1-2*BJ3)^2.5)*(1+3*(4-$BG$37)*BJ3/2)*BJ3 -> -0.074948487 | BJ3: =0.5*(1-BG3^0.666666667) -> 0.00015526032 | BK3: =BI3-E3 -> -0.2040814 | BL3: =2*BE3/BC3 -> 6.0174834 | BM3: =2*BE3/BA3 -> 6.2658308 | BN3: =2*BE3/BB3 -> 2.7762722 | BO3: =BH3*BL3*BL3 -> 220.41684 | BP3: =BH3*BM3^2 -> 238.98591 | BQ3: =BH3*BN3^2 -> 46.917953 | BR3: =1.5*BO3-BP3/2-2*BQ3 -> 117.2964 | BS3: =(1-2*BJ3)^(3.5)*($BG$25-$BK$25*BJ3)+BI3*3 -> 239.09688 | BT3: =(1-2*BJ3)^(3.5)*($BG$27-$BK$27*BJ3)+BI3*1 -> 46.221492 | BU3: =(1-2*BJ3)^(3.5)*($BG$26-$BK$26*BJ3)+BI3*1 -> 121.55804 | BV3: =BS3-BP3 -> 0.11096396 | BW3: =BU3-BR3 -> 4.2616411 | BX3: =BT3-BQ3 -> -0.69646135 | BY3: =(BS3+2*BU3)/3 -> 160.73765 | BZ3: =SQRT(BS3/BH3) -> 6.2672853 | CA3: =SQRT(BT3/BH3) -> 2.7555893 | CB3: =SQRT((0.33333334*(BS3+2*BU3+4*BT3))/BH3) -> 6.0440355 | CC3: =SQRT((0.3333334*(BS3-BU3+BT3))/BH3) -> 2.9945825 | CD3: =(BS3-BU3+3*BT3)/5 -> 51.240663 | CE3: =((5*(BS3-BU3)*BT3)/(3*(BS3-BU3)+4*BT3)) -> 50.537631 | CF3: =(CD3+CE3)/2 -> 50.889147 | CG3: =BZ3-AD3 -> 0.0042236189 | CH3: =CA3-AE3 -> -0.019455914 | CI3: =CB3-AC3 -> 0.029211545
A4: 1.6356835 | B4: 60 | C4: 0.19870445 | D4: 0.40424966 | E4: 1.6356835 | F4: 0.22094572 | G4: 0.50583365 | H4: =C4*$M$2/0.607 -> 0.23045788 | I4: =D4*$M$2/0.607 -> 0.46884969 | J4: =1/((1/(H4^2))-(1.33333333333333/(G4^2))) -> 0.073434797 | K4: =(J4*(E4-E3)+0.5*(E4-E3)*(J3-J4)) -> 0.11291867 | L4: =SUM(K$3:$K4) -> 0.12313298 | M4: =$B$38/((L4*$B$43+1)) -> 0.70157443 | N4: =(6*F4*G4*SQRT(9*(G4^6)*(0.0002^2)+16*(F4^6)*(0.0002)^2))/((4*F4^2 - 3*G4^2)^2) -> 0.00015994952 | O4: =(((E4-E3)/2)^2)*(N4^2+N5^2) -> 2.8357893e-08 | P4: =SUM(O$2:$O4) -> 2.8579504e-08 | Q4: =SQRT(((M31*0.001)^2)+((N31*0.02)^2)+((O31*P4)^2)) -> 0.0010034531 | R4: =M4^3 -> 0.34531962 | S4: =3*Q4/M4*R4 -> 0.0014817189 | T4: =R4/$R$2 -> 0.98969933 | U4: =T4*3*SQRT((Q4/M4)^2)+(0.001/$M$2)^2 -> 0.0042486812 | V4: =$B$40/((M4/$M$2)^3) -> 6.153384 | W4: =(SQRT((0.02/$V$2)^2+(9*(0.001/$M$2)^2)+(9*(Q4/M4)^2))*V4) -> 0.042344873 | X4: =(1-((V4/$B$40)^0.66666667))/2 -> -0.0034633029 | Y4: =(SQRT((Q4/M4)^2 + (0.0002/F4)^2))*AD4 -> 0.010749511 | Z4: =SQRT((Q4/M4)^2 + (0.0002/G4)^2)*AE4 -> 0.0041163274 | AA4: =SQRT((Q4/M4)^2 + (0.0002/H4)^2)*AC4 -> 0.010185986 | AB4: =SQRT((Q4/M4)^2 + (0.0002/I4)^2)*#REF! -> #REF! | AC4: =2*M4/H4 -> 6.0885262 | AD4: =2*M4/F4 -> 6.3506496 | AE4: =2*M4/G4 -> 2.7739334 | AF4: =V4*AC4*AC4 -> 228.10687 | AG4: =V4*AD4^2 -> 248.1706 | AH4: =V4*AE4^2 -> 47.348484 | AI4: =1.5*AF4-AG4/2-2*AH4 -> 123.37804 | AK4: =M4 -> 0.70157443 | AL4: =AK4^3 -> 0.34531962 | AM4: =$AL$2/AL4 -> 1.0104079 | AN4: =$AN$2/((AK4/$AK$2)^3) -> 6.153384 | AO4: =-3*$AP$31*((1-2*AP4)^2.5)*(1+3*(4-$AR$31)*AP4/2)*AP4 -> 1.7036993 | AP4: =0.5*(1-AM4^0.666666667) -> -0.0034633029 | AQ4: =(1-2*AP4)^(3.5)*($AP$26-$AT$26*AP4)+AO4*3 -> 249.00692 | AR4: =(1-2*AP4)^(3.5)*($AP$28-$AT$28*AP4)+AO4*1 -> 46.690587 | AS4: =(1-2*AP4)^(3.5)*($AP$27-$AT$27*AP4)+AO4*1 -> 127.18506 | AT4: =AQ4-AG4 -> 0.83632089 | AU4: =AR4-AH4 -> -0.65789744 | AV4: =AS4-AI4 -> 3.8070168 | AW4: =AO4-A4 -> 0.06801577 | BA4: 0.22094572 | BB4: 0.50583365 | BC4: =C4*$BE$2/0.607 -> 0.23045788 | BD4: =D4*$BE$2/0.607 -> 0.46884969 | BE4: 0.70169087 | BF4: =BE4^3 -> 0.34549159 | BG4: =$BF$2/BF4 -> 1.0099049 | BH4: =$BH$2/((BE4/$BE$2)^3) -> 6.1503211 | BI4: =-3*$BG$36*((1-2*BJ4)^2.5)*(1+3*(4-$BG$37)*BJ4/2)*BJ4 -> 1.6180643 | BJ4: =0.5*(1-BG4^0.666666667) -> -0.0032962187 | BK4: =BI4-E4 -> -0.017619155 | BL4: =2*BE4/BC4 -> 6.0895367 | BM4: =2*BE4/BA4 -> 6.3517037 | BN4: =2*BE4/BB4 -> 2.7743938 | BO4: =BH4*BL4*BL4 -> 228.06902 | BP4: =BH4*BM4^2 -> 248.12941 | BQ4: =BH4*BN4^2 -> 47.340627 | BR4: =1.5*BO4-BP4/2-2*BQ4 -> 123.35757 | BS4: =(1-2*BJ4)^(3.5)*($BG$25-$BK$25*BJ4)+BI4*3 -> 248.38067 | BT4: =(1-2*BJ4)^(3.5)*($BG$27-$BK$27*BJ4)+BI4*1 -> 46.684986 | BU4: =(1-2*BJ4)^(3.5)*($BG$26-$BK$26*BJ4)+BI4*1 -> 126.80998 | BV4: =BS4-BP4 -> 0.25125863 | BW4: =BU4-BR4 -> 3.4524138 | BX4: =BT4-BQ4 -> -0.65564099 | BY4: =(BS4+2*BU4)/3 -> 167.33354 | BZ4: =SQRT(BS4/BH4) -> 6.3549188 | CA4: =SQRT(BT4/BH4) -> 2.7551149 | CB4: =SQRT((0.33333334*(BS4+2*BU4+4*BT4))/BH4) -> 6.109678 | CC4: =SQRT((0.3333334*(BS4-BU4+BT4))/BH4) -> 3.0197806 | CD4: =(BS4-BU4+3*BT4)/5 -> 52.32513 | CE4: =((5*(BS4-BU4)*BT4)/(3*(BS4-BU4)+4*BT4)) -> 51.459835 | CF4: =(CD4+CE4)/2 -> 51.892482 | CG4: =BZ4-AD4 -> 0.0042691458 | CH4: =CA4-AE4 -> -0.018818471 | CI4: =CB4-AC4 -> 0.021151788
A5: 2.4965696 | B5: 90 | C5: 0.19712307 | D5: 0.40093724 | E5: 2.4965696 | F5: 0.21874572 | G5: 0.50583365 | H5: =C5*$M$2/0.607 -> 0.22862379 | I5: =D5*$M$2/0.607 -> 0.46500794 | J5: =1/((1/(H5^2))-(1.33333333333333/(G5^2))) -> 0.071834787 | K5: =(J5*(E5-E4)+0.5*(E5-E4)*(J4-J5)) -> 0.06253028 | L5: =SUM(K$3:$K5) -> 0.18566326 | M5: =$B$38/((L5*$B$43+1)) -> 0.70034904 | N5: =(6*F5*G5*SQRT(9*(G5^6)*(0.0002^2)+16*(F5^6)*(0.0002)^2))/((4*F5^2 - 3*G5^2)^2) -> 0.00015618171 | O5: =(((E5-E4)/2)^2)*(N5^2+N6^2) -> 8.8434243e-09 | P5: =SUM(O$2:$O5) -> 3.7422929e-08 | Q5: =SQRT(((M32*0.001)^2)+((N32*0.02)^2)+((O32*P5)^2)) -> 0.001005203 | R5: =M5^3 -> 0.34351335 | S5: =3*Q5/M5*R5 -> 0.0014791224 | T5: =R5/$R$2 -> 0.9845225 | U5: =T5*3*SQRT((Q5/M5)^2)+(0.001/$M$2)^2 -> 0.0042412394 | V5: =$B$40/((M5/$M$2)^3) -> 6.1857398 | W5: =(SQRT((0.02/$V$2)^2+(9*(0.001/$M$2)^2)+(9*(Q5/M5)^2))*V5) -> 0.042625462 | X5: =(1-((V5/$B$40)^0.66666667))/2 -> -0.0052266388 | Y5: =(SQRT((Q5/M5)^2 + (0.0002/F5)^2))*AD5 -> 0.010896941 | Z5: =SQRT((Q5/M5)^2 + (0.0002/G5)^2)*AE5 -> 0.0041224874 | AA5: =SQRT((Q5/M5)^2 + (0.0002/H5)^2)*AC5 -> 0.01029811 | AB5: =SQRT((Q5/M5)^2 + (0.0002/I5)^2)*#REF! -> #REF! | AC5: =2*M5/H5 -> 6.1266507 | AD5: =2*M5/F5 -> 6.4033166 | AE5: =2*M5/G5 -> 2.7690884 | AF5: =V5*AC5*AC5 -> 232.18699 | AG5: =V5*AD5^2 -> 253.63057 | AH5: =V5*AE5^2 -> 47.431329 | AI5: =1.5*AF5-AG5/2-2*AH5 -> 126.60255 | AK5: =M5 -> 0.70034904 | AL5: =AK5^3 -> 0.34351335 | AM5: =$AL$2/AL5 -> 1.0157208 | AN5: =$AN$2/((AK5/$AK$2)^3) -> 6.1857398 | AO5: =-3*$AP$31*((1-2*AP5)^2.5)*(1+3*(4-$AR$31)*AP5/2)*AP5 -> 2.5924334 | AP5: =0.5*(1-AM5^0.666666667) -> -0.0052266388 | AQ5: =(1-2*AP5)^(3.5)*($AP$26-$AT$26*AP5)+AO5*3 -> 253.71523 | AR5: =(1-2*AP5)^(3.5)*($AP$28-$AT$28*AP5)+AO5*1 -> 46.914092 | AS5: =(1-2*AP5)^(3.5)*($AP$27-$AT$27*AP5)+AO5*1 -> 129.85282 | AT5: =AQ5-AG5 -> 0.084666732 | AU5: =AR5-AH5 -> -0.51723713 | AV5: =AS5-AI5 -> 3.2502691 | AW5: =AO5-A5 -> 0.095863852 | BA5: 0.21874572 | BB5: 0.50583365 | BC5: =C5*$BE$2/0.607 -> 0.22862379 | BD5: =D5*$BE$2/0.607 -> 0.46500794 | BE5: 0.70031976 | BF5: =BE5^3 -> 0.34347026 | BG5: =$BF$2/BF5 -> 1.0158483 | BH5: =$BH$2/((BE5/$BE$2)^3) -> 6.1865159 | BI5: =-3*$BG$36*((1-2*BJ5)^2.5)*(1+3*(4-$BG$37)*BJ5/2)*BJ5 -> 2.6111737 | BJ5: =0.5*(1-BG5^0.666666667) -> -0.0052688963 | BK5: =BI5-E5 -> 0.1146041 | BL5: =2*BE5/BC5 -> 6.1263945 | BM5: =2*BE5/BA5 -> 6.4030488 | BN5: =2*BE5/BB5 -> 2.7689726 | BO5: =BH5*BL5*BL5 -> 232.1967 | BP5: =BH5*BM5^2 -> 253.64117 | BQ5: =BH5*BN5^2 -> 47.433312 | BR5: =1.5*BO5-BP5/2-2*BQ5 -> 126.60784 | BS5: =(1-2*BJ5)^(3.5)*($BG$25-$BK$25*BJ5)+BI5*3 -> 253.77315 | BT5: =(1-2*BJ5)^(3.5)*($BG$27-$BK$27*BJ5)+BI5*1 -> 46.933034 | BU5: =(1-2*BJ5)^(3.5)*($BG$26-$BK$26*BJ5)+BI5*1 -> 129.87304 | BV5: =BS5-BP5 -> 0.13197829 | BW5: =BU5-BR5 -> 3.2651986 | BX5: =BT5-BQ5 -> -0.50027888 | BY5: =(BS5+2*BU5)/3 -> 171.17308 | BZ5: =SQRT(BS5/BH5) -> 6.4047144 | CA5: =SQRT(BT5/BH5) -> 2.7543317 | CB5: =SQRT((0.33333334*(BS5+2*BU5+4*BT5))/BH5) -> 6.1468579 | CC5: =SQRT((0.3333334*(BS5-BU5+BT5))/BH5) -> 3.0339081 | CD5: =(BS5-BU5+3*BT5)/5 -> 52.939842 | CE5: =((5*(BS5-BU5)*BT5)/(3*(BS5-BU5)+4*BT5)) -> 51.972386 | CF5: =(CD5+CE5)/2 -> 52.456114 | CG5: =BZ5-AD5 -> 0.0013978749 | CH5: =CA5-AE5 -> -0.014756673 | CI5: =CB5-AC5 -> 0.020207187
A6: 3.4435442 | B6: 120 | C6: 0.19552144 | D6: 0.39786989 | E6: 3.4435442 | F6: 0.21654572 | G6: 0.50523365 | H6: =C6*$M$2/0.607 -> 0.22676622 | I6: =D6*$M$2/0.607 -> 0.46145042 | J6: =1/((1/(H6^2))-(1.33333333333333/(G6^2))) -> 0.07030781 | K6: =(J6*(E6-E5)+0.5*(E6-E5)*(J5-J6)) -> 0.067302719 | L6: =SUM(K$3:$K6) -> 0.25296598 | M6: =$B$38/((L6*$B$43+1)) -> 0.69903491 | N6: =(6*F6*G6*SQRT(9*(G6^6)*(0.0002^2)+16*(F6^6)*(0.0002)^2))/((4*F6^2 - 3*G6^2)^2) -> 0.00015276458 | O6: =(((E6-E5)/2)^2)*(N6^2+N7^2) -> 1.0265501e-08 | P6: =SUM(O$2:$O6) -> 4.768843e-08 | Q6: =SQRT(((M33*0.001)^2)+((N33*0.02)^2)+((O33*P6)^2)) -> 0.0010070834 | R6: =M6^3 -> 0.34158328 | S6: =3*Q6/M6*R6 -> 0.0014763333 | T6: =R6/$R$2 -> 0.97899082 | U6: =T6*3*SQRT((Q6/M6)^2)+(0.001/$M$2)^2 -> 0.0042332457 | V6: =$B$40/((M6/$M$2)^3) -> 6.2206916 | W6: =(SQRT((0.02/$V$2)^2+(9*(0.001/$M$2)^2)+(9*(Q6/M6)^2))*V6) -> 0.042929216 | X6: =(1-((V6/$B$40)^0.66666667))/2 -> -0.0071280005 | Y6: =(SQRT((Q6/M6)^2 + (0.0002/F6)^2))*AD6 -> 0.0110486 | Z6: =SQRT((Q6/M6)^2 + (0.0002/G6)^2)*AE6 -> 0.0041343591 | AA6: =SQRT((Q6/M6)^2 + (0.0002/H6)^2)*AC6 -> 0.010414365 | AB6: =SQRT((Q6/M6)^2 + (0.0002/I6)^2)*#REF! -> #REF! | AC6: =2*M6/H6 -> 6.1652473 | AD6: =2*M6/F6 -> 6.4562339 | AE6: =2*M6/G6 -> 2.7671748 | AF6: =V6*AC6*AC6 -> 236.45019 | AG6: =V6*AD6^2 -> 259.29682 | AH6: =V6*AE6^2 -> 47.633431 | AI6: =1.5*AF6-AG6/2-2*AH6 -> 129.76002 | AK6: =M6 -> 0.69903491 | AL6: =AK6^3 -> 0.34158328 | AM6: =$AL$2/AL6 -> 1.02146 | AN6: =$AN$2/((AK6/$AK$2)^3) -> 6.2206916 | AO6: =-3*$AP$31*((1-2*AP6)^2.5)*(1+3*(4-$AR$31)*AP6/2)*AP6 -> 3.5669827 | AP6: =0.5*(1-AM6^0.666666667) -> -0.0071280005 | AQ6: =(1-2*AP6)^(3.5)*($AP$26-$AT$26*AP6)+AO6*3 -> 258.84391 | AR6: =(1-2*AP6)^(3.5)*($AP$28-$AT$28*AP6)+AO6*1 -> 47.14325 | AS6: =(1-2*AP6)^(3.5)*($AP$27-$AT$27*AP6)+AO6*1 -> 132.76725 | AT6: =AQ6-AG6 -> -0.45290914 | AU6: =AR6-AH6 -> -0.49018104 | AV6: =AS6-AI6 -> 3.0072331 | AW6: =AO6-A6 -> 0.12343852 | BA6: 0.21654572 | BB6: 0.50523365 | BC6: =C6*$BE$2/0.607 -> 0.22676622 | BD6: =D6*$BE$2/0.607 -> 0.46145042 | BE6: 0.69916921 | BF6: =BE6^3 -> 0.34178019 | BG6: =$BF$2/BF6 -> 1.0208715 | BH6: =$BH$2/((BE6/$BE$2)^3) -> 6.2171076 | BI6: =-3*$BG$36*((1-2*BJ6)^2.5)*(1+3*(4-$BG$37)*BJ6/2)*BJ6 -> 3.4635885 | BJ6: =0.5*(1-BG6^0.666666667) -> -0.0069331943 | BK6: =BI6-E6 -> 0.020044316 | BL6: =2*BE6/BC6 -> 6.1664318 | BM6: =2*BE6/BA6 -> 6.4574743 | BN6: =2*BE6/BB6 -> 2.7677065 | BO6: =BH6*BL6*BL6 -> 236.40478 | BP6: =BH6*BM6^2 -> 259.24701 | BQ6: =BH6*BN6^2 -> 47.624281 | BR6: =1.5*BO6-BP6/2-2*BQ6 -> 129.7351 | BS6: =(1-2*BJ6)^(3.5)*($BG$25-$BK$25*BJ6)+BI6*3 -> 258.37177 | BT6: =(1-2*BJ6)^(3.5)*($BG$27-$BK$27*BJ6)+BI6*1 -> 47.132435 | BU6: =(1-2*BJ6)^(3.5)*($BG$26-$BK$26*BJ6)+BI6*1 -> 132.49233 | BV6: =BS6-BP6 -> -0.8752448 | BW6: =BU6-BR6 -> 2.7572288 | BX6: =BT6-BQ6 -> -0.49184598 | BY6: =(BS6+2*BU6)/3 -> 174.45214 | BZ6: =SQRT(BS6/BH6) -> 6.4465645 | CA6: =SQRT(BT6/BH6) -> 2.7533774 | CB6: =SQRT((0.33333334*(BS6+2*BU6+4*BT6))/BH6) -> 6.1780364 | CC6: =SQRT((0.3333334*(BS6-BU6+BT6))/BH6) -> 3.0456724 | CD6: =(BS6-BU6+3*BT6)/5 -> 53.455349 | CE6: =((5*(BS6-BU6)*BT6)/(3*(BS6-BU6)+4*BT6)) -> 52.396143 | CF6: =(CD6+CE6)/2 -> 52.925746 | CG6: =BZ6-AD6 -> -0.0096693736 | CH6: =CA6-AE6 -> -0.013797378 | CI6: =CB6-AC6 -> 0.012789056
A7: 4.4335632 | B7: 150 | C7: 0.19396667 | D7: 0.39485534 | E7: 4.4335632 | F7: 0.21474572 | G7: 0.50523365 | H7: =C7*$M$2/0.607 -> 0.224963 | I7: =D7*$M$2/0.607 -> 0.45795413 | J7: =1/((1/(H7^2))-(1.33333333333333/(G7^2))) -> 0.068793893 | K7: =(J7*(E7-E6)+0.5*(E7-E6)*(J6-J7)) -> 0.068856661 | L7: =SUM(K$3:$K7) -> 0.32182264 | M7: =$B$38/((L7*$B$43+1)) -> 0.69769553 | N7: =(6*F7*G7*SQRT(9*(G7^6)*(0.0002^2)+16*(F7^6)*(0.0002)^2))/((4*F7^2 - 3*G7^2)^2) -> 0.00014984065 | O7: =(((E7-E6)/2)^2)*(N7^2+N8^2) -> 1.0840844e-08 | P7: =SUM(O$2:$O7) -> 5.8529274e-08 | Q7: =SQRT(((M34*0.001)^2)+((N34*0.02)^2)+((O34*P7)^2)) -> 0.0010090035 | R7: =M7^3 -> 0.33962357 | S7: =3*Q7/M7*R7 -> 0.0014734853 | T7: =R7/$R$2 -> 0.97337423 | U7: =T7*3*SQRT((Q7/M7)^2)+(0.001/$M$2)^2 -> 0.0042250832 | V7: =$B$40/((M7/$M$2)^3) -> 6.2565864 | W7: =(SQRT((0.02/$V$2)^2+(9*(0.001/$M$2)^2)+(9*(Q7/M7)^2))*V7) -> 0.043241866 | X7: =(1-((V7/$B$40)^0.66666667))/2 -> -0.0090769582 | Y7: =(SQRT((Q7/M7)^2 + (0.0002/F7)^2))*AD7 -> 0.011177219 | Z7: =SQRT((Q7/M7)^2 + (0.0002/G7)^2)*AE7 -> 0.0041411342 | AA7: =SQRT((Q7/M7)^2 + (0.0002/H7)^2)*AC7 -> 0.010529832 | AB7: =SQRT((Q7/M7)^2 + (0.0002/I7)^2)*#REF! -> #REF! | AC7: =2*M7/H7 -> 6.2027582 | AD7: =2*M7/F7 -> 6.497876 | AE7: =2*M7/G7 -> 2.7618728 | AF7: =V7*AC7*AC7 -> 240.71721 | AG7: =V7*AD7^2 -> 264.16805 | AH7: =V7*AE7^2 -> 47.724874 | AI7: =1.5*AF7-AG7/2-2*AH7 -> 133.54205 | AK7: =M7 -> 0.69769553 | AL7: =AK7^3 -> 0.33962357 | AM7: =$AL$2/AL7 -> 1.0273541 | AN7: =$AN$2/((AK7/$AK$2)^3) -> 6.2565864 | AO7: =-3*$AP$31*((1-2*AP7)^2.5)*(1+3*(4-$AR$31)*AP7/2)*AP7 -> 4.5835518 | AP7: =0.5*(1-AM7^0.666666667) -> -0.0090769582 | AQ7: =(1-2*AP7)^(3.5)*($AP$26-$AT$26*AP7)+AO7*3 -> 264.15692 | AR7: =(1-2*AP7)^(3.5)*($AP$28-$AT$28*AP7)+AO7*1 -> 47.365047 | AS7: =(1-2*AP7)^(3.5)*($AP$27-$AT$27*AP7)+AO7*1 -> 135.79573 | AT7: =AQ7-AG7 -> -0.011124977 | AU7: =AR7-AH7 -> -0.35982676 | AV7: =AS7-AI7 -> 2.2536873 | AW7: =AO7-A7 -> 0.14998865 | BA7: 0.21474572 | BB7: 0.50523365 | BC7: =C7*$BE$2/0.607 -> 0.224963 | BD7: =D7*$BE$2/0.607 -> 0.45795413 | BE7: 0.69785874 | BF7: =BE7^3 -> 0.33986196 | BG7: =$BF$2/BF7 -> 1.0266335 | BH7: =$BH$2/((BE7/$BE$2)^3) -> 6.2521978 | BI7: =-3*$BG$36*((1-2*BJ7)^2.5)*(1+3*(4-$BG$37)*BJ7/2)*BJ7 -> 4.4561175 | BJ7: =0.5*(1-BG7^0.666666667) -> -0.0088388755 | BK7: =BI7-E7 -> 0.022554303 | BL7: =2*BE7/BC7 -> 6.2042091 | BM7: =2*BE7/BA7 -> 6.499396 | BN7: =2*BE7/BB7 -> 2.7625188 | BO7: =BH7*BL7*BL7 -> 240.66092 | BP7: =BH7*BM7^2 -> 264.10627 | BQ7: =BH7*BN7^2 -> 47.713713 | BR7: =1.5*BO7-BP7/2-2*BQ7 -> 133.51081 | BS7: =(1-2*BJ7)^(3.5)*($BG$25-$BK$25*BJ7)+BI7*3 -> 263.69277 | BT7: =(1-2*BJ7)^(3.5)*($BG$27-$BK$27*BJ7)+BI7*1 -> 47.349369 | BU7: =(1-2*BJ7)^(3.5)*($BG$26-$BK$26*BJ7)+BI7*1 -> 135.53122 | BV7: =BS7-BP7 -> -0.41349806 | BW7: =BU7-BR7 -> 2.0204096 | BX7: =BT7-BQ7 -> -0.36434339 | BY7: =(BS7+2*BU7)/3 -> 178.25174 | BZ7: =SQRT(BS7/BH7) -> 6.4943061 | CA7: =SQRT(BT7/BH7) -> 2.7519513 | CB7: =SQRT((0.33333334*(BS7+2*BU7+4*BT7))/BH7) -> 6.2135257 | CC7: =SQRT((0.3333334*(BS7-BU7+BT7))/BH7) -> 3.0589693 | CD7: =(BS7-BU7+3*BT7)/5 -> 54.041931 | CE7: =((5*(BS7-BU7)*BT7)/(3*(BS7-BU7)+4*BT7)) -> 52.87121 | CF7: =(CD7+CE7)/2 -> 53.45657 | CG7: =BZ7-AD7 -> -0.0035699027 | CH7: =CA7-AE7 -> -0.0099214955 | CI7: =CB7-AC7 -> 0.010767511
A8: 5.122272 | B8: 180 | C8: 0.19293671 | D8: 0.3928225 | E8: 5.122272 | F8: 0.21334572 | G8: 0.50523365 | H8: =C8*$M$2/0.607 -> 0.22376844 | I8: =D8*$M$2/0.607 -> 0.45559644 | J8: =1/((1/(H8^2))-(1.33333333333333/(G8^2))) -> 0.067807165 | K8: =(J8*(E8-E7)+0.5*(E8-E7)*(J7-J8)) -> 0.047039178 | L8: =SUM(K$3:$K8) -> 0.36886182 | M8: =$B$38/((L8*$B$43+1)) -> 0.69678348 | N8: =(6*F8*G8*SQRT(9*(G8^6)*(0.0002^2)+16*(F8^6)*(0.0002)^2))/((4*F8^2 - 3*G8^2)^2) -> 0.00014761407 | O8: =(((E8-E7)/2)^2)*(N8^2+N9^2) -> 5.0935318e-09 | P8: =SUM(O$2:$O8) -> 6.3622806e-08 | Q8: =SQRT(((M35*0.001)^2)+((N35*0.02)^2)+((O35*P8)^2)) -> 0.0010103129 | R8: =M8^3 -> 0.33829342 | S8: =3*Q8/M8*R8 -> 0.0014715427 | T8: =R8/$R$2 -> 0.96956196 | U8: =T8*3*SQRT((Q8/M8)^2)+(0.001/$M$2)^2 -> 0.0042195156 | V8: =$B$40/((M8/$M$2)^3) -> 6.281187 | W8: =(SQRT((0.02/$V$2)^2+(9*(0.001/$M$2)^2)+(9*(Q8/M8)^2))*V8) -> 0.043456547 | X8: =(1-((V8/$B$40)^0.66666667))/2 -> -0.010410531 | Y8: =(SQRT((Q8/M8)^2 + (0.0002/F8)^2))*AD8 -> 0.011278206 | Z8: =SQRT((Q8/M8)^2 + (0.0002/G8)^2)*AE8 -> 0.0041457574 | AA8: =SQRT((Q8/M8)^2 + (0.0002/H8)^2)*AC8 -> 0.010607705 | AB8: =SQRT((Q8/M8)^2 + (0.0002/I8)^2)*#REF! -> #REF! | AC8: =2*M8/H8 -> 6.2277189 | AD8: =2*M8/F8 -> 6.5319659 | AE8: =2*M8/G8 -> 2.7582624 | AF8: =V8*AC8*AC8 -> 243.61259 | AG8: =V8*AD8^2 -> 267.99676 | AH8: =V8*AE8^2 -> 47.787343 | AI8: =1.5*AF8-AG8/2-2*AH8 -> 135.84582 | AK8: =M8 -> 0.69678348 | AL8: =AK8^3 -> 0.33829342 | AM8: =$AL$2/AL8 -> 1.0313936 | AN8: =$AN$2/((AK8/$AK$2)^3) -> 6.281187 | AO8: =-3*$AP$31*((1-2*AP8)^2.5)*(1+3*(4-$AR$31)*AP8/2)*AP8 -> 5.2894865 | AP8: =0.5*(1-AM8^0.666666667) -> -0.010410531 | AQ8: =(1-2*AP8)^(3.5)*($AP$26-$AT$26*AP8)+AO8*3 -> 267.82507 | AR8: =(1-2*AP8)^(3.5)*($AP$28-$AT$28*AP8)+AO8*1 -> 47.508984 | AS8: =(1-2*AP8)^(3.5)*($AP$27-$AT$27*AP8)+AO8*1 -> 137.8921 | AT8: =AQ8-AG8 -> -0.17168878 | AU8: =AR8-AH8 -> -0.27835897 | AV8: =AS8-AI8 -> 2.0462836 | AW8: =AO8-A8 -> 0.16721446 | BA8: 0.21334572 | BB8: 0.50523365 | BC8: =C8*$BE$2/0.607 -> 0.22376844 | BD8: =D8*$BE$2/0.607 -> 0.45559644 | BE8: 0.69691659 | BF8: =BE8^3 -> 0.33848733 | BG8: =$BF$2/BF8 -> 1.0308027 | BH8: =$BH$2/((BE8/$BE$2)^3) -> 6.2775887 | BI8: =-3*$BG$36*((1-2*BJ8)^2.5)*(1+3*(4-$BG$37)*BJ8/2)*BJ8 -> 5.1841635 | BJ8: =0.5*(1-BG8^0.666666667) -> -0.010215578 | BK8: =BI8-E8 -> 0.061891455 | BL8: =2*BE8/BC8 -> 6.2289086 | BM8: =2*BE8/BA8 -> 6.5332137 | BN8: =2*BE8/BB8 -> 2.7587893 | BO8: =BH8*BL8*BL8 -> 243.56606 | BP8: =BH8*BM8^2 -> 267.94557 | BQ8: =BH8*BN8^2 -> 47.778216 | BR8: =1.5*BO8-BP8/2-2*BQ8 -> 135.81987 | BS8: =(1-2*BJ8)^(3.5)*($BG$25-$BK$25*BJ8)+BI8*3 -> 267.57372 | BT8: =(1-2*BJ8)^(3.5)*($BG$27-$BK$27*BJ8)+BI8*1 -> 47.498346 | BU8: =(1-2*BJ8)^(3.5)*($BG$26-$BK$26*BJ8)+BI8*1 -> 137.75316 | BV8: =BS8-BP8 -> -0.37185556 | BW8: =BU8-BR8 -> 1.9332907 | BX8: =BT8-BQ8 -> -0.27986968 | BY8: =(BS8+2*BU8)/3 -> 181.02668 | BZ8: =SQRT(BS8/BH8) -> 6.5286787 | CA8: =SQRT(BT8/BH8) -> 2.7506974 | CB8: =SQRT((0.33333334*(BS8+2*BU8+4*BT8))/BH8) -> 6.2390244 | CC8: =SQRT((0.3333334*(BS8-BU8+BT8))/BH8) -> 3.0684603 | CD8: =(BS8-BU8+3*BT8)/5 -> 54.463119 | CE8: =((5*(BS8-BU8)*BT8)/(3*(BS8-BU8)+4*BT8)) -> 53.20742 | CF8: =(CD8+CE8)/2 -> 53.835269 | CG8: =BZ8-AD8 -> -0.003287173 | CH8: =CA8-AE8 -> -0.0075650121 | CI8: =CB8-AC8 -> 0.011305548
A9: 5.7679366 | B9: 210 | C9: 0.1919993 | D9: 0.39099582 | E9: 5.7679366 | F9: 0.21174572 | G9: 0.50423365 | H9: =C9*$M$2/0.607 -> 0.22268123 | I9: =D9*$M$2/0.607 -> 0.45347786 | J9: =1/((1/(H9^2))-(1.33333333333333/(G9^2))) -> 0.067013107 | K9: =(J9*(E9-E8)+0.5*(E9-E8)*(J8-J9)) -> 0.043524335 | L9: =SUM(K$3:$K9) -> 0.41238615 | M9: =$B$38/((L9*$B$43+1)) -> 0.69594171 | N9: =(6*F9*G9*SQRT(9*(G9^6)*(0.0002^2)+16*(F9^6)*(0.0002)^2))/((4*F9^2 - 3*G9^2)^2) -> 0.00014548021 | O9: =(((E9-E8)/2)^2)*(N9^2+N10^2) -> 4.3650511e-09 | P9: =SUM(O$2:$O9) -> 6.7987857e-08 | Q9: =SQRT(((M36*0.001)^2)+((N36*0.02)^2)+((O36*P9)^2)) -> 0.0010115228 | R9: =M9^3 -> 0.33706883 | S9: =3*Q9/M9*R9 -> 0.0014697472 | T9: =R9/$R$2 -> 0.96605226 | U9: =T9*3*SQRT((Q9/M9)^2)+(0.001/$M$2)^2 -> 0.0042143698 | V9: =$B$40/((M9/$M$2)^3) -> 6.3040068 | W9: =(SQRT((0.02/$V$2)^2+(9*(0.001/$M$2)^2)+(9*(Q9/M9)^2))*V9) -> 0.043655982 | X9: =(1-((V9/$B$40)^0.66666667))/2 -> -0.01164601 | Y9: =(SQRT((Q9/M9)^2 + (0.0002/F9)^2))*AD9 -> 0.011394289 | Z9: =SQRT((Q9/M9)^2 + (0.0002/G9)^2)*AE9 -> 0.0041588313 | AA9: =SQRT((Q9/M9)^2 + (0.0002/H9)^2)*AC9 -> 0.010679519 | AB9: =SQRT((Q9/M9)^2 + (0.0002/I9)^2)*#REF! -> #REF! | AC9: =2*M9/H9 -> 6.2505645 | AD9: =2*M9/F9 -> 6.5733721 | AE9: =2*M9/G9 -> 2.7603938 | AF9: =V9*AC9*AC9 -> 246.29475 | AG9: =V9*AD9^2 -> 272.39123 | AH9: =V9*AE9^2 -> 48.035106 | AI9: =1.5*AF9-AG9/2-2*AH9 -> 137.1763 | AK9: =M9 -> 0.69594171 | AL9: =AK9^3 -> 0.33706883 | AM9: =$AL$2/AL9 -> 1.0351407 | AN9: =$AN$2/((AK9/$AK$2)^3) -> 6.3040068 | AO9: =-3*$AP$31*((1-2*AP9)^2.5)*(1+3*(4-$AR$31)*AP9/2)*AP9 -> 5.9510408 | AP9: =0.5*(1-AM9^0.666666667) -> -0.01164601 | AQ9: =(1-2*AP9)^(3.5)*($AP$26-$AT$26*AP9)+AO9*3 -> 271.24718 | AR9: =(1-2*AP9)^(3.5)*($AP$28-$AT$28*AP9)+AO9*1 -> 47.636538 | AS9: =(1-2*AP9)^(3.5)*($AP$27-$AT$27*AP9)+AO9*1 -> 139.85188 | AT9: =AQ9-AG9 -> -1.144044 | AU9: =AR9-AH9 -> -0.39856808 | AV9: =AS9-AI9 -> 2.6755711 | AW9: =AO9-A9 -> 0.18310427 | BA9: 0.21174572 | BB9: 0.50423365 | BC9: =C9*$BE$2/0.607 -> 0.22268123 | BD9: =D9*$BE$2/0.607 -> 0.45347786 | BE9: 0.69599234 | BF9: =BE9^3 -> 0.3371424 | BG9: =$BF$2/BF9 -> 1.0349148 | BH9: =$BH$2/((BE9/$BE$2)^3) -> 6.3026313 | BI9: =-3*$BG$36*((1-2*BJ9)^2.5)*(1+3*(4-$BG$37)*BJ9/2)*BJ9 -> 5.9103578 | BJ9: =0.5*(1-BG9^0.666666667) -> -0.011571579 | BK9: =BI9-E9 -> 0.14242126 | BL9: =2*BE9/BC9 -> 6.2510192 | BM9: =2*BE9/BA9 -> 6.5738503 | BN9: =2*BE9/BB9 -> 2.7605946 | BO9: =BH9*BL9*BL9 -> 246.27684 | BP9: =BH9*BM9^2 -> 272.37141 | BQ9: =BH9*BN9^2 -> 48.031612 | BR9: =1.5*BO9-BP9/2-2*BQ9 -> 137.16633 | BS9: =(1-2*BJ9)^(3.5)*($BG$25-$BK$25*BJ9)+BI9*3 -> 271.4267 | BT9: =(1-2*BJ9)^(3.5)*($BG$27-$BK$27*BJ9)+BI9*1 -> 47.638598 | BU9: =(1-2*BJ9)^(3.5)*($BG$26-$BK$26*BJ9)+BI9*1 -> 139.96363 | BV9: =BS9-BP9 -> -0.9447072 | BW9: =BU9-BR9 -> 2.7973024 | BX9: =BT9-BQ9 -> -0.39301396 | BY9: =(BS9+2*BU9)/3 -> 183.78465 | BZ9: =SQRT(BS9/BH9) -> 6.5624399 | CA9: =SQRT(BT9/BH9) -> 2.7492772 | CB9: =SQRT((0.33333334*(BS9+2*BU9+4*BT9))/BH9) -> 6.2640261 | CC9: =SQRT((0.3333334*(BS9-BU9+BT9))/BH9) -> 3.0777142 | CD9: =(BS9-BU9+3*BT9)/5 -> 54.875774 | CE9: =((5*(BS9-BU9)*BT9)/(3*(BS9-BU9)+4*BT9)) -> 53.532652 | CF9: =(CD9+CE9)/2 -> 54.204213 | CG9: =BZ9-AD9 -> -0.010932264 | CH9: =CA9-AE9 -> -0.011116541 | CI9: =CB9-AC9 -> 0.013461568
A10: 6.5857783 | B10: 240 | C10: 0.19084422 | D10: 0.38885471 | E10: 6.5857783 | F10: 0.21074572 | G10: 0.50423365 | H10: =C10*$M$2/0.607 -> 0.22134157 | I10: =D10*$M$2/0.607 -> 0.45099459 | J10: =1/((1/(H10^2))-(1.33333333333333/(G10^2))) -> 0.065931277 | K10: =(J10*(E10-E9)+0.5*(E10-E9)*(J9-J10)) -> 0.054363734 | L10: =SUM(K$3:$K10) -> 0.46674988 | M10: =$B$38/((L10*$B$43+1)) -> 0.69489315 | N10: =(6*F10*G10*SQRT(9*(G10^6)*(0.0002^2)+16*(F10^6)*(0.0002)^2))/((4*F10^2 - 3*G10^2)^2) -> 0.00014393848 | O10: =(((E10-E9)/2)^2)*(N10^2+N11^2) -> 6.8066341e-09 | P10: =SUM(O$2:$O10) -> 7.4794491e-08 | Q10: =SQRT(((M37*0.001)^2)+((N37*0.02)^2)+((O37*P10)^2)) -> 0.0010130314 | R10: =M10^3 -> 0.33554756 | S10: =3*Q10/M10*R10 -> 0.0014675072 | T10: =R10/$R$2 -> 0.96169224 | U10: =T10*3*SQRT((Q10/M10)^2)+(0.001/$M$2)^2 -> 0.0042079497 | V10: =$B$40/((M10/$M$2)^3) -> 6.3325872 | W10: =(SQRT((0.02/$V$2)^2+(9*(0.001/$M$2)^2)+(9*(Q10/M10)^2))*V10) -> 0.043906156 | X10: =(1-((V10/$B$40)^0.66666667))/2 -> -0.013191274 | Y10: =(SQRT((Q10/M10)^2 + (0.0002/F10)^2))*AD10 -> 0.011471347 | Z10: =SQRT((Q10/M10)^2 + (0.0002/G10)^2)*AE10 -> 0.0041641711 | AA10: =SQRT((Q10/M10)^2 + (0.0002/H10)^2)*AC10 -> 0.010769232 | AB10: =SQRT((Q10/M10)^2 + (0.0002/I10)^2)*#REF! -> #REF! | AC10: =2*M10/H10 -> 6.2789213 | AD10: =2*M10/F10 -> 6.5946122 | AE10: =2*M10/G10 -> 2.7562347 | AF10: =V10*AC10*AC10 -> 249.66132 | AG10: =V10*AD10^2 -> 275.39732 | AH10: =V10*AE10^2 -> 48.107589 | AI10: =1.5*AF10-AG10/2-2*AH10 -> 140.57814 | AK10: =M10 -> 0.69489315 | AL10: =AK10^3 -> 0.33554756 | AM10: =$AL$2/AL10 -> 1.0398337 | AN10: =$AN$2/((AK10/$AK$2)^3) -> 6.3325872 | AO10: =-3*$AP$31*((1-2*AP10)^2.5)*(1+3*(4-$AR$31)*AP10/2)*AP10 -> 6.7887413 | AP10: =0.5*(1-AM10^0.666666667) -> -0.013191274 | AQ10: =(1-2*AP10)^(3.5)*($AP$26-$AT$26*AP10)+AO10*3 -> 275.55961 | AR10: =(1-2*AP10)^(3.5)*($AP$28-$AT$28*AP10)+AO10*1 -> 47.78808 | AS10: =(1-2*AP10)^(3.5)*($AP$27-$AT$27*AP10)+AO10*1 -> 142.32701 | AT10: =AQ10-AG10 -> 0.16229049 | AU10: =AR10-AH10 -> -0.31950826 | AV10: =AS10-AI10 -> 1.7488687 | AW10: =AO10-A10 -> 0.20296301 | BA10: 0.21074572 | BB10: 0.50423365 | BC10: =C10*$BE$2/0.607 -> 0.22134157 | BD10: =D10*$BE$2/0.607 -> 0.45099459 | BE10: 0.69510665 | BF10: =BE10^3 -> 0.33585694 | BG10: =$BF$2/BF10 -> 1.0388758 | BH10: =$BH$2/((BE10/$BE$2)^3) -> 6.3267539 | BI10: =-3*$BG$36*((1-2*BJ10)^2.5)*(1+3*(4-$BG$37)*BJ10/2)*BJ10 -> 6.6175347 | BJ10: =0.5*(1-BG10^0.666666667) -> -0.012876072 | BK10: =BI10-E10 -> 0.031756393 | BL10: =2*BE10/BC10 -> 6.2808504 | BM10: =2*BE10/BA10 -> 6.5966383 | BN10: =2*BE10/BB10 -> 2.7570816 | BO10: =BH10*BL10*BL10 -> 249.58464 | BP10: =BH10*BM10^2 -> 275.31273 | BQ10: =BH10*BN10^2 -> 48.092812 | BR10: =1.5*BO10-BP10/2-2*BQ10 -> 140.53496 | BS10: =(1-2*BJ10)^(3.5)*($BG$25-$BK$25*BJ10)+BI10*3 -> 275.16189 | BT10: =(1-2*BJ10)^(3.5)*($BG$27-$BK$27*BJ10)+BI10*1 -> 47.767336 | BU10: =(1-2*BJ10)^(3.5)*($BG$26-$BK$26*BJ10)+BI10*1 -> 142.1108 | BV10: =BS10-BP10 -> -0.15083822 | BW10: =BU10-BR10 -> 1.5758355 | BX10: =BT10-BQ10 -> -0.32547633 | BY10: =(BS10+2*BU10)/3 -> 186.46116 | BZ10: =SQRT(BS10/BH10) -> 6.594831 | CA10: =SQRT(BT10/BH10) -> 2.7477362 | CB10: =SQRT((0.33333334*(BS10+2*BU10+4*BT10))/BH10) -> 6.2879721 | CC10: =SQRT((0.3333334*(BS10-BU10+BT10))/BH10) -> 3.0865285 | CD10: =(BS10-BU10+3*BT10)/5 -> 55.27062 | CE10: =((5*(BS10-BU10)*BT10)/(3*(BS10-BU10)+4*BT10)) -> 53.839822 | CF10: =(CD10+CE10)/2 -> 54.555221 | CG10: =BZ10-AD10 -> 0.00021880545 | CH10: =CA10-AE10 -> -0.0084985208 | CI10: =CB10-AC10 -> 0.009050812
A11: 7.2744872 | B11: 270 | C11: 0.18989876 | D11: 0.38724285 | E11: 7.2744872 | F11: 0.20914572 | G11: 0.50463365 | H11: =C11*$M$2/0.607 -> 0.22024501 | I11: =D11*$M$2/0.607 -> 0.44912515 | J11: =1/((1/(H11^2))-(1.33333333333333/(G11^2))) -> 0.065022155 | K11: =(J11*(E11-E10)+0.5*(E11-E10)*(J10-J11)) -> 0.045094393 | L11: =SUM(K$3:$K11) -> 0.51184428 | M11: =$B$38/((L11*$B$43+1)) -> 0.69402577 | N11: =(6*F11*G11*SQRT(9*(G11^6)*(0.0002^2)+16*(F11^6)*(0.0002)^2))/((4*F11^2 - 3*G11^2)^2) -> 0.00014137639 | O11: =(((E11-E10)/2)^2)*(N11^2+N12^2) -> 4.6994312e-09 | P11: =SUM(O$2:$O11) -> 7.9493922e-08 | Q11: =SQRT(((M38*0.001)^2)+((N38*0.02)^2)+((O38*P11)^2)) -> 0.0010142807 | R11: =M11^3 -> 0.33429262 | S11: =3*Q11/M11*R11 -> 0.0014656511 | T11: =R11/$R$2 -> 0.95809552 | U11: =T11*3*SQRT((Q11/M11)^2)+(0.001/$M$2)^2 -> 0.0042026301 | V11: =$B$40/((M11/$M$2)^3) -> 6.35636 | W11: =(SQRT((0.02/$V$2)^2+(9*(0.001/$M$2)^2)+(9*(Q11/M11)^2))*V11) -> 0.044114581 | X11: =(1-((V11/$B$40)^0.66666667))/2 -> -0.014474829 | Y11: =(SQRT((Q11/M11)^2 + (0.0002/F11)^2))*AD11 -> 0.011591142 | Z11: =SQRT((Q11/M11)^2 + (0.0002/G11)^2)*AE11 -> 0.0041650642 | AA11: =SQRT((Q11/M11)^2 + (0.0002/H11)^2)*AC11 -> 0.010843687 | AB11: =SQRT((Q11/M11)^2 + (0.0002/I11)^2)*#REF! -> #REF! | AC11: =2*M11/H11 -> 6.3023063 | AD11: =2*M11/F11 -> 6.6367676 | AE11: =2*M11/G11 -> 2.7506123 | AF11: =V11*AC11*AC11 -> 252.46867 | AG11: =V11*AD11^2 -> 279.97658 | AH11: =V11*AE11^2 -> 48.091382 | AI11: =1.5*AF11-AG11/2-2*AH11 -> 142.53195 | AK11: =M11 -> 0.69402577 | AL11: =AK11^3 -> 0.33429262 | AM11: =$AL$2/AL11 -> 1.0437373 | AN11: =$AN$2/((AK11/$AK$2)^3) -> 6.35636 | AO11: =-3*$AP$31*((1-2*AP11)^2.5)*(1+3*(4-$AR$31)*AP11/2)*AP11 -> 7.4932874 | AP11: =0.5*(1-AM11^0.666666667) -> -0.014474829 | AQ11: =(1-2*AP11)^(3.5)*($AP$26-$AT$26*AP11)+AO11*3 -> 279.16898 | AR11: =(1-2*AP11)^(3.5)*($AP$28-$AT$28*AP11)+AO11*1 -> 47.907077 | AS11: =(1-2*AP11)^(3.5)*($AP$27-$AT$27*AP11)+AO11*1 -> 144.40332 | AT11: =AQ11-AG11 -> -0.80760057 | AU11: =AR11-AH11 -> -0.18430492 | AV11: =AS11-AI11 -> 1.8713659 | AW11: =AO11-A11 -> 0.21880027 | BA11: 0.20914572 | BB11: 0.50463365 | BC11: =C11*$BE$2/0.607 -> 0.22024501 | BD11: =D11*$BE$2/0.607 -> 0.44912515 | BE11: 0.69410364 | BF11: =BE11^3 -> 0.33440515 | BG11: =$BF$2/BF11 -> 1.043386 | BH11: =$BH$2/((BE11/$BE$2)^3) -> 6.3542209 | BI11: =-3*$BG$36*((1-2*BJ11)^2.5)*(1+3*(4-$BG$37)*BJ11/2)*BJ11 -> 7.4319243 | BJ11: =0.5*(1-BG11^0.666666667) -> -0.014359402 | BK11: =BI11-E11 -> 0.15743717 | BL11: =2*BE11/BC11 -> 6.3030134 | BM11: =2*BE11/BA11 -> 6.6375122 | BN11: =2*BE11/BB11 -> 2.750921 | BO11: =BH11*BL11*BL11 -> 252.44035 | BP11: =BH11*BM11^2 -> 279.94517 | BQ11: =BH11*BN11^2 -> 48.085987 | BR11: =1.5*BO11-BP11/2-2*BQ11 -> 142.51596 | BS11: =(1-2*BJ11)^(3.5)*($BG$25-$BK$25*BJ11)+BI11*3 -> 279.44326 | BT11: =(1-2*BJ11)^(3.5)*($BG$27-$BK$27*BJ11)+BI11*1 -> 47.906214 | BU11: =(1-2*BJ11)^(3.5)*($BG$26-$BK$26*BJ11)+BI11*1 -> 144.57711 | BV11: =BS11-BP11 -> -0.50190749 | BW11: =BU11-BR11 -> 2.061145 | BX11: =BT11-BQ11 -> -0.17977303 | BY11: =(BS11+2*BU11)/3 -> 189.53249 | BZ11: =SQRT(BS11/BH11) -> 6.6315594 | CA11: =SQRT(BT11/BH11) -> 2.7457739 | CB11: =SQRT((0.33333334*(BS11+2*BU11+4*BT11))/BH11) -> 6.3150753 | CC11: =SQRT((0.3333334*(BS11-BU11+BT11))/BH11) -> 3.0964462 | CD11: =(BS11-BU11+3*BT11)/5 -> 55.71696 | CE11: =((5*(BS11-BU11)*BT11)/(3*(BS11-BU11)+4*BT11)) -> 54.182105 | CF11: =(CD11+CE11)/2 -> 54.949532 | CG11: =BZ11-AD11 -> -0.0052081591 | CH11: =CA11-AE11 -> -0.0048384619 | CI11: =CB11-AC11 -> 0.012769026
A12: 7.8340631 | B12: 300 | C12: 0.18915085 | D12: 0.3860701 | E12: 7.8340631 | F12: 0.20814572 | G12: 0.50383365 | H12: =C12*$M$2/0.607 -> 0.2193776 | I12: =D12*$M$2/0.607 -> 0.44776499 | J12: =1/((1/(H12^2))-(1.33333333333333/(G12^2))) -> 0.064407756 | K12: =(J12*(E12-E11)+0.5*(E12-E11)*(J11-J12)) -> 0.036212932 | L12: =SUM(K$3:$K12) -> 0.54805721 | M12: =$B$38/((L12*$B$43+1)) -> 0.69333079 | N12: =(6*F12*G12*SQRT(9*(G12^6)*(0.0002^2)+16*(F12^6)*(0.0002)^2))/((4*F12^2 - 3*G12^2)^2) -> 0.00014015569 | O12: =(((E12-E11)/2)^2)*(N12^2+N13^2) -> 3.0482081e-09 | P12: =SUM(O$2:$O12) -> 8.254213e-08 | Q12: =SQRT(((M39*0.001)^2)+((N39*0.02)^2)+((O39*P12)^2)) -> 0.0010152824 | R12: =M12^3 -> 0.33328937 | S12: =3*Q12/M12*R12 -> 0.0014641618 | T12: =R12/$R$2 -> 0.95522016 | U12: =T12*3*SQRT((Q12/M12)^2)+(0.001/$M$2)^2 -> 0.0041983618 | V12: =$B$40/((M12/$M$2)^3) -> 6.3754936 | W12: =(SQRT((0.02/$V$2)^2+(9*(0.001/$M$2)^2)+(9*(Q12/M12)^2))*V12) -> 0.044282551 | X12: =(1-((V12/$B$40)^0.66666667))/2 -> -0.015506745 | Y12: =(SQRT((Q12/M12)^2 + (0.0002/F12)^2))*AD12 -> 0.011668155 | Z12: =SQRT((Q12/M12)^2 + (0.0002/G12)^2)*AE12 -> 0.0041756825 | AA12: =SQRT((Q12/M12)^2 + (0.0002/H12)^2)*AC12 -> 0.010903265 | AB12: =SQRT((Q12/M12)^2 + (0.0002/I12)^2)*#REF! -> #REF! | AC12: =2*M12/H12 -> 6.3208896 | AD12: =2*M12/F12 -> 6.661975 | AE12: =2*M12/G12 -> 2.7522211 | AF12: =V12*AC12*AC12 -> 254.72421 | AG12: =V12*AD12^2 -> 282.95659 | AH12: =V12*AE12^2 -> 48.292584 | AI12: =1.5*AF12-AG12/2-2*AH12 -> 144.02286 | AK12: =M12 -> 0.69333079 | AL12: =AK12^3 -> 0.33328937 | AM12: =$AL$2/AL12 -> 1.0468791 | AN12: =$AN$2/((AK12/$AK$2)^3) -> 6.3754936 | AO12: =-3*$AP$31*((1-2*AP12)^2.5)*(1+3*(4-$AR$31)*AP12/2)*AP12 -> 8.0654741 | AP12: =0.5*(1-AM12^0.666666667) -> -0.015506745 | AQ12: =(1-2*AP12)^(3.5)*($AP$26-$AT$26*AP12)+AO12*3 -> 282.08874 | AR12: =(1-2*AP12)^(3.5)*($AP$28-$AT$28*AP12)+AO12*1 -> 47.998139 | AS12: =(1-2*AP12)^(3.5)*($AP$27-$AT$27*AP12)+AO12*1 -> 146.08603 | AT12: =AQ12-AG12 -> -0.86784661 | AU12: =AR12-AH12 -> -0.29444514 | AV12: =AS12-AI12 -> 2.063176 | AW12: =AO12-A12 -> 0.23141097 | BA12: 0.20814572 | BB12: 0.50383365 | BC12: =C12*$BE$2/0.607 -> 0.2193776 | BD12: =D12*$BE$2/0.607 -> 0.44776499 | BE12: 0.69344192 | BF12: =BE12^3 -> 0.33344966 | BG12: =$BF$2/BF12 -> 1.0463758 | BH12: =$BH$2/((BE12/$BE$2)^3) -> 6.3724288 | BI12: =-3*$BG$36*((1-2*BJ12)^2.5)*(1+3*(4-$BG$37)*BJ12/2)*BJ12 -> 7.9771791 | BJ12: =0.5*(1-BG12^0.666666667) -> -0.015341526 | BK12: =BI12-E12 -> 0.14311596 | BL12: =2*BE12/BC12 -> 6.3219028 | BM12: =2*BE12/BA12 -> 6.6630428 | BN12: =2*BE12/BB12 -> 2.7526622 | BO12: =BH12*BL12*BL12 -> 254.68339 | BP12: =BH12*BM12^2 -> 282.91124 | BQ12: =BH12*BN12^2 -> 48.284844 | BR12: =1.5*BO12-BP12/2-2*BQ12 -> 143.99978 | BS12: =(1-2*BJ12)^(3.5)*($BG$25-$BK$25*BJ12)+BI12*3 -> 282.29802 | BT12: =(1-2*BJ12)^(3.5)*($BG$27-$BK$27*BJ12)+BI12*1 -> 47.993694 | BU12: =(1-2*BJ12)^(3.5)*($BG$26-$BK$26*BJ12)+BI12*1 -> 146.22465 | BV12: =BS12-BP12 -> -0.61321449 | BW12: =BU12-BR12 -> 2.224874 | BX12: =BT12-BQ12 -> -0.29115005 | BY12: =(BS12+2*BU12)/3 -> 191.58244 | BZ12: =SQRT(BS12/BH12) -> 6.6558177 | CA12: =SQRT(BT12/BH12) -> 2.7443506 | CB12: =SQRT((0.33333334*(BS12+2*BU12+4*BT12))/BH12) -> 6.3329473 | CC12: =SQRT((0.3333334*(BS12-BU12+BT12))/BH12) -> 3.1029513 | CD12: =(BS12-BU12+3*BT12)/5 -> 56.010891 | CE12: =((5*(BS12-BU12)*BT12)/(3*(BS12-BU12)+4*BT12)) -> 54.404527 | CF12: =(CD12+CE12)/2 -> 55.207709 | CG12: =BZ12-AD12 -> -0.0061572101 | CH12: =CA12-AE12 -> -0.0078704628 | CI12: =CB12-AC12 -> 0.012057629
A13: 8.5227719 | B13: 330 | C13: 0.18825875 | D13: 0.38477686 | E13: 8.5227719 | F13: 0.20734572 | G13: 0.50403365 | H13: =C13*$M$2/0.607 -> 0.21834293 | I13: =D13*$M$2/0.607 -> 0.44626509 | J13: =1/((1/(H13^2))-(1.33333333333333/(G13^2))) -> 0.063582325 | K13: =(J13*(E13-E12)+0.5*(E13-E12)*(J12-J13)) -> 0.044073951 | L13: =SUM(K$3:$K13) -> 0.59213116 | M13: =$B$38/((L13*$B$43+1)) -> 0.69248682 | N13: =(6*F13*G13*SQRT(9*(G13^6)*(0.0002^2)+16*(F13^6)*(0.0002)^2))/((4*F13^2 - 3*G13^2)^2) -> 0.00013890838 | O13: =(((E13-E12)/2)^2)*(N13^2+N14^2) -> 4.5241559e-09 | P13: =SUM(O$2:$O13) -> 8.7066286e-08 | Q13: =SQRT(((M40*0.001)^2)+((N40*0.02)^2)+((O40*P13)^2)) -> 0.0010164997 | R13: =M13^3 -> 0.33207374 | S13: =3*Q13/M13*R13 -> 0.0014623506 | T13: =R13/$R$2 -> 0.95173612 | U13: =T13*3*SQRT((Q13/M13)^2)+(0.001/$M$2)^2 -> 0.0041931709 | V13: =$B$40/((M13/$M$2)^3) -> 6.3988325 | W13: =(SQRT((0.02/$V$2)^2+(9*(0.001/$M$2)^2)+(9*(Q13/M13)^2))*V13) -> 0.0444877 | X13: =(1-((V13/$B$40)^0.66666667))/2 -> -0.016764062 | Y13: =(SQRT((Q13/M13)^2 + (0.0002/F13)^2))*AD13 -> 0.011732288 | Z13: =SQRT((Q13/M13)^2 + (0.0002/G13)^2)*AE13 -> 0.0041782275 | AA13: =SQRT((Q13/M13)^2 + (0.0002/H13)^2)*AC13 -> 0.010975162 | AB13: =SQRT((Q13/M13)^2 + (0.0002/I13)^2)*#REF! -> #REF! | AC13: =2*M13/H13 -> 6.3431118 | AD13: =2*M13/F13 -> 6.6795381 | AE13: =2*M13/G13 -> 2.7477801 | AF13: =V13*AC13*AC13 -> 257.45745 | AG13: =V13*AD13^2 -> 285.49178 | AH13: =V13*AE13^2 -> 48.313077 | AI13: =1.5*AF13-AG13/2-2*AH13 -> 146.81414 | AK13: =M13 -> 0.69248682 | AL13: =AK13^3 -> 0.33207374 | AM13: =$AL$2/AL13 -> 1.0507114 | AN13: =$AN$2/((AK13/$AK$2)^3) -> 6.3988325 | AO13: =-3*$AP$31*((1-2*AP13)^2.5)*(1+3*(4-$AR$31)*AP13/2)*AP13 -> 8.7696191 | AP13: =0.5*(1-AM13^0.666666667) -> -0.016764061 | AQ13: =(1-2*AP13)^(3.5)*($AP$26-$AT$26*AP13)+AO13*3 -> 285.66798 | AR13: =(1-2*AP13)^(3.5)*($AP$28-$AT$28*AP13)+AO13*1 -> 48.103454 | AS13: =(1-2*AP13)^(3.5)*($AP$27-$AT$27*AP13)+AO13*1 -> 148.15261 | AT13: =AQ13-AG13 -> 0.17620415 | AU13: =AR13-AH13 -> -0.20962277 | AV13: =AS13-AI13 -> 1.3384738 | AW13: =AO13-A13 -> 0.24684714 | BA13: 0.20734572 | BB13: 0.50403365 | BC13: =C13*$BE$2/0.607 -> 0.21834293 | BD13: =D13*$BE$2/0.607 -> 0.44626509 | BE13: 0.69272743 | BF13: =BE13^3 -> 0.33242 | BG13: =$BF$2/BF13 -> 1.0496169 | BH13: =$BH$2/((BE13/$BE$2)^3) -> 6.3921672 | BI13: =-3*$BG$36*((1-2*BJ13)^2.5)*(1+3*(4-$BG$37)*BJ13/2)*BJ13 -> 8.5731311 | BJ13: =0.5*(1-BG13^0.666666667) -> -0.016405143 | BK13: =BI13-E13 -> 0.050359186 | BL13: =2*BE13/BC13 -> 6.3453157 | BM13: =2*BE13/BA13 -> 6.6818589 | BN13: =2*BE13/BB13 -> 2.7487349 | BO13: =BH13*BL13*BL13 -> 257.36803 | BP13: =BH13*BM13^2 -> 285.39261 | BQ13: =BH13*BN13^2 -> 48.296296 | BR13: =1.5*BO13-BP13/2-2*BQ13 -> 146.76314 | BS13: =(1-2*BJ13)^(3.5)*($BG$25-$BK$25*BJ13)+BI13*3 -> 285.40771 | BT13: =(1-2*BJ13)^(3.5)*($BG$27-$BK$27*BJ13)+BI13*1 -> 48.084352 | BU13: =(1-2*BJ13)^(3.5)*($BG$26-$BK$26*BJ13)+BI13*1 -> 148.02208 | BV13: =BS13-BP13 -> 0.015093567 | BW13: =BU13-BR13 -> 1.2589336 | BX13: =BT13-BQ13 -> -0.21194342 | BY13: =(BS13+2*BU13)/3 -> 193.81729 | BZ13: =SQRT(BS13/BH13) -> 6.6820356 | CA13: =SQRT(BT13/BH13) -> 2.7426969 | CB13: =SQRT((0.33333334*(BS13+2*BU13+4*BT13))/BH13) -> 6.3522366 | CC13: =SQRT((0.3333334*(BS13-BU13+BT13))/BH13) -> 3.1099411 | CD13: =(BS13-BU13+3*BT13)/5 -> 56.327738 | CE13: =((5*(BS13-BU13)*BT13)/(3*(BS13-BU13)+4*BT13)) -> 54.641533 | CF13: =(CD13+CE13)/2 -> 55.484635 | CG13: =BZ13-AD13 -> 0.0024975349 | CH13: =CA13-AE13 -> -0.0050831715 | CI13: =CB13-AC13 -> 0.0091248542
A14: 9.1253922 | B14: 360 | C14: 0.18750572 | D14: 0.38374368 | E14: 9.1253922 | F14: 0.20634572 | G14: 0.50443365 | H14: =C14*$M$2/0.607 -> 0.21746957 | I14: =D14*$M$2/0.607 -> 0.44506681 | J14: =1/((1/(H14^2))-(1.33333333333333/(G14^2))) -> 0.062874178 | K14: =(J14*(E14-E13)+0.5*(E14-E13)*(J13-J14)) -> 0.038102624 | L14: =SUM(K$3:$K14) -> 0.63023378 | M14: =$B$38/((L14*$B$43+1)) -> 0.69175885 | N14: =(6*F14*G14*SQRT(9*(G14^6)*(0.0002^2)+16*(F14^6)*(0.0002)^2))/((4*F14^2 - 3*G14^2)^2) -> 0.00013732168 | O14: =(((E14-E13)/2)^2)*(N14^2+N15^2) -> 3.4000951e-09 | P14: =SUM(O$2:$O14) -> 9.0466381e-08 | Q14: =SQRT(((M41*0.001)^2)+((N41*0.02)^2)+((O41*P14)^2)) -> 0.0010175503 | R14: =M14^3 -> 0.33102757 | S14: =3*Q14/M14*R14 -> 0.001460786 | T14: =R14/$R$2 -> 0.94873776 | U14: =T14*3*SQRT((Q14/M14)^2)+(0.001/$M$2)^2 -> 0.0041886867 | V14: =$B$40/((M14/$M$2)^3) -> 6.4190552 | W14: =(SQRT((0.02/$V$2)^2+(9*(0.001/$M$2)^2)+(9*(Q14/M14)^2))*V14) -> 0.044665689 | X14: =(1-((V14/$B$40)^0.66666667))/2 -> -0.017852266 | Y14: =(SQRT((Q14/M14)^2 + (0.0002/F14)^2))*AD14 -> 0.011811139 | Z14: =SQRT((Q14/M14)^2 + (0.0002/G14)^2)*AE14 -> 0.0041784128 | AA14: =SQRT((Q14/M14)^2 + (0.0002/H14)^2)*AC14 -> 0.011036584 | AB14: =SQRT((Q14/M14)^2 + (0.0002/I14)^2)*#REF! -> #REF! | AC14: =2*M14/H14 -> 6.3618911 | AD14: =2*M14/F14 -> 6.7048529 | AE14: =2*M14/G14 -> 2.7427149 | AF14: =V14*AC14*AC14 -> 259.80264 | AG14: =V14*AD14^2 -> 288.56896 | AH14: =V14*AE14^2 -> 48.287247 | AI14: =1.5*AF14-AG14/2-2*AH14 -> 148.84499 | AK14: =M14 -> 0.69175885 | AL14: =AK14^3 -> 0.33102757 | AM14: =$AL$2/AL14 -> 1.054032 | AN14: =$AN$2/((AK14/$AK$2)^3) -> 6.4190552 | AO14: =-3*$AP$31*((1-2*AP14)^2.5)*(1+3*(4-$AR$31)*AP14/2)*AP14 -> 9.3852665 | AP14: =0.5*(1-AM14^0.666666667) -> -0.017852266 | AQ14: =(1-2*AP14)^(3.5)*($AP$26-$AT$26*AP14)+AO14*3 -> 288.78509 | AR14: =(1-2*AP14)^(3.5)*($AP$28-$AT$28*AP14)+AO14*1 -> 48.189531 | AS14: =(1-2*AP14)^(3.5)*($AP$27-$AT$27*AP14)+AO14*1 -> 149.95575 | AT14: =AQ14-AG14 -> 0.21613507 | AU14: =AR14-AH14 -> -0.097716485 | AV14: =AS14-AI14 -> 1.1107575 | AW14: =AO14-A14 -> 0.25987434 | BA14: 0.20634572 | BB14: 0.50443365 | BC14: =C14*$BE$2/0.607 -> 0.21746957 | BD14: =D14*$BE$2/0.607 -> 0.44506681 | BE14: 0.69200359 | BF14: =BE14^3 -> 0.33137905 | BG14: =$BF$2/BF14 -> 1.0529141 | BH14: =$BH$2/((BE14/$BE$2)^3) -> 6.4122467 | BI14: =-3*$BG$36*((1-2*BJ14)^2.5)*(1+3*(4-$BG$37)*BJ14/2)*BJ14 -> 9.1845912 | BJ14: =0.5*(1-BG14^0.666666667) -> -0.017486025 | BK14: =BI14-E14 -> 0.05919901 | BL14: =2*BE14/BC14 -> 6.3641419 | BM14: =2*BE14/BA14 -> 6.7072251 | BN14: =2*BE14/BB14 -> 2.7436853 | BO14: =BH14*BL14*BL14 -> 259.71076 | BP14: =BH14*BM14^2 -> 288.4669 | BQ14: =BH14*BN14^2 -> 48.270169 | BR14: =1.5*BO14-BP14/2-2*BQ14 -> 148.79235 | BS14: =(1-2*BJ14)^(3.5)*($BG$25-$BK$25*BJ14)+BI14*3 -> 288.58713 | BT14: =(1-2*BJ14)^(3.5)*($BG$27-$BK$27*BJ14)+BI14*1 -> 48.172074 | BU14: =(1-2*BJ14)^(3.5)*($BG$26-$BK$26*BJ14)+BI14*1 -> 149.86277 | BV14: =BS14-BP14 -> 0.1202354 | BW14: =BU14-BR14 -> 1.0704253 | BX14: =BT14-BQ14 -> -0.098094585 | BY14: =(BS14+2*BU14)/3 -> 196.10423 | BZ14: =SQRT(BS14/BH14) -> 6.7086227 | CA14: =SQRT(BT14/BH14) -> 2.740896 | CB14: =SQRT((0.33333334*(BS14+2*BU14+4*BT14))/BH14) -> 6.3717694 | CC14: =SQRT((0.3333334*(BS14-BU14+BT14))/BH14) -> 3.1169857 | CD14: =(BS14-BU14+3*BT14)/5 -> 56.648116 | CE14: =((5*(BS14-BU14)*BT14)/(3*(BS14-BU14)+4*BT14)) -> 54.878174 | CF14: =(CD14+CE14)/2 -> 55.763145 | CG14: =BZ14-AD14 -> 0.0037698661 | CH14: =CA14-AE14 -> -0.0018188937 | CI14: =CB14-AC14 -> 0.0098783798
A15: 9.5558352 | B15: 390 | C15: 0.18698292 | D15: 0.38303389 | E15: 9.5558352 | F15: 0.20554572 | G15: 0.50383365 | H15: =C15*$M$2/0.607 -> 0.21686322 | I15: =D15*$M$2/0.607 -> 0.44424359 | J15: =1/((1/(H15^2))-(1.33333333333333/(G15^2))) -> 0.062458238 | K15: =(J15*(E15-E14)+0.5*(E15-E14)*(J14-J15)) -> 0.026974232 | L15: =SUM(K$3:$K15) -> 0.65720802 | M15: =$B$38/((L15*$B$43+1)) -> 0.69124441 | N15: =(6*F15*G15*SQRT(9*(G15^6)*(0.0002^2)+16*(F15^6)*(0.0002)^2))/((4*F15^2 - 3*G15^2)^2) -> 0.00013635899 | O15: =(((E15-E14)/2)^2)*(N15^2+N16^2) -> 1.7104901e-09 | P15: =SUM(O$2:$O15) -> 9.2176871e-08 | Q15: =SQRT(((M42*0.001)^2)+((N42*0.02)^2)+((O42*P15)^2)) -> 0.0010182932 | R15: =M15^3 -> 0.3302896 | S15: =3*Q15/M15*R15 -> 0.001459679 | T15: =R15/$R$2 -> 0.94662272 | U15: =T15*3*SQRT((Q15/M15)^2)+(0.001/$M$2)^2 -> 0.0041855139 | V15: =$B$40/((M15/$M$2)^3) -> 6.4333973 | W15: =(SQRT((0.02/$V$2)^2+(9*(0.001/$M$2)^2)+(9*(Q15/M15)^2))*V15) -> 0.04479205 | X15: =(1-((V15/$B$40)^0.66666667))/2 -> -0.018623337 | Y15: =(SQRT((Q15/M15)^2 + (0.0002/F15)^2))*AD15 -> 0.011874443 | Z15: =SQRT((Q15/M15)^2 + (0.0002/G15)^2)*AE15 -> 0.0041863624 | AA15: =SQRT((Q15/M15)^2 + (0.0002/H15)^2)*AC15 -> 0.011079629 | AB15: =SQRT((Q15/M15)^2 + (0.0002/I15)^2)*#REF! -> #REF! | AC15: =2*M15/H15 -> 6.3749344 | AD15: =2*M15/F15 -> 6.7259431 | AE15: =2*M15/G15 -> 2.7439391 | AF15: =V15*AC15*AC15 -> 261.4519 | AG15: =V15*AD15^2 -> 291.03603 | AH15: =V15*AE15^2 -> 48.438345 | AI15: =1.5*AF15-AG15/2-2*AH15 -> 149.78315 | AK15: =M15 -> 0.69124441 | AL15: =AK15^3 -> 0.3302896 | AM15: =$AL$2/AL15 -> 1.0563871 | AN15: =$AN$2/((AK15/$AK$2)^3) -> 6.4333973 | AO15: =-3*$AP$31*((1-2*AP15)^2.5)*(1+3*(4-$AR$31)*AP15/2)*AP15 -> 9.8249995 | AP15: =0.5*(1-AM15^0.666666667) -> -0.018623337 | AQ15: =(1-2*AP15)^(3.5)*($AP$26-$AT$26*AP15)+AO15*3 -> 291.00464 | AR15: =(1-2*AP15)^(3.5)*($AP$28-$AT$28*AP15)+AO15*1 -> 48.247634 | AS15: =(1-2*AP15)^(3.5)*($AP$27-$AT$27*AP15)+AO15*1 -> 151.24159 | AT15: =AQ15-AG15 -> -0.031384949 | AU15: =AR15-AH15 -> -0.1907109 | AV15: =AS15-AI15 -> 1.4584409 | AW15: =AO15-A15 -> 0.26916426 | BA15: 0.20554572 | BB15: 0.50383365 | BC15: =C15*$BE$2/0.607 -> 0.21686322 | BD15: =D15*$BE$2/0.607 -> 0.44424359 | BE15: 0.69150147 | BF15: =BE15^3 -> 0.33065823 | BG15: =$BF$2/BF15 -> 1.0552094 | BH15: =$BH$2/((BE15/$BE$2)^3) -> 6.4262252 | BI15: =-3*$BG$36*((1-2*BJ15)^2.5)*(1+3*(4-$BG$37)*BJ15/2)*BJ15 -> 9.6133653 | BJ15: =0.5*(1-BG15^0.666666667) -> -0.018237817 | BK15: =BI15-E15 -> 0.057530096 | BL15: =2*BE15/BC15 -> 6.3773051 | BM15: =2*BE15/BA15 -> 6.7284444 | BN15: =2*BE15/BB15 -> 2.7449595 | BO15: =BH15*BL15*BL15 -> 261.35471 | BP15: =BH15*BM15^2 -> 290.92783 | BQ15: =BH15*BN15^2 -> 48.420338 | BR15: =1.5*BO15-BP15/2-2*BQ15 -> 149.72747 | BS15: =(1-2*BJ15)^(3.5)*($BG$25-$BK$25*BJ15)+BI15*3 -> 290.81001 | BT15: =(1-2*BJ15)^(3.5)*($BG$27-$BK$27*BJ15)+BI15*1 -> 48.230435 | BU15: =(1-2*BJ15)^(3.5)*($BG$26-$BK$26*BJ15)+BI15*1 -> 151.15146 | BV15: =BS15-BP15 -> -0.11782377 | BW15: =BU15-BR15 -> 1.4239871 | BX15: =BT15-BQ15 -> -0.18990281 | BY15: =(BS15+2*BU15)/3 -> 197.70431 | BZ15: =SQRT(BS15/BH15) -> 6.7270818 | CA15: =SQRT(BT15/BH15) -> 2.7395714 | CB15: =SQRT((0.33333334*(BS15+2*BU15+4*BT15))/BH15) -> 6.385314 | CC15: =SQRT((0.3333334*(BS15-BU15+BT15))/BH15) -> 3.1218506 | CD15: =(BS15-BU15+3*BT15)/5 -> 56.869972 | CE15: =((5*(BS15-BU15)*BT15)/(3*(BS15-BU15)+4*BT15)) -> 55.040214 | CF15: =(CD15+CE15)/2 -> 55.955093 | CG15: =BZ15-AD15 -> 0.0011386446 | CH15: =CA15-AE15 -> -0.0043676774 | CI15: =CB15-AC15 -> 0.010379611
... A23: 12.482848 | B23: 630 | C23: 0.18327563 | D23: 0.377551 | E23: 12.482848 | F23: 0.19974572 | G23: 0.50683365 | H23: =C23*$M$2/0.607 -> 0.21256349 | I23: =D23*$M$2/0.607 -> 0.43788452 | J23: =1/((1/(H23^2))-(1.33333333333333/(G23^2))) -> 0.059026243 | K23: =(J23*(E23-E22)+0.5*(E23-E22)*(J22-J23)) -> 0.01018118 | L23: =SUM(K$3:$K23) -> 0.83525486 | M23: =$B$38/((L23*$B$43+1)) -> 0.68786793 | N23: =(6*F23*G23*SQRT(9*(G23^6)*(0.0002^2)+16*(F23^6)*(0.0002)^2))/((4*F23^2 - 3*G23^2)^2) -> 0.00012750678 | O23: =(((E23-E22)/2)^2)*(N23^2+N24^2) -> 1.2049191e-10 | P23: =SUM(O$2:$O23) -> 1.0272515e-07 | Q23: =SQRT(((M50*0.001)^2)+((N50*0.02)^2)+((O50*P23)^2)) -> 0.001023175 | R23: =M23^3 -> 0.32547317 | S23: =3*Q23/M23*R23 -> 0.0014523835 | T23: =R23/$R$2 -> 0.93281863 | U23: =T23*3*SQRT((Q23/M23)^2)+(0.001/$M$2)^2 -> 0.0041646046 | V23: =$B$40/((M23/$M$2)^3) -> 6.5286003 | W23: =(SQRT((0.02/$V$2)^2+(9*(0.001/$M$2)^2)+(9*(Q23/M23)^2))*V23) -> 0.045633536 | X23: =(1-((V23/$B$40)^0.66666667))/2 -> -0.023727281 | Y23: =(SQRT((Q23/M23)^2 + (0.0002/F23)^2))*AD23 -> 0.012349617 | Z23: =SQRT((Q23/M23)^2 + (0.0002/G23)^2)*AE23 -> 0.0041771795 | AA23: =SQRT((Q23/M23)^2 + (0.0002/H23)^2)*AC23 -> 0.011391325 | AB23: =SQRT((Q23/M23)^2 + (0.0002/I23)^2)*#REF! -> #REF! | AC23: =2*M23/H23 -> 6.4721173 | AD23: =2*M23/F23 -> 6.887436 | AE23: =2*M23/G23 -> 2.7143736 | AF23: =V23*AC23*AC23 -> 273.47198 | AG23: =V23*AD23^2 -> 309.69574 | AH23: =V23*AE23^2 -> 48.101578 | AI23: =1.5*AF23-AG23/2-2*AH23 -> 159.15695 | AK23: =M23 -> 0.68786793 | AL23: =AK23^3 -> 0.32547317 | AM23: =$AL$2/AL23 -> 1.0720198 | AN23: =$AN$2/((AK23/$AK$2)^3) -> 6.5286003 | AO23: =-3*$AP$31*((1-2*AP23)^2.5)*(1+3*(4-$AR$31)*AP23/2)*AP23 -> 12.809592 | AP23: =0.5*(1-AM23^0.666666667) -> -0.023727281 | AQ23: =(1-2*AP23)^(3.5)*($AP$26-$AT$26*AP23)+AO23*3 -> 305.92408 | AR23: =(1-2*AP23)^(3.5)*($AP$28-$AT$28*AP23)+AO23*1 -> 48.569991 | AS23: =(1-2*AP23)^(3.5)*($AP$27-$AT$27*AP23)+AO23*1 -> 159.92585 | AT23: =AQ23-AG23 -> -3.7716609 | AU23: =AR23-AH23 -> 0.46841307 | AV23: =AS23-AI23 -> 0.7688953 | AW23: =AO23-A23 -> 0.32674406 | BA23: 0.19974572 | BB23: 0.50683365 | BC23: =C23*$BE$2/0.607 -> 0.21256349 | BD23: =D23*$BE$2/0.607 -> 0.43788452 | BE23: 0.69905315 | BF23: =BE23^3 -> 0.34161002 | BG23: =$BF$2/BF23 -> 1.0213801 | BH23: =$BH$2/((BE23/$BE$2)^3) -> 6.2202046 | BI23: =-3*$BG$36*((1-2*BJ23)^2.5)*(1+3*(4-$BG$37)*BJ23/2)*BJ23 -> 3.5505541 | BJ23: =0.5*(1-BG23^0.666666667) -> -0.0071015345 | BK23: =BI23-E23 -> -8.9322936 | BL23: =2*BE23/BC23 -> 6.5773585 | BM23: =2*BE23/BA23 -> 6.9994306 | BN23: =2*BE23/BB23 -> 2.7585112 | BO23: =BH23*BL23*BL23 -> 269.09629 | BP23: =BH23*BM23^2 -> 304.74045 | BQ23: =BH23*BN23^2 -> 47.331927 | BR23: =1.5*BO23-BP23/2-2*BQ23 -> 156.61035 | BS23: =(1-2*BJ23)^(3.5)*($BG$25-$BK$25*BJ23)+BI23*3 -> 258.83942 | BT23: =(1-2*BJ23)^(3.5)*($BG$27-$BK$27*BJ23)+BI23*1 -> 47.152092 | BU23: =(1-2*BJ23)^(3.5)*($BG$26-$BK$26*BJ23)+BI23*1 -> 132.75906 | BV23: =BS23-BP23 -> -45.90103 | BW23: =BU23-BR23 -> -23.851298 | BX23: =BT23-BQ23 -> -0.17983482 | BY23: =(BS23+2*BU23)/3 -> 174.78584 | BZ23: =SQRT(BS23/BH23) -> 6.4507895 | CA23: =SQRT(BT23/BH23) -> 2.7532658 | CB23: =SQRT((0.33333334*(BS23+2*BU23+4*BT23))/BH23) -> 6.1811804 | CC23: =SQRT((0.3333334*(BS23-BU23+BT23))/BH23) -> 3.0468544 | CD23: =(BS23-BU23+3*BT23)/5 -> 53.507327 | CE23: =((5*(BS23-BU23)*BT23)/(3*(BS23-BU23)+4*BT23)) -> 52.438551 | CF23: =(CD23+CE23)/2 -> 52.972939 | CG23: =BZ23-AD23 -> -0.43664652 | CH23: =CA23-AE23 -> 0.038892259 | CI23: =CB23-AC23 -> -0.29093691
BF25: C11 | BG25: ='Global Min'!M12 -> 239.51038 | BJ25: C11a | BK25: =3*BG36*(BG28-3)-7*BG25 -> -461.30726
AO26: C11 | AP26: ='Global Min'!L12 -> 239.8936 | AQ26: C11' | AR26: ='Global Min'!L15 -> 5.3841195 | AS26: C11a | AT26: =3*AP31*(AR26-3)-7*AP26 -> -525.39091 | BF26: C12 | BG26: ='Global Min'!M13 -> 121.79138 | BJ26: C12a | BK26: =3*BG36*(BG29-1)-7*BG26 -> 168.14821
B27: v111 | AO27: C12 | AP27: ='Global Min'!L13 -> 122.04281 | AQ27: C12' | AR27: ='Global Min'!L16 -> 3.0296303 | AS27: C12a | AT27: =3*AP31*(AR27-1)-7*AP27 -> 127.99922 | BF27: C44 | BG27: ='Global Min'!M14 -> 46.243127 | BJ27: C44a | BK27: =3*BG36*(BG30-1)-7*BG27 -> -667.67981
A28: Width then radius | B28: 2.34 | J28: D | K28: K | L28: I | M28: L term | N28: rho term | O28: Int term | X28: =1.42/0.2298 -> 6.1792863 | AO28: C44 | AP28: ='Global Min'!L14 -> 46.22189 | AQ28: C44' | AR28: ='Global Min'!L17 -> 0.29107403 | AS28: C44a | AT28: =3*AP31*(AR28-1)-7*AP28 -> -666.65868 | BF28: C11' | BG28: ='Global Min'!M15 -> 5.5155924
A29: Length initial | B29: 0.623 | C29: 0.607 | J29: =12*$B$31*$B$38^2+$K$29*L2 -> 36.219617 | K29: =C34 -> 1.016974 | L29: sum cook | M29: =36*$B$40*($B$38^2)*(4*$B$40*$B$38^2 + $K$29*L2)/J29^2 -> 1 | N29: =36*$B$40*($B$38^2)*(4*$B$40*$B$38^2 + $K$29*M2)/K29^2 -> 1343.6535 | O29: =-(12*$B$40*$K$29*$D$38^3)/(J29^2) -> -0.019766904 | BF29: C12' | BG29: ='Global Min'!M16 -> 3.112818
A30: alpha thermal expansion | B30: =0.000046 -> 4.6e-05 | F30: Value | G30: VP100 or 110 or VS110 | H30: bench | J30: =12*$B$31*$B$38^2+$K$29*L3 -> 36.230005 | M30: =36*$B$40*($B$38^2)*(4*$B$40*$B$38^2 + $K$29*L3)/J30^2 -> 1.0002866 | N30: =(12*$K$29*L3*$D$38^3)/(J30^2) -> 3.313455e-05 | O30: =-(12*$B$40*$K$29*$D$38^3)/(J30^2) -> -0.019755571 | AU30: All sumsq | AV30: =AV34+AV32+AV33+AV31 -> 48.496156 | BF30: C44' | BG30: ='Global Min'!M17 -> 0.28796771
A31: density OG | B31: 6.09 | E31: C11 | F31: 231 | G31: 6.1588176 | H31: 0.23121321 | J31: =12*$B$31*$B$38^2+$K$29*L4 -> 36.34484 | M31: =36*$B$40*($B$38^2)*(4*$B$40*$B$38^2 + $K$29*L4)/J31^2 -> 1.0034217 | N31: =(12*$K$29*L4*$D$38^3)/(J31^2) -> 0.00039691538 | O31: =-(12*$B$40*$K$29*$D$38^3)/(J31^2) -> -0.019630928 | AO31: KS0 | AP31: =(AP26+2*AP27)/3 -> 161.32641 | AQ31: K'S0 | AR31: =(AR26+2*AR27)/3 -> 3.81446 | AT31: FSP | AU31: FSP | AV31: =SUMSQ(AW6:AW16) -> 0.52210007 | BF31: All sumsq | BG31: =BG35+BG33+BG34+BG32 -> 45.255065
A32: Gamma gruneisen | B32: 1.23 | E32: C12 VP | F32: 120 | G32: 5.9398555 | H32: 0.23973647 | J32: =12*$B$31*$B$38^2+$K$29*L5 -> 36.408432 | M32: =36*$B$40*($B$38^2)*(4*$B$40*$B$38^2 + $K$29*L5)/J32^2 -> 1.0051322 | N32: =(12*$K$29*L5*$D$38^3)/(J32^2) -> 0.00059639101 | O32: =-(12*$B$40*$K$29*$D$38^3)/(J32^2) -> -0.019562413 | AT32: C11 | AU32: C11 | AV32: =SUMSQ(AT6:AT16) -> 3.1367565 | BF32: FSP | BG32: =SUMSQ(BK6:BK16) -> 0.080683164
A33: T temp K | B33: 300 | E33: C12 VS | F33: 120 | G33: 2.9070625 | H33: 0.48984154 | J33: =12*$B$31*$B$38^2+$K$29*L6 -> 36.476877 | M33: =36*$B$40*($B$38^2)*(4*$B$40*$B$38^2 + $K$29*L6)/J33^2 -> 1.0069532 | N33: =(12*$K$29*L6*$D$38^3)/(J33^2) -> 0.00080953548 | O33: =-(12*$B$40*$K$29*$D$38^3)/(J33^2) -> -0.019489068 | AT33: C12 | AU33: C12 | AV33: =SUMSQ(AV6:AV16) -> 43.83939 | BF33: C11 | BG33: =SUMSQ(BV6:BV16) -> 2.6523655
A34: >scalar> | B34: =C34/C35 -> 0.035853802 | C34: =1+B30*B32*B33 -> 1.016974 | E34: C44 | F34: 43.4 | G34: 2.6695387 | H34: 0.5334255 | J34: =12*$B$31*$B$38^2+$K$29*L7 -> 36.546903 | M34: =36*$B$40*($B$38^2)*(4*$B$40*$B$38^2 + $K$29*L7)/J34^2 -> 1.0087948 | N34: =(12*$K$29*L7*$D$38^3)/(J34^2) -> 0.001025946 | O34: =-(12*$B$40*$K$29*$D$38^3)/(J34^2) -> -0.019414456 | AT34: C44 | AU34: C44 | AV34: =SUMSQ(AU6:AU16) -> 0.99790957 | BF34: C12 | BG34: =SUMSQ(BW6:BW16) -> 41.521692
C35: =12*B31*(B29^2) -> 28.364467 | J35: =12*$B$31*$B$38^2+$K$29*L8 -> 36.59474 | M35: =36*$B$40*($B$38^2)*(4*$B$40*$B$38^2 + $K$29*L8)/J35^2 -> 1.0100406 | N35: =(12*$K$29*L8*$D$38^3)/(J35^2) -> 0.001172831 | O35: =-(12*$B$40*$K$29*$D$38^3)/(J35^2) -> -0.019363731 | BF35: C44 | BG35: =SUMSQ(BX6:BX16) -> 1.0003242
B36: V100 | J36: =12*$B$31*$B$38^2+$K$29*L9 -> 36.639003 | M36: =36*$B$40*($B$38^2)*(4*$B$40*$B$38^2 + $K$29*L9)/J36^2 -> 1.0111844 | N36: =(12*$K$29*L9*$D$38^3)/(J36^2) -> 0.0013080545 | O36: =-(12*$B$40*$K$29*$D$38^3)/(J36^2) -> -0.019316973 | BF36: KS0 | BG36: =(BG25+2*BG26)/3 -> 161.03105
A37: Width then radius | B37: 2.34 | C37: =B37/2 -> 1.17 | J37: =12*$B$31*$B$38^2+$K$29*L10 -> 36.69429 | M37: =36*$B$40*($B$38^2)*(4*$B$40*$B$38^2 + $K$29*L10)/J37^2 -> 1.0126012 | N37: =(12*$K$29*L10*$D$38^3)/(J37^2) -> 0.0014760339 | O37: =-(12*$B$40*$K$29*$D$38^3)/(J37^2) -> -0.019258808 | BF37: K'S0 | BG37: =(BG28+2*BG29)/3 -> 3.9137428
A38: Length initial | B38: 0.704 | C38: mm | D38: 0.704 | J38: =12*$B$31*$B$38^2+$K$29*L11 -> 36.74015 | M38: =36*$B$40*($B$38^2)*(4*$B$40*$B$38^2 + $K$29*L11)/J38^2 -> 1.0137665 | N38: =(12*$K$29*L11*$D$38^3)/(J38^2) -> 0.0016146005 | O38: =-(12*$B$40*$K$29*$D$38^3)/(J38^2) -> -0.019210759
A39: alpha thermal expansion | B39: =0.000046 -> 4.6e-05 | C39: m/m C | J39: =12*$B$31*$B$38^2+$K$29*L12 -> 36.776977 | M39: =36*$B$40*($B$38^2)*(4*$B$40*$B$38^2 + $K$29*L12)/J39^2 -> 1.0146958 | N39: =(12*$K$29*L12*$D$38^3)/(J39^2) -> 0.0017253726 | O39: =-(12*$B$40*$K$29*$D$38^3)/(J39^2) -> -0.019172304
A40: density OG | B40: 6.09 | C40: g/cm^3 | J40: =12*$B$31*$B$38^2+$K$29*L13 -> 36.821799 | M40: =36*$B$40*($B$38^2)*(4*$B$40*$B$38^2 + $K$29*L13)/J40^2 -> 1.015819 | N40: =(12*$K$29*L13*$D$38^3)/(J40^2) -> 0.001859589 | O40: =-(12*$B$40*$K$29*$D$38^3)/(J40^2) -> -0.019125657
A41: Gamma gruneisen | B41: 1.23 | J41: =12*$B$31*$B$38^2+$K$29*L14 -> 36.860549 | M41: =36*$B$40*($B$38^2)*(4*$B$40*$B$38^2 + $K$29*L14)/J41^2 -> 1.0167833 | N41: =(12*$K$29*L14*$D$38^3)/(J41^2) -> 0.0019750912 | O41: =-(12*$B$40*$K$29*$D$38^3)/(J41^2) -> -0.019085466
A42: T temp K | B42: 300 | J42: =12*$B$31*$B$38^2+$K$29*L15 -> 36.887981 | M42: =36*$B$40*($B$38^2)*(4*$B$40*$B$38^2 + $K$29*L15)/J42^2 -> 1.0174622 | N42: =(12*$K$29*L15*$D$38^3)/(J42^2) -> 0.0020565637 | O42: =-(12*$B$40*$K$29*$D$38^3)/(J42^2) -> -0.019057091
A43: >scalar> | B43: =C43/C44 -> 0.028077989 | C43: =1+B39*B41*B42 -> 1.016974 | J43: =12*$B$31*$B$38^2+$K$29*L16 -> 36.923371 | M43: =36*$B$40*($B$38^2)*(4*$B$40*$B$38^2 + $K$29*L16)/J43^2 -> 1.0183333 | N43: =(12*$K$29*L16*$D$38^3)/(J43^2) -> 0.0021613096 | O43: =-(12*$B$40*$K$29*$D$38^3)/(J43^2) -> -0.019020577
C44: =12*B40*(B38^2) -> 36.219617 | J44: =12*$B$31*$B$38^2+$K$29*L17 -> 36.955732 | M44: =36*$B$40*($B$38^2)*(4*$B$40*$B$38^2 + $K$29*L17)/J44^2 -> 1.0191253 | N44: =(12*$K$29*L17*$D$38^3)/(J44^2) -> 0.0022567364 | O44: =-(12*$B$40*$K$29*$D$38^3)/(J44^2) -> -0.01898728
A45: delta C11 | B45: 3 | J45: =12*$B$31*$B$38^2+$K$29*L18 -> 36.974455 | M45: =36*$B$40*($B$38^2)*(4*$B$40*$B$38^2 + $K$29*L18)/J45^2 -> 1.0195816 | N45: =(12*$K$29*L18*$D$38^3)/(J45^2) -> 0.002311796 | O45: =-(12*$B$40*$K$29*$D$38^3)/(J45^2) -> -0.018968055
A46: delta C12/C44 | B46: 1 | J46: =12*$B$31*$B$38^2+$K$29*L19 -> 36.987761 | M46: =36*$B$40*($B$38^2)*(4*$B$40*$B$38^2 + $K$29*L19)/J46^2 -> 1.0199049 | N46: =(12*$K$29*L19*$D$38^3)/(J46^2) -> 0.002350854 | O46: =-(12*$B$40*$K$29*$D$38^3)/(J46^2) -> -0.01895441
J47: =12*$B$31*$B$38^2+$K$29*L20 -> 37.011585 | M47: =36*$B$40*($B$38^2)*(4*$B$40*$B$38^2 + $K$29*L20)/J47^2 -> 1.0204821 | N47: =(12*$K$29*L20*$D$38^3)/(J47^2) -> 0.0024206474 | O47: =-(12*$B$40*$K$29*$D$38^3)/(J47^2) -> -0.018930016
A48: K | B48: 151.14 | J48: =12*$B$31*$B$38^2+$K$29*L21 -> 37.043084 | M48: =36*$B$40*($B$38^2)*(4*$B$40*$B$38^2 + $K$29*L21)/J48^2 -> 1.0212416 | N48: =(12*$K$29*L21*$D$38^3)/(J48^2) -> 0.0025126429 | O48: =-(12*$B$40*$K$29*$D$38^3)/(J48^2) -> -0.018897837
A49: K' | B49: 3.47 | J49: =12*$B$31*$B$38^2+$K$29*L22 -> 37.058696 | M49: =36*$B$40*($B$38^2)*(4*$B$40*$B$38^2 + $K$29*L22)/J49^2 -> 1.0216166 | N49: =(12*$K$29*L22*$D$38^3)/(J49^2) -> 0.0025581237 | O49: =-(12*$B$40*$K$29*$D$38^3)/(J49^2) -> -0.018881918
J50: =12*$B$31*$B$38^2+$K$29*L23 -> 37.06905 | M50: =36*$B$40*($B$38^2)*(4*$B$40*$B$38^2 + $K$29*L23)/J50^2 -> 1.0218647 | N50: =(12*$K$29*L23*$D$38^3)/(J50^2) -> 0.0025882438 | O50: =-(12*$B$40*$K$29*$D$38^3)/(J50^2) -> -0.018871371 | BJ50: 0.704 and more | BQ50: 0.704 and less
B51: Ratio 0.71/ 0.623 | BI51: C11 | BJ51: 239.24771 | BK51: C11' | BL51: 5.6424432 | BM51: C11a | BN51: -420.63831 | BP51: C11 | BQ51: 240.65352 | BR51: C11' | BS51: 5.4562611 | BT51: C11a | BU51: -511.10857
B52: =B38/B29 -> 1.1300161 | E52: Value | F52: VP100 or 110 or VS110 | G52: Travel time | H52: correction | I52: Bench correct | J52: predited measured time | BI52: C12 | BJ52: 117.67466 | BK52: C12' | BL52: 3.4472129 | BM52: C12a | BN52: 337.71736 | BP52: C12 | BQ52: 118.54566 | BR52: C12' | BS52: 3.3285789 | BT52: C12a | BU52: 282.64694
D53: C11 | E53: 235 | F53: 6.2119119 | G53: 0.22923699 | H53: 0.0023427945 | I53: -0.012658141 | J53: 0.2268942 | BI53: C44 | BJ53: 46.817623 | BK53: C44' | BL53: 0.25007223 | BM53: C44a | BN53: -683.63685 | BP53: C44 | BQ53: 46.8077 | BR53: C44' | BS53: 0.24985841 | BT53: C44a | BU53: -686.03017
D54: C12 VP | E54: 120 | F54: 5.9509029 | G54: 0.20400266 | H54: 0.0019882247 | I54: -0.012665076 | J54: 0.20201443
D55: C12 VS | E55: 120 | F55: 2.9407579 | G55: 0.41281875 | H55: -0.00046133081 | I55: -0.0125 | J55: 0.41328008
D56: C44 | E56: 43 | F56: 2.6572082 | G56: 0.5359008 | H56: -0.00035202667 | I56: -0.0125 | J56: 0.53625283 | BI56: KS0 | BJ56: 158.19901 | BK56: K'S0 | BL56: 4.1789563 | BP56: KS0 | BQ56: 159.24828 | BR56: K'S0 | BS56: 4.0378063
BM58: All sumsq | BN58: 2.5014687 | BT58: All sumsq | BU58: 2.2338494
BM59: FSP | BN59: 0.16902744 | BT59: FSP | BU59: 0.033737922
BM60: C11 | BN60: 0.66973379 | BT60: C11 | BU60: 0.65061083
BM61: C12 | BN61: 1.5708438 | BT61: C12 | BU61: 1.4998887
BM62: C44 | BN62: 0.091863684 | BT62: C44 | BU62: 0.04961195
BJ64: 0.712 and more | BP64: 0.712 and less
BI65: C11 | BJ65: 244.86222 | BK65: C11' | BL65: 5.7581451 | BM65: C11a | BN65: -415.99 | BP65: C11 | BQ65: 246.41853 | BR65: C11' | BS65: 5.5543154 | BT65: C11a | BU65: -514.15174
BI66: C12 | BJ66: 112.88021 | BK66: C12' | BL66: 3.3660752 | BM66: C12a | BN66: 323.3671 | BP66: C12 | BQ66: 113.79709 | BR66: C12' | BS66: 3.2428507 | BT66: C12a | BU66: 266.5601
BI67: C44 | BJ67: 47.97538 | BK67: C44' | BL67: 0.24258014 | BM67: C44a | BN67: -692.28661 | BP67: C44 | BQ67: 47.87963 | BR67: C44' | BS67: 0.25659939 | BT67: C44a | BU67: -687.53874
BI70: KS0 | BJ70: 156.87422 | BK70: K'S0 | BL70: 4.1634319 | BP70: KS0 | BQ70: 158.00424 | BR70: K'S0 | BS70: 4.0133389
BM72: All sumsq | BN72: 2.5366877 | BT72: All sumsq | BU72: 2.2978425
BM73: FSP | BN73: 0.16482004 | BT73: FSP | BU73: 0.031890737
BM74: C11 | BN74: 0.65198352 | BT74: C11 | BU74: 0.63259187
BM75: C12 | BN75: 1.6513184 | BT75: C12 | BU75: 1.581114
BM76: C44 | BN76: 0.068565721 | BT76: C44 | BU76: 0.052245879
M92: Pressure (GPa) | N92: Density | O92: C11 | P92: C44 | Q92: C12 | R92: GV | S92: GR | T92: GH | U92: Bulk mod
M93: 0 | N93: 6.09 | O93: 231.75 | P93: 44.88 | Q93: 118.9 | R93: 49.827575 | S93: 49.126282 | T93: 49.476928 | U93: 155.51436
M94: 2.4965696 | N94: 6.1835554 | O94: 253.82 | P94: 47.35 | Q94: 130.76 | R94: 53.022846 | S94: 52.159293 | T94: 52.59107 | U94: 169.40814
M95: 3.4435442 | N95: 6.2176196 | O95: 259.48 | P95: 47.55 | Q95: 132.75 | R95: 53.878163 | S95: 52.825601 | T95: 53.351882 | U95: 173.40014
M96: 4.4335632 | N96: 6.2526865 | O96: 264.35 | P96: 47.64 | Q96: 135.77 | R96: 54.299319 | S96: 53.145293 | T96: 53.722306 | U96: 176.66717
M97: 5.122272 | N97: 6.2767501 | O97: 268.17 | P97: 47.7 | Q97: 137.56 | R97: 54.743656 | S97: 53.467032 | T97: 54.105344 | U97: 179.89406
M98: 5.7679366 | N98: 6.299003 | O98: 272.57 | P98: 47.95 | Q98: 139.48 | R98: 55.384688 | S98: 53.980934 | T98: 54.682811 | U98: 182.91443
M99: 6.5857783 | N99: 6.326811 | O99: 275.56 | P99: 48.02 | Q99: 142.68 | R99: 55.387254 | S99: 54.008279 | T99: 54.697767 | U99: 186.30645
M100: 7.2744872 | N100: 6.3498266 | O100: 280.14 | P100: 48 | Q100: 145.84 | R100: 55.65948 | S100: 54.180211 | T100: 54.919846 | U100: 190.89599
M101: 7.8340631 | N101: 6.3682562 | O101: 283.11 | P101: 48.2 | Q101: 147.26 | R101: 56.090017 | S101: 54.53424 | T101: 55.312129 | U101: 193.05125
M102: 8.5227719 | N102: 6.3907722 | O102: 285.64 | P102: 48.22 | Q102: 149.14 | R102: 56.229761 | S102: 54.631136 | T102: 55.430449 | U102: 194.98038
M103: 9.1253922 | N103: 6.4102593 | O103: 288.7 | P103: 48.19 | Q103: 151.86 | R103: 56.283087 | S103: 54.654581 | T103: 55.468834 | U103: 198.63342
M104: 9.5558352 | N104: 6.4240466 | O104: 291.17 | P104: 48.34 | Q104: 152.44 | R104: 56.748959 | S104: 55.008589 | T104: 55.878774 | U104: 199.75558
... M112: 12.482848 | N112: 6.5146528 | O112: 309.77 | P112: 47.99 | Q112: 167.4 | R112: 57.269049 | S112: 55.184091 | T112: 56.22657 | U112: 218.82038

Sheet FS No Vp 111
A1: V100 Pressure | B1: Oil P | C1: 2TP Au pressure corrected 111 | D1: 2TS Au pressure corrected 111 | E1: V100 Pressure | F1: 2TP Au 100 | G1: 2TS Au 100 high C44 | H1: L corrected v111 TP | I1: L correct v111 TS | J1: f(x) for cook | K1: rect+triang | L1: Sum Cook (I) | M1: Cook's Length | N1: integ unc | O1: trap uncert | P1: Trap add | Q1: L uncert | R1: Volume | S1: V ncrt | T1: V/v0 | U1: v/v0 ncrt | V1: New density | W1: rho ncrt | X1: Strain | Y1: VP100 ncrt | Z1: VS100 ncrt | AA1: VP111 ncrt | AB1: VS111 ncrt | AC1: Vs 111 | AD1: Vp100 | AE1: Vs100 | AF1: pvs111^^2 | AG1: pvp111^2 | AH1: C11 pVP100^2 | AI1: C44 pVS100^2 | AJ1: C12 vs calc | AL1: L | AM1: V | AN1: V0/V calc | AO1: density | AP1: FS Pressure | AQ1: finite strain f | AR1: C11 fit | AS1: C44 fit | AT1: C12 fit | AV1: C11 diff | AW1: C44 diff | AX1: C12 diff | AY1: FSP diff | BB1: 2TP Au 100 | BC1: 2TS Au 100 high C44 | BD1: L corrected v111 TP | BE1: L correct v111 TS | BF1: L | BG1: V | BH1: V0/V calc | BI1: density | BJ1: FS Pressure | BK1: finite strain f | BL1: delta P | BM1: Vs 111 | BN1: Vp100 | BO1: Vs100 | BP1: rho vs111^2 | BQ1: C11 pVP100^2 | BR1: C44 pVS100^2 | BS1: C12 vs calc | BT1: C11 fit | BU1: C44 fit | BV1: C12 fit | BW1: C11 diff | BX1: C44 diff | BY1: C12 diff | BZ1: K | CA1: Vp100 | CB1: Vs100 | CC1: Vp111 | CD1: Vs111 | CE1: GV | CF1: GR | CG1: GH | CH1: VP100 diff | CI1: VS100 diff | CK1: VS 111 diff
A2: 0 | B2: 0 | C2: 0.21010882 | D2: 0.41441731 | E2: 0 | F2: =0.229199934662983 -> 0.22919993 | G2: =0.510926917293233 -> 0.51092692 | H2: =C2*0.712/0.623 -> 0.24012437 | I2: =D2*0.712/0.623 -> 0.47361979 | J2: =1/((-2/(I2^2))+(1/(F2^2))+(0.6666/(G2^2))) -> 0.078905675 | L2: =SUM(K2:$K$2) -> 0 | M2: 0.704 | N2: =(6*F2*G2*SQRT(9*(G2^6)*(0.0002^2)+16*(F2^6)*(0.0002)^2))/((4*F2^2 - 3*G2^2)^2) -> 0.00017248585 | O2: =(((E2-E2)/2)^2)*(N2^2+N3^2) -> 0 | P2: =SUM(O2:$O$2) -> 0 | Q2: 0.001 | R2: =M2^3 -> 0.34891366 | S2: =3*Q2/M2*R2 -> 0.001486848 | T2: =R2/$R$2 -> 1 | U2: =T2*3*SQRT((Q2/M2)^2)+(0.001/$M$2)^2 -> 0.0042633813 | V2: =$B$40/((M2/$M$2)^3) -> 6.09 | W2: 0.01 | X2: =(1-((V2/$B$40)^0.66666667))/2 -> 0 | Y2: =(SQRT((Q2/M2)^2 + (0.0002/F2)^2))*AD2 -> 0.010357367 | Z2: =SQRT((Q2/M2)^2 + (0.0002/G2)^2)*AE2 -> 0.0041065128 | AA2: =SQRT((Q2/M2)^2 + (0.0002/H2)^2)*#REF! -> #REF! | AB2: =SQRT((Q2/M2)^2 + (0.0002/I2)^2)*AC2 -> 0.00445551 | AC2: =2*0.712/I2 -> 3.0066311 | AD2: =2*0.712/F2 -> 6.2129163 | AE2: =2*0.712/G2 -> 2.7870914 | AF2: =V2*AC2^2 -> 55.052569 | AG2: =V2*#REF!*#REF! -> #REF! | AH2: =V2*AD2^2 -> 235.076 | AI2: =V2*AE2^2 -> 47.306379 | AJ2: =AH2+AI2-3*AF2 -> 117.22467 | AL2: =M2 -> 0.704 | AM2: =AL2^3 -> 0.34891366 | AN2: =$BG$2/AM2 -> 1 | AO2: 6.09 | AP2: =-3*$AQ$27*((1-2*AQ2)^2.5)*(1+3*(4-$AQ$26)*AQ2/2)*AQ2 -> 0 | AQ2: =0.5*(1-AN2^0.666666667) -> 0 | AR2: =(1-2*AQ2)^(3.5)*($AQ$28-$AR$39*AQ2)+AP2*3 -> 239.8936 | AS2: =(1-2*AQ2)^(3.5)*($AQ$30-$AR$41*AQ2)+AP2*1 -> 46.22189 | AT2: =(1-2*AQ2)^(3.5)*($AQ$29-$AQ$40*AQ2)+AP2*1 -> 122.04281 | AV2: =AR2-AH2 -> 4.8176043 | AW2: =AS2-AI2 -> -1.0844889 | AX2: =AT2-AJ2 -> 4.8181439 | AY2: =AP2-A2 -> 0 | BB2: 0.22919993 | BC2: 0.51092692 | BD2: =C2*0.712/0.623 -> 0.24012437 | BE2: =D2*0.712/0.623 -> 0.47361979 | BF2: 0.704 | BG2: =BF2^3 -> 0.34891366 | BH2: =$BG$2/BG2 -> 1 | BI2: 6.09 | BJ2: =-3*$BC$36*((1-2*BK2)^2.5)*(1+3*(4-$BC$37)*BK2/2)*BK2 -> 0 | BK2: =0.5*(1-BH2^0.666666667) -> 0 | BL2: =BJ2-E2 -> 0 | BM2: =2*0.712/BE2 -> 3.0066311 | BN2: =2*0.712/BB2 -> 6.2129163 | BO2: =2*0.712/BC2 -> 2.7870914 | BP2: =BI2*BM2^2 -> 55.052569 | BQ2: =BI2*BN2^2 -> 235.076 | BR2: =BI2*BO2^2 -> 47.306379 | BS2: =BQ2+BR2-3*BP2 -> 117.22467 | BT2: =(1-2*BK2)^(3.5)*($BC$25-$BG$25*BK2)+BJ2*3 -> 239.51038 | BU2: =(1-2*BK2)^(3.5)*($BC$27-$BG$27*BK2)+BJ2*1 -> 46.243127 | BV2: =(1-2*BK2)^(3.5)*($BC$26-$BG$26*BK2)+BJ2*1 -> 121.79138 | BW2: =BT2-BQ2 -> 4.4343822 | BX2: =BU2-BR2 -> -1.0632517 | BY2: =BV2-BS2 -> 4.5667081 | BZ2: =(BT2+2*BV2)/3 -> 161.03105 | CA2: =SQRT(BT2/BI2) -> 6.2712415 | CB2: =SQRT(BU2/BI2) -> 2.7555922 | CC2: =SQRT((0.33333334*(BT2+2*BV2+4*BU2))/BI2) -> 6.0470046 | CD2: =SQRT((0.3333334*(BT2-BV2+BU2))/BI2) -> 2.9957292 | CE2: =(BT2-BV2+3*BU2)/5 -> 51.289677 | CF2: =((5*(BT2-BV2)*BU2)/(3*(BT2-BV2)+4*BU2)) -> 50.579783 | CG2: =(CE2+CF2)/2 -> 50.93473 | CH2: =CA2-AD2 -> 0.058325246 | CI2: =CB2-AE2 -> -0.031499141 | CK2: =CD2-AC2 -> -0.010901977 | DQ2: o | EJ2: 0
A3: 0.12913291 | B3: 30 | C3: 0.2017768 | D3: 0.41395642 | E3: 0.12913291 | F3: 0.22474572 | G3: 0.50723365 | H3: =C3*0.704/0.607 -> 0.2340212 | I3: =D3*0.704/0.607 -> 0.48010762 | J3: =1/((-2/(I3^2))+(1/(F3^2))+(0.6666/(G3^2))) -> 0.072928628 | K3: =(J3*(E3-E2)+0.5*(E3-E2)*(J2-J3)) -> 0.0098034026 | L3: =SUM(K$3:$K3) -> 0.0098034026 | M3: =$B$38/((L3*$B$43+1)) -> 0.70380627 | N3: =(6*F3*G3*SQRT(9*(G3^6)*(0.0002^2)+16*(F3^6)*(0.0002)^2))/((4*F3^2 - 3*G3^2)^2) -> 0.00016605784 | O3: =(((E3-E2)/2)^2)*(N3^2+N4^2) -> 2.216109e-10 | P3: =SUM(O$2:$O3) -> 2.216109e-10 | Q3: =SQRT(((M30*0.001)^2)+((N30*0.02)^2)+((O30*P3)^2)) -> 0.0010002752 | R3: =M3^3 -> 0.3486257 | S3: =3*Q3/M3*R3 -> 0.0014864388 | T3: =R3/$R$2 -> 0.99917467 | U3: =T3*3*SQRT((Q3/M3)^2)+(0.001/$M$2)^2 -> 0.0042622086 | V3: =$B$40/((M3/$M$2)^3) -> 6.0950304 | W3: =(SQRT((0.02/$V$2)^2+(9*(0.001/$M$2)^2)+(9*(Q3/M3)^2))*V3) -> 0.041840318 | X3: =(1-((V3/$B$40)^0.66666667))/2 -> -0.00027529771 | Y3: =(SQRT((Q3/M3)^2 + (0.0002/F3)^2))*AD3 -> 0.010502336 | Z3: =SQRT((Q3/M3)^2 + (0.0002/G3)^2)*AE3 -> 0.0040930108 | AA3: =SQRT((Q3/M3)^2 + (0.0002/H3)^2)*#REF! -> #REF! | AB3: =SQRT((Q3/M3)^2 + (0.0002/I3)^2)*AC3 -> 0.0043421826 | AC3: =2*M3/I3 -> 2.9318688 | AD3: =2*M3/F3 -> 6.2631339 | AE3: =2*M3/G3 -> 2.7750772 | AF3: =V3*AC3^2 -> 52.391995 | AG3: =V3*#REF!*#REF! -> #REF! | AH3: =V3*AD3^2 -> 239.08882 | AI3: =V3*AE3^2 -> 46.938156 | AJ3: =AH3+AI3-3*AF3 -> 128.85099 | AL3: =M3 -> 0.70380627 | AM3: =AL3^3 -> 0.3486257 | AN3: =$BG$2/AM3 -> 1.000826 | AO3: =$AO$2/((AL3/$AL$2)^3) -> 6.0950304 | AP3: =-3*$AQ$27*((1-2*AQ3)^2.5)*(1+3*(4-$AQ$26)*AQ3/2)*AQ3 -> 0.13341163 | AQ3: =0.5*(1-AN3^0.666666667) -> -0.00027529771 | AR3: =(1-2*AQ3)^(3.5)*($AQ$28-$AR$39*AQ3)+AP3*3 -> 240.61153 | AS3: =(1-2*AQ3)^(3.5)*($AQ$30-$AR$41*AQ3)+AP3*1 -> 46.260553 | AT3: =(1-2*AQ3)^(3.5)*($AQ$29-$AQ$40*AQ3)+AP3*1 -> 122.44688 | AV3: =AR3-AH3 -> 1.5227142 | AW3: =AS3-AI3 -> -0.67760294 | AX3: =AT3-AJ3 -> -6.4041096 | AY3: =AP3-A3 -> 0.0042787208 | BB3: 0.22474572 | BC3: 0.50723365 | BD3: =C3*$BF$2/0.607 -> 0.2340212 | BE3: =D3*$BF$2/0.607 -> 0.48010762 | BF3: 0.70380627 | BG3: =BF3^3 -> 0.3486257 | BH3: =$BG$2/BG3 -> 1.000826 | BI3: =$BI$2/((BF3/$BF$2)^3) -> 6.0950304 | BJ3: =-3*$BC$36*((1-2*BK3)^2.5)*(1+3*(4-$BC$37)*BK3/2)*BK3 -> 0.13317283 | BK3: =0.5*(1-BH3^0.666666667) -> -0.00027529771 | BL3: =BJ3-E3 -> 0.004039924 | BM3: =2*BF3/BE3 -> 2.9318688 | BN3: =2*BF3/BB3 -> 6.2631339 | BO3: =2*BF3/BC3 -> 2.7750772 | BP3: =BI3*BM3^2 -> 52.391995 | BQ3: =BI3*BN3^2 -> 239.08882 | BR3: =BI3*BO3^2 -> 46.938156 | BS3: =BQ3+BR3-3*BP3 -> 128.85099 | BT3: =(1-2*BK3)^(3.5)*($BC$25-$BG$25*BK3)+BJ3*3 -> 240.24453 | BU3: =(1-2*BK3)^(3.5)*($BC$27-$BG$27*BK3)+BJ3*1 -> 46.28131 | BV3: =(1-2*BK3)^(3.5)*($BC$26-$BG$26*BK3)+BJ3*1 -> 122.2058 | BW3: =BT3-BQ3 -> 1.1557127 | BX3: =BV3-AJ3 -> -6.6451949 | BY3: =BU3-AI3 -> -0.6568453 | BZ3: =(BT3+2*BV3)/3 -> 161.55204 | CA3: =SQRT(BT3/BI3) -> 6.2782531 | CB3: =SQRT(BU3/BI3) -> 2.7555918 | CC3: =SQRT((0.33333334*(BT3+2*BV3+4*BU3))/BI3) -> 6.0522655 | CD3: =SQRT((0.3333334*(BT3-BV3+BU3))/BI3) -> 2.9977593 | CE3: =(BT3-BV3+3*BU3)/5 -> 51.376534 | CF3: =((5*(BT3-BV3)*BU3)/(3*(BT3-BV3)+4*BU3)) -> 50.654372 | CG3: =(CE3+CF3)/2 -> 51.015453 | CH3: =CA3-AD3 -> 0.015119187 | CI3: =CB3-AE3 -> -0.01948541 | CK3: =CD3-AC3 -> 0.065890476
A4: 1.6356835 | B4: 60 | C4: 0.19870445 | D4: 0.40424966 | E4: 1.6356835 | F4: 0.22094572 | G4: 0.50583365 | H4: =C4*0.704/0.607 -> 0.23045788 | I4: =D4*0.704/0.607 -> 0.46884969 | J4: =1/((-2/(I4^2))+(1/(F4^2))+(0.6666/(G4^2))) -> 0.07147164 | K4: =(J4*(E4-E3)+0.5*(E4-E3)*(J3-J4)) -> 0.10877316 | L4: =SUM(K$3:$K4) -> 0.11857656 | M4: =$B$38/((L4*$B$43+1)) -> 0.70166389 | N4: =(6*F4*G4*SQRT(9*(G4^6)*(0.0002^2)+16*(F4^6)*(0.0002)^2))/((4*F4^2 - 3*G4^2)^2) -> 0.00015994952 | O4: =(((E4-E3)/2)^2)*(N4^2+N5^2) -> 2.8357893e-08 | P4: =SUM(O$2:$O4) -> 2.8579504e-08 | Q4: =SQRT(((M31*0.001)^2)+((N31*0.02)^2)+((O31*P4)^2)) -> 0.0010033255 | R4: =M4^3 -> 0.34545173 | S4: =3*Q4/M4*R4 -> 0.0014819083 | T4: =R4/$R$2 -> 0.99007797 | U4: =T4*3*SQRT((Q4/M4)^2)+(0.001/$M$2)^2 -> 0.004249224 | V4: =$B$40/((M4/$M$2)^3) -> 6.1510307 | W4: =(SQRT((0.02/$V$2)^2+(9*(0.001/$M$2)^2)+(9*(Q4/M4)^2))*V4) -> 0.042324488 | X4: =(1-((V4/$B$40)^0.66666667))/2 -> -0.0033349337 | Y4: =(SQRT((Q4/M4)^2 + (0.0002/F4)^2))*AD4 -> 0.010748927 | Z4: =SQRT((Q4/M4)^2 + (0.0002/G4)^2)*AE4 -> 0.0041158783 | AA4: =SQRT((Q4/M4)^2 + (0.0002/H4)^2)*#REF! -> #REF! | AB4: =SQRT((Q4/M4)^2 + (0.0002/I4)^2)*AC4 -> 0.0044663341 | AC4: =2*M4/I4 -> 2.9931293 | AD4: =2*M4/F4 -> 6.3514594 | AE4: =2*M4/G4 -> 2.7742871 | AF4: =V4*AC4^2 -> 55.105997 | AG4: =V4*#REF!*#REF! -> #REF! | AH4: =V4*AD4^2 -> 248.13896 | AI4: =V4*AE4^2 -> 47.342448 | AJ4: =AH4+AI4-3*AF4 -> 130.16341 | AL4: =M4 -> 0.70166389 | AM4: =AL4^3 -> 0.34545173 | AN4: =$BG$2/AM4 -> 1.0100215 | AO4: =$AO$2/((AL4/$AL$2)^3) -> 6.1510307 | AP4: =-3*$AQ$27*((1-2*AQ4)^2.5)*(1+3*(4-$AQ$26)*AQ4/2)*AQ4 -> 1.6395638 | AQ4: =0.5*(1-AN4^0.666666667) -> -0.0033349337 | AR4: =(1-2*AQ4)^(3.5)*($AQ$28-$AR$39*AQ4)+AP4*3 -> 248.66596 | AS4: =(1-2*AQ4)^(3.5)*($AQ$30-$AR$41*AQ4)+AP4*1 -> 46.673911 | AT4: =(1-2*AQ4)^(3.5)*($AQ$29-$AQ$40*AQ4)+AP4*1 -> 126.99216 | AV4: =AR4-AH4 -> 0.52700241 | AW4: =AS4-AI4 -> -0.66853693 | AX4: =AT4-AJ4 -> -3.1712514 | AY4: =AP4-A4 -> 0.0038803059 | BB4: 0.22094572 | BC4: 0.50583365 | BD4: =C4*$BF$2/0.607 -> 0.23045788 | BE4: =D4*$BF$2/0.607 -> 0.46884969 | BF4: 0.70166389 | BG4: =BF4^3 -> 0.34545173 | BH4: =$BG$2/BG4 -> 1.0100215 | BI4: =$BI$2/((BF4/$BF$2)^3) -> 6.1510307 | BJ4: =-3*$BC$36*((1-2*BK4)^2.5)*(1+3*(4-$BC$37)*BK4/2)*BK4 -> 1.6373756 | BK4: =0.5*(1-BH4^0.666666667) -> -0.0033349337 | BL4: =BJ4-E4 -> 0.0016920658 | BM4: =2*BF4/BE4 -> 2.9931293 | BN4: =2*BF4/BB4 -> 6.3514594 | BO4: =2*BF4/BC4 -> 2.7742871 | BP4: =BI4*BM4^2 -> 55.105997 | BQ4: =BI4*BN4^2 -> 248.13896 | BR4: =BI4*BO4^2 -> 47.342448 | BS4: =BQ4+BR4-3*BP4 -> 130.16341 | BT4: =(1-2*BK4)^(3.5)*($BC$25-$BG$25*BK4)+BJ4*3 -> 248.4859 | BU4: =(1-2*BK4)^(3.5)*($BC$27-$BG$27*BK4)+BJ4*1 -> 46.689974 | BV4: =(1-2*BK4)^(3.5)*($BC$26-$BG$26*BK4)+BJ4*1 -> 126.86966 | BW4: =BT4-BQ4 -> 0.34694005 | BX4: =BV4-AJ4 -> -3.2937482 | BY4: =BU4-AI4 -> -0.65247367 | BZ4: =(BT4+2*BV4)/3 -> 167.40841 | CA4: =SQRT(BT4/BI4) -> 6.3558981 | CB4: =SQRT(BU4/BI4) -> 2.7551032 | CC4: =SQRT((0.33333334*(BT4+2*BV4+4*BU4))/BI4) -> 6.11041 | CD4: =SQRT((0.3333334*(BT4-BV4+BU4))/BI4) -> 3.0200597 | CE4: =(BT4-BV4+3*BU4)/5 -> 52.337231 | CF4: =((5*(BT4-BV4)*BU4)/(3*(BT4-BV4)+4*BU4)) -> 51.469999 | CG4: =(CE4+CF4)/2 -> 51.903615 | CH4: =CA4-AD4 -> 0.0044386541 | CI4: =CB4-AE4 -> -0.019183942 | CK4: =CD4-AC4 -> 0.026930391
A5: 2.4965696 | B5: 90 | C5: 0.19712307 | D5: 0.40093724 | E5: 2.4965696 | F5: 0.21874572 | G5: 0.50583365 | H5: =C5*0.704/0.607 -> 0.22862379 | I5: =D5*0.704/0.607 -> 0.46500794 | J5: =1/((-2/(I5^2))+(1/(F5^2))+(0.6666/(G5^2))) -> 0.070152195 | K5: =(J5*(E5-E4)+0.5*(E5-E4)*(J4-J5)) -> 0.060960992 | L5: =SUM(K$3:$K5) -> 0.17953755 | M5: =$B$38/((L5*$B$43+1)) -> 0.7004689 | N5: =(6*F5*G5*SQRT(9*(G5^6)*(0.0002^2)+16*(F5^6)*(0.0002)^2))/((4*F5^2 - 3*G5^2)^2) -> 0.00015618171 | O5: =(((E5-E4)/2)^2)*(N5^2+N6^2) -> 8.8434243e-09 | P5: =SUM(O$2:$O5) -> 3.7422929e-08 | Q5: =SQRT(((M32*0.001)^2)+((N32*0.02)^2)+((O32*P5)^2)) -> 0.0010050317 | R5: =M5^3 -> 0.34368974 | S5: =3*Q5/M5*R5 -> 0.0014793765 | T5: =R5/$R$2 -> 0.98502804 | U5: =T5*3*SQRT((Q5/M5)^2)+(0.001/$M$2)^2 -> 0.0042419678 | V5: =$B$40/((M5/$M$2)^3) -> 6.1825651 | W5: =(SQRT((0.02/$V$2)^2+(9*(0.001/$M$2)^2)+(9*(Q5/M5)^2))*V5) -> 0.042597905 | X5: =(1-((V5/$B$40)^0.66666667))/2 -> -0.0050537594 | Y5: =(SQRT((Q5/M5)^2 + (0.0002/F5)^2))*AD5 -> 0.010896158 | Z5: =SQRT((Q5/M5)^2 + (0.0002/G5)^2)*AE5 -> 0.0041218842 | AA5: =SQRT((Q5/M5)^2 + (0.0002/H5)^2)*#REF! -> #REF! | AB5: =SQRT((Q5/M5)^2 + (0.0002/I5)^2)*AC5 -> 0.0045126783 | AC5: =2*M5/I5 -> 3.012718 | AD5: =2*M5/F5 -> 6.4044124 | AE5: =2*M5/G5 -> 2.7695623 | AF5: =V5*AC5^2 -> 56.115866 | AG5: =V5*#REF!*#REF! -> #REF! | AH5: =V5*AD5^2 -> 253.58717 | AI5: =V5*AE5^2 -> 47.423213 | AJ5: =AH5+AI5-3*AF5 -> 132.66278 | AL5: =M5 -> 0.7004689 | AM5: =AL5^3 -> 0.34368974 | AN5: =$BG$2/AM5 -> 1.0151995 | AO5: =$AO$2/((AL5/$AL$2)^3) -> 6.1825651 | AP5: =-3*$AQ$27*((1-2*AQ5)^2.5)*(1+3*(4-$AQ$26)*AQ5/2)*AQ5 -> 2.5046614 | AQ5: =0.5*(1-AN5^0.666666667) -> -0.0050537594 | AR5: =(1-2*AQ5)^(3.5)*($AQ$28-$AR$39*AQ5)+AP5*3 -> 253.25158 | AS5: =(1-2*AQ5)^(3.5)*($AQ$30-$AR$41*AQ5)+AP5*1 -> 46.892642 | AT5: =(1-2*AQ5)^(3.5)*($AQ$29-$AQ$40*AQ5)+AP5*1 -> 129.58978 | AV5: =AR5-AH5 -> -0.3355866 | AW5: =AS5-AI5 -> -0.53057139 | AX5: =AT5-AJ5 -> -3.0730068 | AY5: =AP5-A5 -> 0.008091874 | BB5: 0.21874572 | BC5: 0.50583365 | BD5: =C5*$BF$2/0.607 -> 0.22862379 | BE5: =D5*$BF$2/0.607 -> 0.46500794 | BF5: 0.7004689 | BG5: =BF5^3 -> 0.34368974 | BH5: =$BG$2/BG5 -> 1.0151995 | BI5: =$BI$2/((BF5/$BF$2)^3) -> 6.1825651 | BJ5: =-3*$BC$36*((1-2*BK5)^2.5)*(1+3*(4-$BC$37)*BK5/2)*BK5 -> 2.50196 | BK5: =0.5*(1-BH5^0.666666667) -> -0.0050537594 | BL5: =BJ5-E5 -> 0.0053904858 | BM5: =2*BF5/BE5 -> 3.012718 | BN5: =2*BF5/BB5 -> 6.4044124 | BO5: =2*BF5/BC5 -> 2.7695623 | BP5: =BI5*BM5^2 -> 56.115866 | BQ5: =BI5*BN5^2 -> 253.58717 | BR5: =BI5*BO5^2 -> 47.423213 | BS5: =BQ5+BR5-3*BP5 -> 132.66278 | BT5: =(1-2*BK5)^(3.5)*($BC$25-$BG$25*BK5)+BJ5*3 -> 253.18199 | BU5: =(1-2*BK5)^(3.5)*($BC$27-$BG$27*BK5)+BJ5*1 -> 46.906593 | BV5: =(1-2*BK5)^(3.5)*($BC$26-$BG$26*BK5)+BJ5*1 -> 129.5368 | BW5: =BT5-BQ5 -> -0.40517617 | BX5: =BV5-AJ5 -> -3.1259794 | BY5: =BU5-AI5 -> -0.51662022 | BZ5: =(BT5+2*BV5)/3 -> 170.75187 | CA5: =SQRT(BT5/BI5) -> 6.3992939 | CB5: =SQRT(BU5/BI5) -> 2.7544354 | CC5: =SQRT((0.33333334*(BT5+2*BV5+4*BU5))/BI5) -> 6.1428149 | CD5: =SQRT((0.3333334*(BT5-BV5+BU5))/BI5) -> 3.032377 | CE5: =(BT5-BV5+3*BU5)/5 -> 52.872993 | CF5: =((5*(BT5-BV5)*BU5)/(3*(BT5-BV5)+4*BU5)) -> 51.917022 | CG5: =(CE5+CF5)/2 -> 52.395008 | CH5: =CA5-AD5 -> -0.0051184621 | CI5: =CB5-AE5 -> -0.015126875 | CK5: =CD5-AC5 -> 0.019658994
A6: 3.4435442 | B6: 120 | C6: 0.19552144 | D6: 0.39786989 | E6: 3.4435442 | F6: 0.21654572 | G6: 0.50523365 | H6: =C6*0.704/0.607 -> 0.22676622 | I6: =D6*0.704/0.607 -> 0.46145042 | J6: =1/((-2/(I6^2))+(1/(F6^2))+(0.6666/(G6^2))) -> 0.068754278 | K6: =(J6*(E6-E5)+0.5*(E6-E5)*(J5-J6)) -> 0.065770455 | L6: =SUM(K$3:$K6) -> 0.24530801 | M6: =$B$38/((L6*$B$43+1)) -> 0.69918419 | N6: =(6*F6*G6*SQRT(9*(G6^6)*(0.0002^2)+16*(F6^6)*(0.0002)^2))/((4*F6^2 - 3*G6^2)^2) -> 0.00015276458 | O6: =(((E6-E5)/2)^2)*(N6^2+N7^2) -> 1.0265501e-08 | P6: =SUM(O$2:$O6) -> 4.768843e-08 | Q6: =SQRT(((M33*0.001)^2)+((N33*0.02)^2)+((O33*P6)^2)) -> 0.0010068696 | R6: =M6^3 -> 0.34180216 | S6: =3*Q6/M6*R6 -> 0.0014766503 | T6: =R6/$R$2 -> 0.97961815 | U6: =T6*3*SQRT((Q6/M6)^2)+(0.001/$M$2)^2 -> 0.0042341545 | V6: =$B$40/((M6/$M$2)^3) -> 6.216708 | W6: =(SQRT((0.02/$V$2)^2+(9*(0.001/$M$2)^2)+(9*(Q6/M6)^2))*V6) -> 0.042894562 | X6: =(1-((V6/$B$40)^0.66666667))/2 -> -0.006911476 | Y6: =(SQRT((Q6/M6)^2 + (0.0002/F6)^2))*AD6 -> 0.011047625 | Z6: =SQRT((Q6/M6)^2 + (0.0002/G6)^2)*AE6 -> 0.0041336051 | AA6: =SQRT((Q6/M6)^2 + (0.0002/H6)^2)*#REF! -> #REF! | AB6: =SQRT((Q6/M6)^2 + (0.0002/I6)^2)*AC6 -> 0.0045572991 | AC6: =2*M6/I6 -> 3.0303762 | AD6: =2*M6/F6 -> 6.4576126 | AE6: =2*M6/G6 -> 2.7677657 | AF6: =V6*AC6^2 -> 57.08915 | AG6: =V6*#REF!*#REF! -> #REF! | AH6: =V6*AD6^2 -> 259.24146 | AI6: =V6*AE6^2 -> 47.623261 | AJ6: =AH6+AI6-3*AF6 -> 135.59727 | AL6: =M6 -> 0.69918419 | AM6: =AL6^3 -> 0.34180216 | AN6: =$BG$2/AM6 -> 1.0208059 | AO6: =$AO$2/((AL6/$AL$2)^3) -> 6.216708 | AP6: =-3*$AQ$27*((1-2*AQ6)^2.5)*(1+3*(4-$AQ$26)*AQ6/2)*AQ6 -> 3.4551479 | AQ6: =0.5*(1-AN6^0.666666667) -> -0.006911476 | AR6: =(1-2*AQ6)^(3.5)*($AQ$28-$AR$39*AQ6)+AP6*3 -> 258.25714 | AS6: =(1-2*AQ6)^(3.5)*($AQ$30-$AR$41*AQ6)+AP6*1 -> 47.117784 | AT6: =(1-2*AQ6)^(3.5)*($AQ$29-$AQ$40*AQ6)+AP6*1 -> 132.43337 | AV6: =AR6-AH6 -> -0.98431227 | AW6: =AS6-AI6 -> -0.50547711 | AX6: =AT6-AJ6 -> -3.1638981 | AY6: =AP6-A6 -> 0.011603687 | BB6: 0.21654572 | BC6: 0.50523365 | BD6: =C6*$BF$2/0.607 -> 0.22676622 | BE6: =D6*$BF$2/0.607 -> 0.46145042 | BF6: 0.69917395 | BG6: =BF6^3 -> 0.34178713 | BH6: =$BG$2/BG6 -> 1.0208508 | BI6: =$BI$2/((BF6/$BF$2)^3) -> 6.2169813 | BJ6: =-3*$BC$36*((1-2*BK6)^2.5)*(1+3*(4-$BC$37)*BK6/2)*BK6 -> 3.4600451 | BK6: =0.5*(1-BH6^0.666666667) -> -0.0069263295 | BL6: =BJ6-E6 -> 0.016500856 | BM6: =2*BF6/BE6 -> 3.0303318 | BN6: =2*BF6/BB6 -> 6.457518 | BO6: =2*BF6/BC6 -> 2.7677252 | BP6: =BI6*BM6^2 -> 57.089986 | BQ6: =BI6*BN6^2 -> 259.24525 | BR6: =BI6*BO6^2 -> 47.623959 | BS6: =BQ6+BR6-3*BP6 -> 135.59926 | BT6: =(1-2*BK6)^(3.5)*($BC$25-$BG$25*BK6)+BJ6*3 -> 258.3527 | BU6: =(1-2*BK6)^(3.5)*($BC$27-$BG$27*BK6)+BJ6*1 -> 47.131632 | BV6: =(1-2*BK6)^(3.5)*($BC$26-$BG$26*BK6)+BJ6*1 -> 132.48146 | BW6: =BT6-BQ6 -> -0.89254999 | BX6: =BV6-AJ6 -> -3.1158138 | BY6: =BU6-AI6 -> -0.49162939 | BZ6: =(BT6+2*BV6)/3 -> 174.43854 | CA6: =SQRT(BT6/BI6) -> 6.4463922 | CB6: =SQRT(BU6/BI6) -> 2.7533819 | CC6: =SQRT((0.33333334*(BT6+2*BV6+4*BU6))/BI6) -> 6.1779081 | CD6: =SQRT((0.3333334*(BT6-BV6+BU6))/BI6) -> 3.0456241 | CE6: =(BT6-BV6+3*BU6)/5 -> 53.453229 | CF6: =((5*(BT6-BV6)*BU6)/(3*(BT6-BV6)+4*BU6)) -> 52.394412 | CG6: =(CE6+CF6)/2 -> 52.923821 | CH6: =CA6-AD6 -> -0.011220419 | CI6: =CB6-AE6 -> -0.014383815 | CK6: =CD6-AC6 -> 0.015247895
A7: 4.4335632 | B7: 150 | C7: 0.19396667 | D7: 0.39485534 | E7: 4.4335632 | F7: 0.21474572 | G7: 0.50523365 | H7: =C7*0.704/0.607 -> 0.224963 | I7: =D7*0.704/0.607 -> 0.45795413 | J7: =1/((-2/(I7^2))+(1/(F7^2))+(0.6666/(G7^2))) -> 0.067752571 | K7: =(J7*(E7-E6)+0.5*(E7-E6)*(J6-J7)) -> 0.067572185 | L7: =SUM(K$3:$K7) -> 0.31288019 | M7: =$B$38/((L7*$B$43+1)) -> 0.69786919 | N7: =(6*F7*G7*SQRT(9*(G7^6)*(0.0002^2)+16*(F7^6)*(0.0002)^2))/((4*F7^2 - 3*G7^2)^2) -> 0.00014984065 | O7: =(((E7-E6)/2)^2)*(N7^2+N8^2) -> 1.0840844e-08 | P7: =SUM(O$2:$O7) -> 5.8529274e-08 | Q7: =SQRT(((M34*0.001)^2)+((N34*0.02)^2)+((O34*P7)^2)) -> 0.0010087543 | R7: =M7^3 -> 0.33987723 | S7: =3*Q7/M7*R7 -> 0.0014738548 | T7: =R7/$R$2 -> 0.97410123 | U7: =T7*3*SQRT((Q7/M7)^2)+(0.001/$M$2)^2 -> 0.0042261424 | V7: =$B$40/((M7/$M$2)^3) -> 6.251917 | W7: =(SQRT((0.02/$V$2)^2+(9*(0.001/$M$2)^2)+(9*(Q7/M7)^2))*V7) -> 0.043201154 | X7: =(1-((V7/$B$40)^0.66666667))/2 -> -0.008823635 | Y7: =(SQRT((Q7/M7)^2 + (0.0002/F7)^2))*AD7 -> 0.011176084 | Z7: =SQRT((Q7/M7)^2 + (0.0002/G7)^2)*AE7 -> 0.0041402549 | AA7: =SQRT((Q7/M7)^2 + (0.0002/H7)^2)*#REF! -> #REF! | AB7: =SQRT((Q7/M7)^2 + (0.0002/I7)^2)*AC7 -> 0.0046021658 | AC7: =2*M7/I7 -> 3.0477689 | AD7: =2*M7/F7 -> 6.4994933 | AE7: =2*M7/G7 -> 2.7625602 | AF7: =V7*AC7^2 -> 58.073402 | AG7: =V7*#REF!*#REF! -> #REF! | AH7: =V7*AD7^2 -> 264.10231 | AI7: =V7*AE7^2 -> 47.712998 | AJ7: =AH7+AI7-3*AF7 -> 137.5951 | AL7: =M7 -> 0.69786919 | AM7: =AL7^3 -> 0.33987723 | AN7: =$BG$2/AM7 -> 1.0265873 | AO7: =$AO$2/((AL7/$AL$2)^3) -> 6.251917 | AP7: =-3*$AQ$27*((1-2*AQ7)^2.5)*(1+3*(4-$AQ$26)*AQ7/2)*AQ7 -> 4.4504059 | AQ7: =0.5*(1-AN7^0.666666667) -> -0.0088236349 | AR7: =(1-2*AQ7)^(3.5)*($AQ$28-$AR$39*AQ7)+AP7*3 -> 263.46313 | AS7: =(1-2*AQ7)^(3.5)*($AQ$30-$AR$41*AQ7)+AP7*1 -> 47.336981 | AT7: =(1-2*AQ7)^(3.5)*($AQ$29-$AQ$40*AQ7)+AP7*1 -> 135.39973 | AV7: =AR7-AH7 -> -0.63917811 | AW7: =AS7-AI7 -> -0.37601751 | AX7: =AT7-AJ7 -> -2.1953728 | AY7: =AP7-A7 -> 0.016842766 | BB7: 0.21474572 | BC7: 0.50523365 | BD7: =C7*$BF$2/0.607 -> 0.224963 | BE7: =D7*$BF$2/0.607 -> 0.45795413 | BF7: 0.69804545 | BG7: =BF7^3 -> 0.34013483 | BH7: =$BG$2/BG7 -> 1.0258099 | BI7: =$BI$2/((BF7/$BF$2)^3) -> 6.247182 | BJ7: =-3*$BC$36*((1-2*BK7)^2.5)*(1+3*(4-$BC$37)*BK7/2)*BK7 -> 4.3132769 | BK7: =0.5*(1-BH7^0.666666667) -> -0.0085666955 | BL7: =BJ7-E7 -> -0.12028631 | BM7: =2*BF7/BE7 -> 3.0485387 | BN7: =2*BF7/BB7 -> 6.501135 | BO7: =2*BF7/BC7 -> 2.763258 | BP7: =BI7*BM7^2 -> 58.058738 | BQ7: =BI7*BN7^2 -> 264.03562 | BR7: =BI7*BO7^2 -> 47.70095 | BS7: =BQ7+BR7-3*BP7 -> 137.56036 | BT7: =(1-2*BK7)^(3.5)*($BC$25-$BG$25*BK7)+BJ7*3 -> 262.92916 | BU7: =(1-2*BK7)^(3.5)*($BC$27-$BG$27*BK7)+BJ7*1 -> 47.319141 | BV7: =(1-2*BK7)^(3.5)*($BC$26-$BG$26*BK7)+BJ7*1 -> 135.09458 | BW7: =BT7-BQ7 -> -1.1064593 | BX7: =BV7-AJ7 -> -2.5005211 | BY7: =BU7-AI7 -> -0.39385676 | BZ7: =(BT7+2*BV7)/3 -> 177.70611 | CA7: =SQRT(BT7/BI7) -> 6.4874989 | CB7: =SQRT(BU7/BI7) -> 2.7521769 | CC7: =SQRT((0.33333334*(BT7+2*BV7+4*BU7))/BI7) -> 6.2084706 | CD7: =SQRT((0.3333334*(BT7-BV7+BU7))/BI7) -> 3.0570815 | CE7: =(BT7-BV7+3*BU7)/5 -> 53.958401 | CF7: =((5*(BT7-BV7)*BU7)/(3*(BT7-BV7)+4*BU7)) -> 52.804038 | CG7: =(CE7+CF7)/2 -> 53.381219 | CH7: =CA7-AD7 -> -0.011994387 | CI7: =CB7-AE7 -> -0.010383303 | CK7: =CD7-AC7 -> 0.0093126159
A8: 5.122272 | B8: 180 | C8: 0.19293671 | D8: 0.3928225 | E8: 5.122272 | F8: 0.21334572 | G8: 0.50523365 | H8: =C8*0.704/0.607 -> 0.22376844 | I8: =D8*0.704/0.607 -> 0.45559644 | J8: =1/((-2/(I8^2))+(1/(F8^2))+(0.6666/(G8^2))) -> 0.066906826 | K8: =(J8*(E8-E7)+0.5*(E8-E7)*(J7-J8)) -> 0.046370559 | L8: =SUM(K$3:$K8) -> 0.35925075 | M8: =$B$38/((L8*$B$43+1)) -> 0.69696964 | N8: =(6*F8*G8*SQRT(9*(G8^6)*(0.0002^2)+16*(F8^6)*(0.0002)^2))/((4*F8^2 - 3*G8^2)^2) -> 0.00014761407 | O8: =(((E8-E7)/2)^2)*(N8^2+N9^2) -> 5.0935318e-09 | P8: =SUM(O$2:$O8) -> 6.3622806e-08 | Q8: =SQRT(((M35*0.001)^2)+((N35*0.02)^2)+((O35*P8)^2)) -> 0.0010100455 | R8: =M8^3 -> 0.33856463 | S8: =3*Q8/M8*R8 -> 0.0014719394 | T8: =R8/$R$2 -> 0.97033926 | U8: =T8*3*SQRT((Q8/M8)^2)+(0.001/$M$2)^2 -> 0.0042206527 | V8: =$B$40/((M8/$M$2)^3) -> 6.2761554 | W8: =(SQRT((0.02/$V$2)^2+(9*(0.001/$M$2)^2)+(9*(Q8/M8)^2))*V8) -> 0.043412611 | X8: =(1-((V8/$B$40)^0.66666667))/2 -> -0.010137913 | Y8: =(SQRT((Q8/M8)^2 + (0.0002/F8)^2))*AD8 -> 0.01127699 | Z8: =SQRT((Q8/M8)^2 + (0.0002/G8)^2)*AE8 -> 0.0041448132 | AA8: =SQRT((Q8/M8)^2 + (0.0002/H8)^2)*#REF! -> #REF! | AB8: =SQRT((Q8/M8)^2 + (0.0002/I8)^2)*AC8 -> 0.00463291 | AC8: =2*M8/I8 -> 3.0595921 | AD8: =2*M8/F8 -> 6.533711 | AE8: =2*M8/G8 -> 2.7589993 | AF8: =V8*AC8^2 -> 58.751743 | AG8: =V8*#REF!*#REF! -> #REF! | AH8: =V8*AD8^2 -> 267.92518 | AI8: =V8*AE8^2 -> 47.774579 | AJ8: =AH8+AI8-3*AF8 -> 139.44453 | AL8: =M8 -> 0.69696964 | AM8: =AL8^3 -> 0.33856463 | AN8: =$BG$2/AM8 -> 1.0305674 | AO8: =$AO$2/((AL8/$AL$2)^3) -> 6.2761554 | AP8: =-3*$AQ$27*((1-2*AQ8)^2.5)*(1+3*(4-$AQ$26)*AQ8/2)*AQ8 -> 5.1444882 | AQ8: =0.5*(1-AN8^0.666666667) -> -0.010137913 | AR8: =(1-2*AQ8)^(3.5)*($AQ$28-$AR$39*AQ8)+AP8*3 -> 267.07304 | AS8: =(1-2*AQ8)^(3.5)*($AQ$30-$AR$41*AQ8)+AP8*1 -> 47.480084 | AT8: =(1-2*AQ8)^(3.5)*($AQ$29-$AQ$40*AQ8)+AP8*1 -> 137.46195 | AV8: =AR8-AH8 -> -0.85214182 | AW8: =AS8-AI8 -> -0.29449536 | AX8: =AT8-AJ8 -> -1.9825838 | AY8: =AP8-A8 -> 0.022216176 | BB8: 0.21334572 | BC8: 0.50523365 | BD8: =C8*$BF$2/0.607 -> 0.22376844 | BE8: =D8*$BF$2/0.607 -> 0.45559644 | BF8: 0.69713204 | BG8: =BF8^3 -> 0.33880135 | BH8: =$BG$2/BG8 -> 1.0298473 | BI8: =$BI$2/((BF8/$BF$2)^3) -> 6.2717701 | BJ8: =-3*$BC$36*((1-2*BK8)^2.5)*(1+3*(4-$BC$37)*BK8/2)*BK8 -> 5.0165916 | BK8: =0.5*(1-BH8^0.666666667) -> -0.0099002572 | BL8: =BJ8-E8 -> -0.10568044 | BM8: =2*BF8/BE8 -> 3.060305 | BN8: =2*BF8/BB8 -> 6.5352335 | BO8: =2*BF8/BC8 -> 2.7596422 | BP8: =BI8*BM8^2 -> 58.738056 | BQ8: =BI8*BN8^2 -> 267.86276 | BR8: =BI8*BO8^2 -> 47.76345 | BS8: =BQ8+BR8-3*BP8 -> 139.41205 | BT8: =(1-2*BK8)^(3.5)*($BC$25-$BG$25*BK8)+BJ8*3 -> 266.68208 | BU8: =(1-2*BK8)^(3.5)*($BC$27-$BG$27*BK8)+BJ8*1 -> 47.464806 | BV8: =(1-2*BK8)^(3.5)*($BC$26-$BG$26*BK8)+BJ8*1 -> 137.24227 | BW8: =BT8-BQ8 -> -1.1806831 | BX8: =BV8-AJ8 -> -2.2022586 | BY8: =BU8-AI8 -> -0.30977364 | BZ8: =(BT8+2*BV8)/3 -> 180.38887 | CA8: =SQRT(BT8/BI8) -> 6.5208146 | CB8: =SQRT(BU8/BI8) -> 2.7510012 | CC8: =SQRT((0.33333334*(BT8+2*BV8+4*BU8))/BI8) -> 6.2331945 | CD8: =SQRT((0.3333334*(BT8-BV8+BU8))/BI8) -> 3.066295 | CE8: =(BT8-BV8+3*BU8)/5 -> 54.366845 | CF8: =((5*(BT8-BV8)*BU8)/(3*(BT8-BV8)+4*BU8)) -> 53.130943 | CG8: =(CE8+CF8)/2 -> 53.748894 | CH8: =CA8-AD8 -> -0.012896432 | CI8: =CB8-AE8 -> -0.0079980644 | CK8: =CD8-AC8 -> 0.0067028524
A9: 5.7679366 | B9: 210 | C9: 0.1919993 | D9: 0.39099582 | E9: 5.7679366 | F9: 0.21174572 | G9: 0.50423365 | H9: =C9*0.704/0.607 -> 0.22268123 | I9: =D9*0.704/0.607 -> 0.45347786 | J9: =1/((-2/(I9^2))+(1/(F9^2))+(0.6666/(G9^2))) -> 0.065791366 | K9: =(J9*(E9-E8)+0.5*(E9-E8)*(J8-J9)) -> 0.042839259 | L9: =SUM(K$3:$K9) -> 0.40209001 | M9: =$B$38/((L9*$B$43+1)) -> 0.69614066 | N9: =(6*F9*G9*SQRT(9*(G9^6)*(0.0002^2)+16*(F9^6)*(0.0002)^2))/((4*F9^2 - 3*G9^2)^2) -> 0.00014548021 | O9: =(((E9-E8)/2)^2)*(N9^2+N10^2) -> 4.3650511e-09 | P9: =SUM(O$2:$O9) -> 6.7987857e-08 | Q9: =SQRT(((M36*0.001)^2)+((N36*0.02)^2)+((O36*P9)^2)) -> 0.0010112367 | R9: =M9^3 -> 0.33735799 | S9: =3*Q9/M9*R9 -> 0.0014701718 | T9: =R9/$R$2 -> 0.96688098 | U9: =T9*3*SQRT((Q9/M9)^2)+(0.001/$M$2)^2 -> 0.0042155866 | V9: =$B$40/((M9/$M$2)^3) -> 6.2986036 | W9: =(SQRT((0.02/$V$2)^2+(9*(0.001/$M$2)^2)+(9*(Q9/M9)^2))*V9) -> 0.043608734 | X9: =(1-((V9/$B$40)^0.66666667))/2 -> -0.011353609 | Y9: =(SQRT((Q9/M9)^2 + (0.0002/F9)^2))*AD9 -> 0.011392991 | Z9: =SQRT((Q9/M9)^2 + (0.0002/G9)^2)*AE9 -> 0.0041578192 | AA9: =SQRT((Q9/M9)^2 + (0.0002/H9)^2)*#REF! -> #REF! | AB9: =SQRT((Q9/M9)^2 + (0.0002/I9)^2)*AC9 -> 0.0046609433 | AC9: =2*M9/I9 -> 3.07023 | AD9: =2*M9/F9 -> 6.5752513 | AE9: =2*M9/G9 -> 2.7611829 | AF9: =V9*AC9^2 -> 59.372603 | AG9: =V9*#REF!*#REF! -> #REF! | AH9: =V9*AD9^2 -> 272.31338 | AI9: =V9*AE9^2 -> 48.021378 | AJ9: =AH9+AI9-3*AF9 -> 142.21695 | AL9: =M9 -> 0.69614066 | AM9: =AL9^3 -> 0.33735799 | AN9: =$BG$2/AM9 -> 1.0342535 | AO9: =$AO$2/((AL9/$AL$2)^3) -> 6.2986036 | AP9: =-3*$AQ$27*((1-2*AQ9)^2.5)*(1+3*(4-$AQ$26)*AQ9/2)*AQ9 -> 5.7938135 | AQ9: =0.5*(1-AN9^0.666666667) -> -0.011353609 | AR9: =(1-2*AQ9)^(3.5)*($AQ$28-$AR$39*AQ9)+AP9*3 -> 270.4352 | AS9: =(1-2*AQ9)^(3.5)*($AQ$30-$AR$41*AQ9)+AP9*1 -> 47.606858 | AT9: =(1-2*AQ9)^(3.5)*($AQ$29-$AQ$40*AQ9)+AP9*1 -> 139.38652 | AV9: =AR9-AH9 -> -1.8781766 | AW9: =AS9-AI9 -> -0.41451972 | AX9: =AT9-AJ9 -> -2.8304274 | AY9: =AP9-A9 -> 0.025876931 | BB9: 0.21174572 | BC9: 0.50423365 | BD9: =C9*$BF$2/0.607 -> 0.22268123 | BE9: =D9*$BF$2/0.607 -> 0.45347786 | BF9: 0.69601339 | BG9: =BF9^3 -> 0.337173 | BH9: =$BG$2/BG9 -> 1.0348209 | BI9: =$BI$2/((BF9/$BF$2)^3) -> 6.3020593 | BJ9: =-3*$BC$36*((1-2*BK9)^2.5)*(1+3*(4-$BC$37)*BK9/2)*BK9 -> 5.8936822 | BK9: =0.5*(1-BH9^0.666666667) -> -0.011540629 | BL9: =BJ9-E9 -> 0.12574563 | BM9: =2*BF9/BE9 -> 3.0696687 | BN9: =2*BF9/BB9 -> 6.5740492 | BO9: =2*BF9/BC9 -> 2.7606781 | BP9: =BI9*BM9^2 -> 59.383459 | BQ9: =BI9*BN9^2 -> 272.36317 | BR9: =BI9*BO9^2 -> 48.030159 | BS9: =BQ9+BR9-3*BP9 -> 142.24295 | BT9: =(1-2*BK9)^(3.5)*($BC$25-$BG$25*BK9)+BJ9*3 -> 271.33843 | BU9: =(1-2*BK9)^(3.5)*($BC$27-$BG$27*BK9)+BJ9*1 -> 47.635469 | BV9: =(1-2*BK9)^(3.5)*($BC$26-$BG$26*BK9)+BJ9*1 -> 139.91293 | BW9: =BT9-BQ9 -> -1.0247453 | BX9: =BV9-AJ9 -> -2.3040161 | BY9: =BU9-AI9 -> -0.38590871 | BZ9: =(BT9+2*BV9)/3 -> 183.72143 | CA9: =SQRT(BT9/BI9) -> 6.5616704 | CB9: =SQRT(BU9/BI9) -> 2.7493117 | CC9: =SQRT((0.33333334*(BT9+2*BV9+4*BU9))/BI9) -> 6.2634567 | CD9: =SQRT((0.3333334*(BT9-BV9+BU9))/BI9) -> 3.077504 | CE9: =(BT9-BV9+3*BU9)/5 -> 54.866381 | CF9: =((5*(BT9-BV9)*BU9)/(3*(BT9-BV9)+4*BU9)) -> 53.525296 | CG9: =(CE9+CF9)/2 -> 54.195838 | CH9: =CA9-AD9 -> -0.0135809 | CI9: =CB9-AE9 -> -0.011871174 | CK9: =CD9-AC9 -> 0.0072740652
A10: 6.5857783 | B10: 240 | C10: 0.19084422 | D10: 0.38885471 | E10: 6.5857783 | F10: 0.21074572 | G10: 0.50423365 | H10: =C10*0.704/0.607 -> 0.22134157 | I10: =D10*0.704/0.607 -> 0.45099459 | J10: =1/((-2/(I10^2))+(1/(F10^2))+(0.6666/(G10^2))) -> 0.06534099 | K10: =(J10*(E10-E9)+0.5*(E10-E9)*(J9-J10)) -> 0.053622758 | L10: =SUM(K$3:$K10) -> 0.45571277 | M10: =$B$38/((L10*$B$43+1)) -> 0.69510578 | N10: =(6*F10*G10*SQRT(9*(G10^6)*(0.0002^2)+16*(F10^6)*(0.0002)^2))/((4*F10^2 - 3*G10^2)^2) -> 0.00014393848 | O10: =(((E10-E9)/2)^2)*(N10^2+N11^2) -> 6.8066341e-09 | P10: =SUM(O$2:$O10) -> 7.4794491e-08 | Q10: =SQRT(((M37*0.001)^2)+((N37*0.02)^2)+((O37*P10)^2)) -> 0.0010127254 | R10: =M10^3 -> 0.33585568 | S10: =3*Q10/M10*R10 -> 0.0014679617 | T10: =R10/$R$2 -> 0.9625753 | U10: =T10*3*SQRT((Q10/M10)^2)+(0.001/$M$2)^2 -> 0.0042092525 | V10: =$B$40/((M10/$M$2)^3) -> 6.3267778 | W10: =(SQRT((0.02/$V$2)^2+(9*(0.001/$M$2)^2)+(9*(Q10/M10)^2))*V10) -> 0.043855269 | X10: =(1-((V10/$B$40)^0.66666667))/2 -> -0.01287736 | Y10: =(SQRT((Q10/M10)^2 + (0.0002/F10)^2))*AD10 -> 0.011469958 | Z10: =SQRT((Q10/M10)^2 + (0.0002/G10)^2)*AE10 -> 0.0041630876 | AA10: =SQRT((Q10/M10)^2 + (0.0002/H10)^2)*#REF! -> #REF! | AB10: =SQRT((Q10/M10)^2 + (0.0002/I10)^2)*AC10 -> 0.0046945122 | AC10: =2*M10/I10 -> 3.082546 | AD10: =2*M10/F10 -> 6.5966301 | AE10: =2*M10/G10 -> 2.7570781 | AF10: =V10*AC10^2 -> 60.11761 | AG10: =V10*#REF!*#REF! -> #REF! | AH10: =V10*AD10^2 -> 275.31308 | AI10: =V10*AE10^2 -> 48.092873 | AJ10: =AH10+AI10-3*AF10 -> 143.05312 | AL10: =M10 -> 0.69510578 | AM10: =AL10^3 -> 0.33585568 | AN10: =$BG$2/AM10 -> 1.0388798 | AO10: =$AO$2/((AL10/$AL$2)^3) -> 6.3267778 | AP10: =-3*$AQ$27*((1-2*AQ10)^2.5)*(1+3*(4-$AQ$26)*AQ10/2)*AQ10 -> 6.6176397 | AQ10: =0.5*(1-AN10^0.666666667) -> -0.01287736 | AR10: =(1-2*AQ10)^(3.5)*($AQ$28-$AR$39*AQ10)+AP10*3 -> 274.68065 | AS10: =(1-2*AQ10)^(3.5)*($AQ$30-$AR$41*AQ10)+AP10*1 -> 47.758022 | AT10: =(1-2*AQ10)^(3.5)*($AQ$29-$AQ$40*AQ10)+AP10*1 -> 141.82204 | AV10: =AR10-AH10 -> -0.63242262 | AW10: =AS10-AI10 -> -0.33485057 | AX10: =AT10-AJ10 -> -1.2310825 | AY10: =AP10-A10 -> 0.031861411 | BB10: 0.21074572 | BC10: 0.50423365 | BD10: =C10*$BF$2/0.607 -> 0.22134157 | BE10: =D10*$BF$2/0.607 -> 0.45099459 | BF10: 0.69539728 | BG10: =BF10^3 -> 0.33627839 | BH10: =$BG$2/BG10 -> 1.0375739 | BI10: =$BI$2/((BF10/$BF$2)^3) -> 6.3188248 | BJ10: =-3*$BC$36*((1-2*BK10)^2.5)*(1+3*(4-$BC$37)*BK10/2)*BK10 -> 6.3842557 | BK10: =0.5*(1-BH10^0.666666667) -> -0.012447469 | BL10: =BJ10-E10 -> -0.20152265 | BM10: =2*BF10/BE10 -> 3.0838387 | BN10: =2*BF10/BB10 -> 6.5993964 | BO10: =2*BF10/BC10 -> 2.7582343 | BP10: =BI10*BM10^2 -> 60.09241 | BQ10: =BI10*BN10^2 -> 275.19767 | BR10: =BI10*BO10^2 -> 48.072713 | BS10: =BQ10+BR10-3*BP10 -> 142.99315 | BT10: =(1-2*BK10)^(3.5)*($BC$25-$BG$25*BK10)+BJ10*3 -> 273.93157 | BU10: =(1-2*BK10)^(3.5)*($BC$27-$BG$27*BK10)+BJ10*1 -> 47.725714 | BV10: =(1-2*BK10)^(3.5)*($BC$26-$BG$26*BK10)+BJ10*1 -> 141.40308 | BW10: =BT10-BQ10 -> -1.2661005 | BX10: =BV10-AJ10 -> -1.6500341 | BY10: =BU10-AI10 -> -0.36715899 | BZ10: =(BT10+2*BV10)/3 -> 185.57924 | CA10: =SQRT(BT10/BI10) -> 6.584198 | CB10: =SQRT(BU10/BI10) -> 2.7482615 | CC10: =SQRT((0.33333334*(BT10+2*BV10+4*BU10))/BI10) -> 6.2801159 | CD10: =SQRT((0.3333334*(BT10-BV10+BU10))/BI10) -> 3.083642 | CE10: =(BT10-BV10+3*BU10)/5 -> 55.141125 | CF10: =((5*(BT10-BV10)*BU10)/(3*(BT10-BV10)+4*BU10)) -> 53.739526 | CG10: =(CE10+CF10)/2 -> 54.440325 | CH10: =CA10-AD10 -> -0.012432033 | CI10: =CB10-AE10 -> -0.0088165796 | CK10: =CD10-AC10 -> 0.0010960147
A11: 7.2744872 | B11: 270 | C11: 0.18989876 | D11: 0.38724285 | E11: 7.2744872 | F11: 0.20914572 | G11: 0.50463365 | H11: =C11*0.704/0.607 -> 0.22024501 | I11: =D11*0.704/0.607 -> 0.44912515 | J11: =1/((-2/(I11^2))+(1/(F11^2))+(0.6666/(G11^2))) -> 0.064251005 | K11: =(J11*(E11-E10)+0.5*(E11-E10)*(J10-J11)) -> 0.044625577 | L11: =SUM(K$3:$K11) -> 0.50033834 | M11: =$B$38/((L11*$B$43+1)) -> 0.69424688 | N11: =(6*F11*G11*SQRT(9*(G11^6)*(0.0002^2)+16*(F11^6)*(0.0002)^2))/((4*F11^2 - 3*G11^2)^2) -> 0.00014137639 | O11: =(((E11-E10)/2)^2)*(N11^2+N12^2) -> 4.6994312e-09 | P11: =SUM(O$2:$O11) -> 7.9493922e-08 | Q11: =SQRT(((M38*0.001)^2)+((N38*0.02)^2)+((O38*P11)^2)) -> 0.0010139621 | R11: =M11^3 -> 0.33461223 | S11: =3*Q11/M11*R11 -> 0.0014661245 | T11: =R11/$R$2 -> 0.95901153 | U11: =T11*3*SQRT((Q11/M11)^2)+(0.001/$M$2)^2 -> 0.0042039869 | V11: =$B$40/((M11/$M$2)^3) -> 6.3502886 | W11: =(SQRT((0.02/$V$2)^2+(9*(0.001/$M$2)^2)+(9*(Q11/M11)^2))*V11) -> 0.044061323 | X11: =(1-((V11/$B$40)^0.66666667))/2 -> -0.014147174 | Y11: =(SQRT((Q11/M11)^2 + (0.0002/F11)^2))*AD11 -> 0.0115897 | Z11: =SQRT((Q11/M11)^2 + (0.0002/G11)^2)*AE11 -> 0.0041639366 | AA11: =SQRT((Q11/M11)^2 + (0.0002/H11)^2)*#REF! -> #REF! | AB11: =SQRT((Q11/M11)^2 + (0.0002/I11)^2)*AC11 -> 0.0047204897 | AC11: =2*M11/I11 -> 3.091552 | AD11: =2*M11/F11 -> 6.638882 | AE11: =2*M11/G11 -> 2.7514887 | AF11: =V11*AC11^2 -> 60.694114 | AG11: =V11*#REF!*#REF! -> #REF! | AH11: =V11*AD11^2 -> 279.88741 | AI11: =V11*AE11^2 -> 48.076066 | AJ11: =AH11+AI11-3*AF11 -> 145.88113 | AL11: =M11 -> 0.69424688 | AM11: =AL11^3 -> 0.33461223 | AN11: =$BG$2/AM11 -> 1.0427403 | AO11: =$AO$2/((AL11/$AL$2)^3) -> 6.3502886 | AP11: =-3*$AQ$27*((1-2*AQ11)^2.5)*(1+3*(4-$AQ$26)*AQ11/2)*AQ11 -> 7.3126828 | AQ11: =0.5*(1-AN11^0.666666667) -> -0.014147174 | AR11: =(1-2*AQ11)^(3.5)*($AQ$28-$AR$39*AQ11)+AP11*3 -> 278.24525 | AS11: =(1-2*AQ11)^(3.5)*($AQ$30-$AR$41*AQ11)+AP11*1 -> 47.877301 | AT11: =(1-2*AQ11)^(3.5)*($AQ$29-$AQ$40*AQ11)+AP11*1 -> 143.87153 | AV11: =AR11-AH11 -> -1.6421574 | AW11: =AS11-AI11 -> -0.19876477 | AX11: =AT11-AJ11 -> -2.0095997 | AY11: =AP11-A11 -> 0.038195611 | BB11: 0.20914572 | BC11: 0.50463365 | BD11: =C11*$BF$2/0.607 -> 0.22024501 | BE11: =D11*$BF$2/0.607 -> 0.44912515 | BF11: 0.69426567 | BG11: =BF11^3 -> 0.3346394 | BH11: =$BG$2/BG11 -> 1.0426557 | BI11: =$BI$2/((BF11/$BF$2)^3) -> 6.349773 | BJ11: =-3*$BC$36*((1-2*BK11)^2.5)*(1+3*(4-$BC$37)*BK11/2)*BK11 -> 7.2993822 | BK11: =0.5*(1-BH11^0.666666667) -> -0.014119343 | BL11: =BJ11-E11 -> 0.024895072 | BM11: =2*BF11/BE11 -> 3.0916357 | BN11: =2*BF11/BB11 -> 6.6390617 | BO11: =2*BF11/BC11 -> 2.7515631 | BP11: =BI11*BM11^2 -> 60.692471 | BQ11: =BI11*BN11^2 -> 279.87983 | BR11: =BI11*BO11^2 -> 48.074764 | BS11: =BQ11+BR11-3*BP11 -> 145.87718 | BT11: =(1-2*BK11)^(3.5)*($BC$25-$BG$25*BK11)+BJ11*3 -> 278.74791 | BU11: =(1-2*BK11)^(3.5)*($BC$27-$BG$27*BK11)+BJ11*1 -> 47.884286 | BV11: =(1-2*BK11)^(3.5)*($BC$26-$BG$26*BK11)+BJ11*1 -> 144.17617 | BW11: =BT11-BQ11 -> -1.1319259 | BX11: =BV11-AJ11 -> -1.7049631 | BY11: =BU11-AI11 -> -0.19177918 | BZ11: =(BT11+2*BV11)/3 -> 189.03342 | CA11: =SQRT(BT11/BI11) -> 6.6256228 | CB11: =SQRT(BU11/BI11) -> 2.7461067 | CC11: =SQRT((0.33333334*(BT11+2*BV11+4*BU11))/BI11) -> 6.310698 | CD11: =SQRT((0.3333334*(BT11-BV11+BU11))/BI11) -> 3.0948487 | CE11: =(BT11-BV11+3*BU11)/5 -> 55.64492 | CF11: =((5*(BT11-BV11)*BU11)/(3*(BT11-BV11)+4*BU11)) -> 54.127225 | CG11: =(CE11+CF11)/2 -> 54.886072 | CH11: =CA11-AD11 -> -0.013259183 | CI11: =CB11-AE11 -> -0.0053819488 | CK11: =CD11-AC11 -> 0.003296683
A12: 7.8340631 | B12: 300 | C12: 0.18915085 | D12: 0.3860701 | E12: 7.8340631 | F12: 0.20814572 | G12: 0.50383365 | H12: =C12*0.704/0.607 -> 0.2193776 | I12: =D12*0.704/0.607 -> 0.44776499 | J12: =1/((-2/(I12^2))+(1/(F12^2))+(0.6666/(G12^2))) -> 0.063564127 | K12: =(J12*(E12-E11)+0.5*(E12-E11)*(J11-J12)) -> 0.035761136 | L12: =SUM(K$3:$K12) -> 0.53609948 | M12: =$B$38/((L12*$B$43+1)) -> 0.69356012 | N12: =(6*F12*G12*SQRT(9*(G12^6)*(0.0002^2)+16*(F12^6)*(0.0002)^2))/((4*F12^2 - 3*G12^2)^2) -> 0.00014015569 | O12: =(((E12-E11)/2)^2)*(N12^2+N13^2) -> 3.0482081e-09 | P12: =SUM(O$2:$O12) -> 8.254213e-08 | Q12: =SQRT(((M39*0.001)^2)+((N39*0.02)^2)+((O39*P12)^2)) -> 0.0010149517 | R12: =M12^3 -> 0.3336202 | S12: =3*Q12/M12*R12 -> 0.0014646534 | T12: =R12/$R$2 -> 0.95616835 | U12: =T12*3*SQRT((Q12/M12)^2)+(0.001/$M$2)^2 -> 0.0041997709 | V12: =$B$40/((M12/$M$2)^3) -> 6.3691713 | W12: =(SQRT((0.02/$V$2)^2+(9*(0.001/$M$2)^2)+(9*(Q12/M12)^2))*V12) -> 0.044227027 | X12: =(1-((V12/$B$40)^0.66666667))/2 -> -0.015165885 | Y12: =(SQRT((Q12/M12)^2 + (0.0002/F12)^2))*AD12 -> 0.011666661 | Z12: =SQRT((Q12/M12)^2 + (0.0002/G12)^2)*AE12 -> 0.0041745104 | AA12: =SQRT((Q12/M12)^2 + (0.0002/H12)^2)*#REF! -> #REF! | AB12: =SQRT((Q12/M12)^2 + (0.0002/I12)^2)*AC12 -> 0.0047398811 | AC12: =2*M12/I12 -> 3.0978756 | AD12: =2*M12/F12 -> 6.6641785 | AE12: =2*M12/G12 -> 2.7531314 | AF12: =V12*AC12^2 -> 61.123875 | AG12: =V12*#REF!*#REF! -> #REF! | AH12: =V12*AD12^2 -> 282.86302 | AI12: =V12*AE12^2 -> 48.276615 | AJ12: =AH12+AI12-3*AF12 -> 147.76801 | AL12: =M12 -> 0.69356012 | AM12: =AL12^3 -> 0.3336202 | AN12: =$BG$2/AM12 -> 1.0458409 | AO12: =$AO$2/((AL12/$AL$2)^3) -> 6.3691713 | AP12: =-3*$AQ$27*((1-2*AQ12)^2.5)*(1+3*(4-$AQ$26)*AQ12/2)*AQ12 -> 7.8759014 | AQ12: =0.5*(1-AN12^0.666666667) -> -0.015165885 | AR12: =(1-2*AQ12)^(3.5)*($AQ$28-$AR$39*AQ12)+AP12*3 -> 281.12252 | AS12: =(1-2*AQ12)^(3.5)*($AQ$30-$AR$41*AQ12)+AP12*1 -> 47.968518 | AT12: =(1-2*AQ12)^(3.5)*($AQ$29-$AQ$40*AQ12)+AP12*1 -> 145.52887 | AV12: =AR12-AH12 -> -1.7405063 | AW12: =AS12-AI12 -> -0.30809777 | AX12: =AT12-AJ12 -> -2.2391392 | AY12: =AP12-A12 -> 0.041838262 | BB12: 0.20814572 | BC12: 0.50383365 | BD12: =C12*$BF$2/0.607 -> 0.2193776 | BE12: =D12*$BF$2/0.607 -> 0.44776499 | BF12: 0.69353731 | BG12: =BF12^3 -> 0.33358729 | BH12: =$BG$2/BG12 -> 1.0459441 | BI12: =$BI$2/((BF12/$BF$2)^3) -> 6.3697997 | BJ12: =-3*$BC$36*((1-2*BK12)^2.5)*(1+3*(4-$BC$37)*BK12/2)*BK12 -> 7.8981809 | BK12: =0.5*(1-BH12^0.666666667) -> -0.01519977 | BL12: =BJ12-E12 -> 0.064117824 | BM12: =2*BF12/BE12 -> 3.0977737 | BN12: =2*BF12/BB12 -> 6.6639594 | BO12: =2*BF12/BC12 -> 2.7530409 | BP12: =BI12*BM12^2 -> 61.125885 | BQ12: =BI12*BN12^2 -> 282.87232 | BR12: =BI12*BO12^2 -> 48.278203 | BS12: =BQ12+BR12-3*BP12 -> 147.77287 | BT12: =(1-2*BK12)^(3.5)*($BC$25-$BG$25*BK12)+BJ12*3 -> 281.88499 | BU12: =(1-2*BK12)^(3.5)*($BC$27-$BG$27*BK12)+BJ12*1 -> 47.98129 | BV12: =(1-2*BK12)^(3.5)*($BC$26-$BG$26*BK12)+BJ12*1 -> 145.98613 | BW12: =BT12-BQ12 -> -0.98733394 | BX12: =BV12-AJ12 -> -1.7818815 | BY12: =BU12-AI12 -> -0.29532539 | BZ12: =(BT12+2*BV12)/3 -> 191.28575 | CA12: =SQRT(BT12/BI12) -> 6.6523193 | CB12: =SQRT(BU12/BI12) -> 2.7445622 | CC12: =SQRT((0.33333334*(BT12+2*BV12+4*BU12))/BI12) -> 6.3303713 | CD12: =SQRT((0.3333334*(BT12-BV12+BU12))/BI12) -> 3.1020154 | CE12: =(BT12-BV12+3*BU12)/5 -> 55.968546 | CF12: =((5*(BT12-BV12)*BU12)/(3*(BT12-BV12)+4*BU12)) -> 54.372633 | CG12: =(CE12+CF12)/2 -> 55.17059 | CH12: =CA12-AD12 -> -0.011859218 | CI12: =CB12-AE12 -> -0.0085692535 | CK12: =CD12-AC12 -> 0.0041398144
A13: 8.5227719 | B13: 330 | C13: 0.18825875 | D13: 0.38477686 | E13: 8.5227719 | F13: 0.20734572 | G13: 0.50403365 | H13: =C13*0.704/0.607 -> 0.21834293 | I13: =D13*0.704/0.607 -> 0.44626509 | J13: =1/((-2/(I13^2))+(1/(F13^2))+(0.6666/(G13^2))) -> 0.063125943 | K13: =(J13*(E13-E12)+0.5*(E13-E12)*(J12-J13)) -> 0.043626286 | L13: =SUM(K$3:$K13) -> 0.57972576 | M13: =$B$38/((L13*$B$43+1)) -> 0.69272416 | N13: =(6*F13*G13*SQRT(9*(G13^6)*(0.0002^2)+16*(F13^6)*(0.0002)^2))/((4*F13^2 - 3*G13^2)^2) -> 0.00013890838 | O13: =(((E13-E12)/2)^2)*(N13^2+N14^2) -> 4.5241559e-09 | P13: =SUM(O$2:$O13) -> 8.7066286e-08 | Q13: =SQRT(((M40*0.001)^2)+((N40*0.02)^2)+((O40*P13)^2)) -> 0.0010161572 | R13: =M13^3 -> 0.3324153 | S13: =3*Q13/M13*R13 -> 0.0014628603 | T13: =R13/$R$2 -> 0.95271505 | U13: =T13*3*SQRT((Q13/M13)^2)+(0.001/$M$2)^2 -> 0.0041946315 | V13: =$B$40/((M13/$M$2)^3) -> 6.3922576 | W13: =(SQRT((0.02/$V$2)^2+(9*(0.001/$M$2)^2)+(9*(Q13/M13)^2))*V13) -> 0.044429877 | X13: =(1-((V13/$B$40)^0.66666667))/2 -> -0.016410013 | Y13: =(SQRT((Q13/M13)^2 + (0.0002/F13)^2))*AD13 -> 0.01173074 | Z13: =SQRT((Q13/M13)^2 + (0.0002/G13)^2)*AE13 -> 0.0041770135 | AA13: =SQRT((Q13/M13)^2 + (0.0002/H13)^2)*#REF! -> #REF! | AB13: =SQRT((Q13/M13)^2 + (0.0002/I13)^2)*AC13 -> 0.0047618514 | AC13: =2*M13/I13 -> 3.1045411 | AD13: =2*M13/F13 -> 6.6818274 | AE13: =2*M13/G13 -> 2.7487219 | AF13: =V13*AC13^2 -> 61.6097 | AG13: =V13*#REF!*#REF! -> #REF! | AH13: =V13*AD13^2 -> 285.39396 | AI13: =V13*AE13^2 -> 48.296523 | AJ13: =AH13+AI13-3*AF13 -> 148.86138 | AL13: =M13 -> 0.69272416 | AM13: =AL13^3 -> 0.3324153 | AN13: =$BG$2/AM13 -> 1.0496318 | AO13: =$AO$2/((AL13/$AL$2)^3) -> 6.3922576 | AP13: =-3*$AQ$27*((1-2*AQ13)^2.5)*(1+3*(4-$AQ$26)*AQ13/2)*AQ13 -> 8.5705613 | AQ13: =0.5*(1-AN13^0.666666667) -> -0.016410012 | AR13: =(1-2*AQ13)^(3.5)*($AQ$28-$AR$39*AQ13)+AP13*3 -> 284.65768 | AS13: =(1-2*AQ13)^(3.5)*($AQ$30-$AR$41*AQ13)+AP13*1 -> 48.07443 | AT13: =(1-2*AQ13)^(3.5)*($AQ$29-$AQ$40*AQ13)+AP13*1 -> 147.56887 | AV13: =AR13-AH13 -> -0.73627706 | AW13: =AS13-AI13 -> -0.22209377 | AX13: =AT13-AJ13 -> -1.2925158 | AY13: =AP13-A13 -> 0.047789362 | BB13: 0.20734572 | BC13: 0.50403365 | BD13: =C13*$BF$2/0.607 -> 0.21834293 | BE13: =D13*$BF$2/0.607 -> 0.44626509 | BF13: 0.69299062 | BG13: =BF13^3 -> 0.33279905 | BH13: =$BG$2/BG13 -> 1.0484215 | BI13: =$BI$2/((BF13/$BF$2)^3) -> 6.3848867 | BJ13: =-3*$BC$36*((1-2*BK13)^2.5)*(1+3*(4-$BC$37)*BK13/2)*BK13 -> 8.3527256 | BK13: =0.5*(1-BH13^0.666666667) -> -0.016012958 | BL13: =BJ13-E13 -> -0.17004636 | BM13: =2*BF13/BE13 -> 3.1057353 | BN13: =2*BF13/BB13 -> 6.6843977 | BO13: =2*BF13/BC13 -> 2.7497792 | BP13: =BI13*BM13^2 -> 61.586011 | BQ13: =BI13*BN13^2 -> 285.28422 | BR13: =BI13*BO13^2 -> 48.277953 | BS13: =BQ13+BR13-3*BP13 -> 148.80414 | BT13: =(1-2*BK13)^(3.5)*($BC$25-$BG$25*BK13)+BJ13*3 -> 284.25889 | BU13: =(1-2*BK13)^(3.5)*($BC$27-$BG$27*BK13)+BJ13*1 -> 48.051422 | BV13: =(1-2*BK13)^(3.5)*($BC$26-$BG$26*BK13)+BJ13*1 -> 147.35772 | BW13: =BT13-BQ13 -> -1.0253276 | BX13: =BV13-AJ13 -> -1.5036631 | BY13: =BU13-AI13 -> -0.24510174 | BZ13: =(BT13+2*BV13)/3 -> 192.99144 | CA13: =SQRT(BT13/BI13) -> 6.6723748 | CB13: =SQRT(BU13/BI13) -> 2.7433203 | CC13: =SQRT((0.33333334*(BT13+2*BV13+4*BU13))/BI13) -> 6.345132 | CD13: =SQRT((0.3333334*(BT13-BV13+BU13))/BI13) -> 3.1073705 | CE13: =(BT13-BV13+3*BU13)/5 -> 56.211088 | CF13: =((5*(BT13-BV13)*BU13)/(3*(BT13-BV13)+4*BU13)) -> 54.554616 | CG13: =(CE13+CF13)/2 -> 55.382852 | CH13: =CA13-AD13 -> -0.009452638 | CI13: =CB13-AE13 -> -0.0054015607 | CK13: =CD13-AC13 -> 0.0028293683
A14: 9.1253922 | B14: 360 | C14: 0.18750572 | D14: 0.38374368 | E14: 9.1253922 | F14: 0.20634572 | G14: 0.50443365 | H14: =C14*0.704/0.607 -> 0.21746957 | I14: =D14*0.704/0.607 -> 0.44506681 | J14: =1/((-2/(I14^2))+(1/(F14^2))+(0.6666/(G14^2))) -> 0.06246474 | K14: =(J14*(E14-E13)+0.5*(E14-E13)*(J13-J14)) -> 0.037841744 | L14: =SUM(K$3:$K14) -> 0.61756751 | M14: =$B$38/((L14*$B$43+1)) -> 0.69200067 | N14: =(6*F14*G14*SQRT(9*(G14^6)*(0.0002^2)+16*(F14^6)*(0.0002)^2))/((4*F14^2 - 3*G14^2)^2) -> 0.00013732168 | O14: =(((E14-E13)/2)^2)*(N14^2+N15^2) -> 3.4000951e-09 | P14: =SUM(O$2:$O14) -> 9.0466381e-08 | Q14: =SQRT(((M41*0.001)^2)+((N41*0.02)^2)+((O41*P14)^2)) -> 0.0010172013 | R14: =M14^3 -> 0.33137485 | S14: =3*Q14/M14*R14 -> 0.001461306 | T14: =R14/$R$2 -> 0.94973309 | U14: =T14*3*SQRT((Q14/M14)^2)+(0.001/$M$2)^2 -> 0.004190177 | V14: =$B$40/((M14/$M$2)^3) -> 6.4123279 | W14: =(SQRT((0.02/$V$2)^2+(9*(0.001/$M$2)^2)+(9*(Q14/M14)^2))*V14) -> 0.044606455 | X14: =(1-((V14/$B$40)^0.66666667))/2 -> -0.017490392 | Y14: =(SQRT((Q14/M14)^2 + (0.0002/F14)^2))*AD14 -> 0.011809565 | Z14: =SQRT((Q14/M14)^2 + (0.0002/G14)^2)*AE14 -> 0.0041771754 | AA14: =SQRT((Q14/M14)^2 + (0.0002/H14)^2)*#REF! -> #REF! | AB14: =SQRT((Q14/M14)^2 + (0.0002/I14)^2)*AC14 -> 0.0047798295 | AC14: =2*M14/I14 -> 3.1096485 | AD14: =2*M14/F14 -> 6.7071967 | AE14: =2*M14/G14 -> 2.7436737 | AF14: =V14*AC14^2 -> 62.006659 | AG14: =V14*#REF!*#REF! -> #REF! | AH14: =V14*AD14^2 -> 288.46811 | AI14: =V14*AE14^2 -> 48.270373 | AJ14: =AH14+AI14-3*AF14 -> 150.71851 | AL14: =M14 -> 0.69200067 | AM14: =AL14^3 -> 0.33137485 | AN14: =$BG$2/AM14 -> 1.0529274 | AO14: =$AO$2/((AL14/$AL$2)^3) -> 6.4123279 | AP14: =-3*$AQ$27*((1-2*AQ14)^2.5)*(1+3*(4-$AQ$26)*AQ14/2)*AQ14 -> 9.1798967 | AQ14: =0.5*(1-AN14^0.666666667) -> -0.017490392 | AR14: =(1-2*AQ14)^(3.5)*($AQ$28-$AR$39*AQ14)+AP14*3 -> 287.74653 | AS14: =(1-2*AQ14)^(3.5)*($AQ$30-$AR$41*AQ14)+AP14*1 -> 48.161433 | AT14: =(1-2*AQ14)^(3.5)*($AQ$29-$AQ$40*AQ14)+AP14*1 -> 149.35463 | AV14: =AR14-AH14 -> -0.72158081 | AW14: =AS14-AI14 -> -0.10893924 | AX14: =AT14-AJ14 -> -1.3638781 | AY14: =AP14-A14 -> 0.054504481 | BB14: 0.20634572 | BC14: 0.50443365 | BD14: =C14*$BF$2/0.607 -> 0.21746957 | BE14: =D14*$BF$2/0.607 -> 0.44506681 | BF14: 0.69226271 | BG14: =BF14^3 -> 0.33175144 | BH14: =$BG$2/BG14 -> 1.0517322 | BI14: =$BI$2/((BF14/$BF$2)^3) -> 6.4050489 | BJ14: =-3*$BC$36*((1-2*BK14)^2.5)*(1+3*(4-$BC$37)*BK14/2)*BK14 -> 8.964799 | BK14: =0.5*(1-BH14^0.666666667) -> -0.017098695 | BL14: =BJ14-E14 -> -0.16059316 | BM14: =2*BF14/BE14 -> 3.1108261 | BN14: =2*BF14/BB14 -> 6.7097366 | BO14: =2*BF14/BC14 -> 2.7447127 | BP14: =BI14*BM14^2 -> 61.983188 | BQ14: =BI14*BN14^2 -> 288.35892 | BR14: =BI14*BO14^2 -> 48.252101 | BS14: =BQ14+BR14-3*BP14 -> 150.66146 | BT14: =(1-2*BK14)^(3.5)*($BC$25-$BG$25*BK14)+BJ14*3 -> 287.44556 | BU14: =(1-2*BK14)^(3.5)*($BC$27-$BG$27*BK14)+BJ14*1 -> 48.141154 | BV14: =(1-2*BK14)^(3.5)*($BC$26-$BG$26*BK14)+BJ14*1 -> 149.20153 | BW14: =BT14-BQ14 -> -0.91335814 | BX14: =BV14-AJ14 -> -1.5169793 | BY14: =BU14-AI14 -> -0.12921842 | BZ14: =(BT14+2*BV14)/3 -> 195.28287 | CA14: =SQRT(BT14/BI14) -> 6.6991018 | CB14: =SQRT(BU14/BI14) -> 2.7415554 | CC14: =SQRT((0.33333334*(BT14+2*BV14+4*BU14))/BI14) -> 6.364778 | CD14: =SQRT((0.3333334*(BT14-BV14+BU14))/BI14) -> 3.1144681 | CE14: =(BT14-BV14+3*BU14)/5 -> 56.533499 | CF14: =((5*(BT14-BV14)*BU14)/(3*(BT14-BV14)+4*BU14)) -> 54.793869 | CG14: =(CE14+CF14)/2 -> 55.663684 | CH14: =CA14-AD14 -> -0.0080949172 | CI14: =CB14-AE14 -> -0.0021183344 | CK14: =CD14-AC14 -> 0.0048195787
... A23: 12.482848 | B23: 630 | C23: 0.18327563 | D23: 0.377551 | E23: 12.482848 | F23: 0.19974572 | G23: 0.50683365 | H23: =C23*0.704/0.607 -> 0.21256349 | I23: =D23*0.704/0.607 -> 0.43788452 | J23: =1/((-2/(I23^2))+(1/(F23^2))+(0.6666/(G23^2))) -> 0.058044917 | K23: =(J23*(E23-E22)+0.5*(E23-E22)*(J22-J23)) -> 0.010032633 | L23: =SUM(K$3:$K23) -> 0.8203387 | M23: =$B$38/((L23*$B$43+1)) -> 0.68814953 | N23: =(6*F23*G23*SQRT(9*(G23^6)*(0.0002^2)+16*(F23^6)*(0.0002)^2))/((4*F23^2 - 3*G23^2)^2) -> 0.00012750678 | O23: =(((E23-E22)/2)^2)*(N23^2+N24^2) -> 1.2049191e-10 | P23: =SUM(O$2:$O23) -> 1.0272515e-07 | Q23: =SQRT(((M50*0.001)^2)+((N50*0.02)^2)+((O50*P23)^2)) -> 0.0010227675 | R23: =M23^3 -> 0.32587306 | S23: =3*Q23/M23*R23 -> 0.001452994 | T23: =R23/$R$2 -> 0.93396475 | U23: =T23*3*SQRT((Q23/M23)^2)+(0.001/$M$2)^2 -> 0.0041663544 | V23: =$B$40/((M23/$M$2)^3) -> 6.5205887 | W23: =(SQRT((0.02/$V$2)^2+(9*(0.001/$M$2)^2)+(9*(Q23/M23)^2))*V23) -> 0.045562544 | X23: =(1-((V23/$B$40)^0.66666667))/2 -> -0.023298731 | Y23: =(SQRT((Q23/M23)^2 + (0.0002/F23)^2))*AD23 -> 0.01234781 | Z23: =SQRT((Q23/M23)^2 + (0.0002/G23)^2)*AE23 -> 0.0041757378 | AA23: =SQRT((Q23/M23)^2 + (0.0002/H23)^2)*#REF! -> #REF! | AB23: =SQRT((Q23/M23)^2 + (0.0002/I23)^2)*AC23 -> 0.0048870092 | AC23: =2*M23/I23 -> 3.143064 | AD23: =2*M23/F23 -> 6.8902556 | AE23: =2*M23/G23 -> 2.7154848 | AF23: =V23*AC23^2 -> 64.415927 | AG23: =V23*#REF!*#REF! -> #REF! | AH23: =V23*AD23^2 -> 309.56901 | AI23: =V23*AE23^2 -> 48.081894 | AJ23: =AH23+AI23-3*AF23 -> 164.40312 | AL23: =M23 -> 0.68814953 | AM23: =AL23^3 -> 0.32587306 | AN23: =$BG$2/AM23 -> 1.0707042 | AO23: =$AO$2/((AL23/$AL$2)^3) -> 6.5205887 | AP23: =-3*$AQ$27*((1-2*AQ23)^2.5)*(1+3*(4-$AQ$26)*AQ23/2)*AQ23 -> 12.554023 | AQ23: =0.5*(1-AN23^0.666666667) -> -0.023298731 | AR23: =(1-2*AQ23)^(3.5)*($AQ$28-$AR$39*AQ23)+AP23*3 -> 304.65613 | AS23: =(1-2*AQ23)^(3.5)*($AQ$30-$AR$41*AQ23)+AP23*1 -> 48.54718 | AT23: =(1-2*AQ23)^(3.5)*($AQ$29-$AQ$40*AQ23)+AP23*1 -> 159.18504 | AV23: =AR23-AH23 -> -4.9128749 | AW23: =AS23-AI23 -> 0.46528646 | AX23: =AT23-AJ23 -> -5.2180781 | AY23: =AP23-A23 -> 0.0711756 | BB23: 0.19974572 | BC23: 0.50683365 | BD23: =C23*$BF$2/0.607 -> 0.21256349 | BE23: =D23*$BF$2/0.607 -> 0.43788452 | BF23: 0.68814953 | BG23: =BF23^3 -> 0.32587306 | BH23: =$BG$2/BG23 -> 1.0707042 | BI23: =$BI$2/((BF23/$BF$2)^3) -> 6.5205887 | BJ23: =-3*$BC$36*((1-2*BK23)^2.5)*(1+3*(4-$BC$37)*BK23/2)*BK23 -> 12.574802 | BK23: =0.5*(1-BH23^0.666666667) -> -0.023298731 | BL23: =BJ23-E23 -> 0.091954304 | BM23: =2*BF23/BE23 -> 3.143064 | BN23: =2*BF23/BB23 -> 6.8902556 | BO23: =2*BF23/BC23 -> 2.7154848 | BP23: =BI23*BM23^2 -> 64.415927 | BQ23: =BI23*BN23^2 -> 309.56901 | BR23: =BI23*BO23^2 -> 48.081894 | BS23: =BQ23+BR23-3*BP23 -> 164.40312 | BT23: =(1-2*BK23)^(3.5)*($BC$25-$BG$25*BK23)+BJ23*3 -> 306.02011 | BU23: =(1-2*BK23)^(3.5)*($BC$27-$BG$27*BK23)+BJ23*1 -> 48.564964 | BV23: =(1-2*BK23)^(3.5)*($BC$26-$BG$26*BK23)+BJ23*1 -> 160.00801 | BW23: =BT23-BQ23 -> -3.5488973 | BX23: =BV23-AJ23 -> -4.395113 | BY23: =BU23-AI23 -> 0.48307002 | BZ23: =(BT23+2*BV23)/3 -> 208.67871 | CA23: =SQRT(BT23/BI23) -> 6.8506468 | CB23: =SQRT(BU23/BI23) -> 2.7290917 | CC23: =SQRT((0.33333334*(BT23+2*BV23+4*BU23))/BI23) -> 6.4756186 | CD23: =SQRT((0.3333334*(BT23-BV23+BU23))/BI23) -> 3.1538558 | CE23: =(BT23-BV23+3*BU23)/5 -> 58.341399 | CF23: =((5*(BT23-BV23)*BU23)/(3*(BT23-BV23)+4*BU23)) -> 56.07398 | CG23: =(CE23+CF23)/2 -> 57.20769 | CH23: =CA23-AD23 -> -0.039608771 | CI23: =CB23-AE23 -> 0.013606899 | CK23: =CD23-AC23 -> 0.010791824
E25: =0.2/E5*100 -> 8.0109925 | F25: =0.0002/F23*100 -> 0.1001273 | M25: =0.001/0.704*100 -> 0.14204545 | V25: =0.04/6.09*100 -> 0.65681445 | BB25: C11 | BC25: ='Global Min'!M12 -> 239.51038 | BF25: C11a | BG25: =3*BC36*(BC28-3)-7*BC25 -> -461.30726
AG26: %uncert min | AP26: K'S0 | AQ26: =(AQ31+2*AQ32)/3 -> 3.81446 | BB26: C12 | BC26: ='Global Min'!M13 -> 121.79138 | BF26: C12a | BG26: =3*BC36*(BC29-1)-7*BC26 -> 168.14821
B27: v111 | D27: =704/712 -> 0.98876404 | AG27: %uncert max | AP27: KS0 | AQ27: =(AQ28+2*AQ29)/3 -> 161.32641 | BB27: C44 | BC27: ='Global Min'!M14 -> 46.243127 | BF27: C44a | BG27: =3*BC36*(BC30-1)-7*BC27 -> -667.67981
A28: Width then radius | B28: 2.34 | J28: D | K28: K | L28: I | M28: L term | N28: rho term | O28: Int term | X28: =1.42/0.2298 -> 6.1792863 | AP28: C11 | AQ28: ='Global Min'!L12 -> 239.8936 | BB28: C11' | BC28: ='Global Min'!M15 -> 5.5155924
A29: Length initial | B29: 0.623 | C29: 0.607 | J29: =12*$B$31*$B$38^2+$K$29*L2 -> 36.219617 | K29: =C34 -> 1.016974 | L29: sum cook | M29: =36*$B$40*($B$38^2)*(4*$B$40*$B$38^2 + $K$29*L2)/J29^2 -> 1 | N29: =36*$B$40*($B$38^2)*(4*$B$40*$B$38^2 + $K$29*M2)/K29^2 -> 1343.6535 | O29: =-(12*$B$40*$K$29*$D$38^3)/(J29^2) -> -0.019766904 | AP29: C12 | AQ29: ='Global Min'!L13 -> 122.04281 | BB29: C12' | BC29: ='Global Min'!M16 -> 3.112818
A30: alpha thermal expansion | B30: =0.000046 -> 4.6e-05 | F30: Value | G30: VP100 or 110 or VS110 | H30: bench | J30: =12*$B$31*$B$38^2+$K$29*L3 -> 36.229587 | M30: =36*$B$40*($B$38^2)*(4*$B$40*$B$38^2 + $K$29*L3)/J30^2 -> 1.000275 | N30: =(12*$K$29*L3*$D$38^3)/(J30^2) -> 3.1802345e-05 | O30: =-(12*$B$40*$K$29*$D$38^3)/(J30^2) -> -0.019756026 | AP30: C44 | AQ30: ='Global Min'!L14 -> 46.22189 | BB30: C44' | BC30: ='Global Min'!M17 -> 0.28796771
A31: density OG | B31: 6.09 | E31: C11 | F31: 231 | G31: 6.1588176 | H31: 0.23121321 | J31: =12*$B$31*$B$38^2+$K$29*L4 -> 36.340207 | M31: =36*$B$40*($B$38^2)*(4*$B$40*$B$38^2 + $K$29*L4)/J31^2 -> 1.0032963 | N31: =(12*$K$29*L4*$D$38^3)/(J31^2) -> 0.00038232538 | O31: =-(12*$B$40*$K$29*$D$38^3)/(J31^2) -> -0.019635935 | AP31: C11' | AQ31: ='Global Min'!L15 -> 5.3841195 | BB31: All sumsq | BC31: =BC35+BC33+BC34+BC32 -> 58.023772
A32: Gamma gruneisen | B32: 1.23 | E32: C12 VP | F32: 120 | G32: 5.9398555 | H32: 0.23973647 | J32: =12*$B$31*$B$38^2+$K$29*L5 -> 36.402202 | M32: =36*$B$40*($B$38^2)*(4*$B$40*$B$38^2 + $K$29*L5)/J32^2 -> 1.0049655 | N32: =(12*$K$29*L5*$D$38^3)/(J32^2) -> 0.00057691131 | O32: =-(12*$B$40*$K$29*$D$38^3)/(J32^2) -> -0.019569109 | AP32: C12' | AQ32: ='Global Min'!L16 -> 3.0296303 | BB32: FSP | BC32: =SUMSQ(BL6:BL16) -> 0.15801571
A33: T temp K | B33: 300 | E33: C12 VS | F33: 120 | G33: 2.9070625 | H33: 0.48984154 | J33: =12*$B$31*$B$38^2+$K$29*L6 -> 36.469089 | M33: =36*$B$40*($B$38^2)*(4*$B$40*$B$38^2 + $K$29*L6)/J33^2 -> 1.0067471 | N33: =(12*$K$29*L6*$D$38^3)/(J33^2) -> 0.00078536395 | O33: =-(12*$B$40*$K$29*$D$38^3)/(J33^2) -> -0.019497392 | AP33: C44' | AQ33: ='Global Min'!L17 -> 0.29107403 | BB33: C11 | BC33: =SUMSQ(BW6:BW16) -> 11.011355
A34: >scalar> | B34: =C34/C35 -> 0.035853802 | C34: =1+B30*B32*B33 -> 1.016974 | E34: C44 | F34: 43.4 | G34: 2.6695387 | H34: 0.5334255 | J34: =12*$B$31*$B$38^2+$K$29*L7 -> 36.537808 | M34: =36*$B$40*($B$38^2)*(4*$B$40*$B$38^2 + $K$29*L7)/J34^2 -> 1.0085569 | N34: =(12*$K$29*L7*$D$38^3)/(J34^2) -> 0.00099793477 | O34: =-(12*$B$40*$K$29*$D$38^3)/(J34^2) -> -0.019424121 | AP34: All sumsq | AQ34: =AQ38+AQ36+AQ37+AQ35 -> 63.270722 | BB34: C12 | BC34: =SUMSQ(BY6:BY16) -> 1.1109461
C35: =12*B31*(B29^2) -> 28.364467 | J35: =12*$B$31*$B$38^2+$K$29*L8 -> 36.584966 | M35: =36*$B$40*($B$38^2)*(4*$B$40*$B$38^2 + $K$29*L8)/J35^2 -> 1.0097869 | N35: =(12*$K$29*L8*$D$38^3)/(J35^2) -> 0.0011428821 | O35: =-(12*$B$40*$K$29*$D$38^3)/(J35^2) -> -0.019374079 | AP35: FSP | AQ35: =SUMSQ(AY6:AY16) -> 0.018608561 | BB35: C44 | BC35: =SUMSQ(BX6:BX16) -> 45.743455
B36: V100 | J36: =12*$B$31*$B$38^2+$K$29*L9 -> 36.628532 | M36: =36*$B$40*($B$38^2)*(4*$B$40*$B$38^2 + $K$29*L9)/J36^2 -> 1.0109146 | N36: =(12*$K$29*L9*$D$38^3)/(J36^2) -> 0.0012761253 | O36: =-(12*$B$40*$K$29*$D$38^3)/(J36^2) -> -0.019328018 | AP36: C11 | AQ36: =SUMSQ(AV6:AV16) -> 14.288598 | BB36: KS0 | BC36: =(BC25+2*BC26)/3 -> 161.03105
A37: Width then radius | B37: 2.34 | C37: =B37/2 -> 1.17 | J37: =12*$B$31*$B$38^2+$K$29*L10 -> 36.683065 | M37: =36*$B$40*($B$38^2)*(4*$B$40*$B$38^2 + $K$29*L10)/J37^2 -> 1.0123146 | N37: =(12*$K$29*L10*$D$38^3)/(J37^2) -> 0.0014420125 | O37: =-(12*$B$40*$K$29*$D$38^3)/(J37^2) -> -0.019270595 | AP37: C12 | AQ37: =SUMSQ(AX6:AX16) -> 47.875603 | BB37: K'S0 | BC37: =(BC28+2*BC29)/3 -> 3.9137428
A38: Length initial | B38: 0.704 | C38: mm | D38: 0.704 | J38: =12*$B$31*$B$38^2+$K$29*L11 -> 36.728448 | M38: =36*$B$40*($B$38^2)*(4*$B$40*$B$38^2 + $K$29*L11)/J38^2 -> 1.01347 | N38: =(12*$K$29*L11*$D$38^3)/(J38^2) -> 0.0015793111 | O38: =-(12*$B$40*$K$29*$D$38^3)/(J38^2) -> -0.019223002 | AP38: C44 | AQ38: =SUMSQ(AW6:AW16) -> 1.0879122
A39: alpha thermal expansion | B39: =0.000046 -> 4.6e-05 | C39: m/m C | J39: =12*$B$31*$B$38^2+$K$29*L12 -> 36.764817 | M39: =36*$B$40*($B$38^2)*(4*$B$40*$B$38^2 + $K$29*L12)/J39^2 -> 1.0143896 | N39: =(12*$K$29*L12*$D$38^3)/(J39^2) -> 0.0016888445 | O39: =-(12*$B$40*$K$29*$D$38^3)/(J39^2) -> -0.019184989 | AP39: C11a | AQ39: =3*AQ27*(AQ31-3)-7*AQ28 -> -525.39091 | AR39: =3*AQ27*(AQ31-3)-7*AQ28 -> -525.39091
A40: density OG | B40: 6.09 | C40: g/cm^3 | J40: =12*$B$31*$B$38^2+$K$29*L13 -> 36.809183 | M40: =36*$B$40*($B$38^2)*(4*$B$40*$B$38^2 + $K$29*L13)/J40^2 -> 1.0155037 | N40: =(12*$K$29*L13*$D$38^3)/(J40^2) -> 0.0018218781 | O40: =-(12*$B$40*$K$29*$D$38^3)/(J40^2) -> -0.019138769 | AP40: C12a | AQ40: =3*AQ27*(AQ32-1)-7*AQ29 -> 127.99922 | AR40: =3*AQ27*(AQ32-1)-7*AQ29 -> 127.99922
A41: Gamma gruneisen | B41: 1.23 | J41: =12*$B$31*$B$38^2+$K$29*L14 -> 36.847667 | M41: =36*$B$40*($B$38^2)*(4*$B$40*$B$38^2 + $K$29*L14)/J41^2 -> 1.0164635 | N41: =(12*$K$29*L14*$D$38^3)/(J41^2) -> 0.0019367498 | O41: =-(12*$B$40*$K$29*$D$38^3)/(J41^2) -> -0.019098813 | AP41: C44a | AQ41: =3*AQ27*(AQ33-1)-7*AQ30 -> -666.65868 | AR41: =3*AQ27*(AQ33-1)-7*AQ30 -> -666.65868
A42: T temp K | B42: 300 | J42: =12*$B$31*$B$38^2+$K$29*L15 -> 36.874883 | M42: =36*$B$40*($B$38^2)*(4*$B$40*$B$38^2 + $K$29*L15)/J42^2 -> 1.0171384 | N42: =(12*$K$29*L15*$D$38^3)/(J42^2) -> 0.0020176935 | O42: =-(12*$B$40*$K$29*$D$38^3)/(J42^2) -> -0.019070631
A43: >scalar> | B43: =C43/C44 -> 0.028077989 | C43: =1+B39*B41*B42 -> 1.016974 | J43: =12*$B$31*$B$38^2+$K$29*L16 -> 36.909942 | M43: =36*$B$40*($B$38^2)*(4*$B$40*$B$38^2 + $K$29*L16)/J43^2 -> 1.0180033 | N43: =(12*$K$29*L16*$D$38^3)/(J43^2) -> 0.0021216108 | O43: =-(12*$B$40*$K$29*$D$38^3)/(J43^2) -> -0.01903442
C44: =12*B40*(B38^2) -> 36.219617 | J44: =12*$B$31*$B$38^2+$K$29*L17 -> 36.942037 | M44: =36*$B$40*($B$38^2)*(4*$B$40*$B$38^2 + $K$29*L17)/J44^2 -> 1.0187907 | N44: =(12*$K$29*L17*$D$38^3)/(J44^2) -> 0.0022163943 | O44: =-(12*$B$40*$K$29*$D$38^3)/(J44^2) -> -0.01900136
A45: delta C11 | B45: 3 | J45: =12*$B$31*$B$38^2+$K$29*L18 -> 36.960627 | M45: =36*$B$40*($B$38^2)*(4*$B$40*$B$38^2 + $K$29*L18)/J45^2 -> 1.0192447 | N45: =(12*$K$29*L18*$D$38^3)/(J45^2) -> 0.0022711434 | O45: =-(12*$B$40*$K$29*$D$38^3)/(J45^2) -> -0.018982251 | BO45: KS0 | BP45: 159.67398 | BQ45: K'S0 | BR45: 4.3347144
A46: delta C12/C44 | B46: 1 | J46: =12*$B$31*$B$38^2+$K$29*L19 -> 36.973779 | M46: =36*$B$40*($B$38^2)*(4*$B$40*$B$38^2 + $K$29*L19)/J46^2 -> 1.0195651 | N46: =(12*$K$29*L19*$D$38^3)/(J46^2) -> 0.0023098101 | O46: =-(12*$B$40*$K$29*$D$38^3)/(J46^2) -> -0.018968748
J47: =12*$B$31*$B$38^2+$K$29*L20 -> 36.997226 | M47: =36*$B$40*($B$38^2)*(4*$B$40*$B$38^2 + $K$29*L20)/J47^2 -> 1.0201345 | N47: =(12*$K$29*L20*$D$38^3)/(J47^2) -> 0.0023786031 | O47: =-(12*$B$40*$K$29*$D$38^3)/(J47^2) -> -0.018944714 | CE47: scaler: | CF47: 1.016974
A48: K | B48: 151.14 | J48: =12*$B$31*$B$38^2+$K$29*L21 -> 37.028266 | M48: =36*$B$40*($B$38^2)*(4*$B$40*$B$38^2 + $K$29*L21)/J48^2 -> 1.0208848 | N48: =(12*$K$29*L21*$D$38^3)/(J48^2) -> 0.0024694054 | O48: =-(12*$B$40*$K$29*$D$38^3)/(J48^2) -> -0.018912965 | CE48: density | CF48: 6.07
A49: K' | B49: 3.47 | J49: =12*$B$31*$B$38^2+$K$29*L22 -> 37.043677 | M49: =36*$B$40*($B$38^2)*(4*$B$40*$B$38^2 + $K$29*L22)/J49^2 -> 1.0212559 | N49: =(12*$K$29*L22*$D$38^3)/(J49^2) -> 0.0025143746 | O49: =-(12*$B$40*$K$29*$D$38^3)/(J49^2) -> -0.018897231 | CE49: L0 | CF49: 1.02
J50: =12*$B$31*$B$38^2+$K$29*L23 -> 37.05388 | M50: =36*$B$40*($B$38^2)*(4*$B$40*$B$38^2 + $K$29*L23)/J50^2 -> 1.021501 | N50: =(12*$K$29*L23*$D$38^3)/(J50^2) -> 0.0025441041 | O50: =-(12*$B$40*$K$29*$D$38^3)/(J50^2) -> -0.018886826
B51: Ratio 0.71/ 0.623 | AU51: 47.947556 | BI51: C11 | BJ51: 246.36869 | BK51: C11' | BL51: 5.4341815
B52: =B38/B29 -> 1.1300161 | E52: Value | F52: VP100 or 110 or VS110 | G52: Travel time | H52: correction | I52: Bench correct | J52: predited measured time | AU52: 48.01801 | BI52: C12 | BJ52: 125.61715 | BK52: C12' | BL52: 3.0905173
D53: C11 | E53: 235 | F53: 6.2119119 | G53: 0.22923699 | H53: 0.0023427945 | I53: -0.012658141 | J53: 0.2268942 | AU53: 48.00004 | BI53: C44 | BJ53: 42.351506 | BK53: C44' | BL53: 0.2263725
D54: C12 VP | E54: 120 | F54: 5.9509029 | G54: 0.20400266 | H54: 0.0019882247 | I54: -0.012665076 | J54: 0.20201443 | AU54: 48.199014
D55: C12 VS | E55: 120 | F55: 2.9407579 | G55: 0.41281875 | H55: -0.00046133081 | I55: -0.0125 | J55: 0.41328008 | AU55: 48.217494
D56: C44 | E56: 43 | F56: 2.6572082 | G56: 0.5359008 | H56: -0.00035202667 | I56: -0.0125 | J56: 0.53625283 | AU56: 48.189996
AU57: 48.339357
AU58: 48.499352
AU59: 48.309741
AU60: 48.180419
AU61: 48.120784
AU62: 48.226412
AU63: 48.1509
AU64: 47.942411
AU65: 47.992776
M92: Pressure (GPa) | N92: Density | O92: C11 | P92: C44 | Q92: C12 | R92: GV | S92: GR | T92: GH | U92: Bulk mod
M93: 0 | N93: 6.09 | O93: 231.75 | P93: 44.88 | Q93: 118.9 | R93: 49.827575 | S93: 49.126282 | T93: 49.476928 | U93: 155.51436
M94: 2.4965696 | N94: 6.1835554 | O94: 253.82 | P94: 47.35 | Q94: 130.76 | R94: 53.022846 | S94: 52.159293 | T94: 52.59107 | U94: 169.40814
M95: 3.4435442 | N95: 6.2176196 | O95: 259.48 | P95: 47.55 | Q95: 132.75 | R95: 53.878163 | S95: 52.825601 | T95: 53.351882 | U95: 173.40014
M96: 4.4335632 | N96: 6.2526865 | O96: 264.35 | P96: 47.64 | Q96: 135.77 | R96: 54.299319 | S96: 53.145293 | T96: 53.722306 | U96: 176.66717
M97: 5.122272 | N97: 6.2767501 | O97: 268.17 | P97: 47.7 | Q97: 137.56 | R97: 54.743656 | S97: 53.467032 | T97: 54.105344 | U97: 179.89406
M98: 5.7679366 | N98: 6.299003 | O98: 272.57 | P98: 47.95 | Q98: 139.48 | R98: 55.384688 | S98: 53.980934 | T98: 54.682811 | U98: 182.91443
M99: 6.5857783 | N99: 6.326811 | O99: 275.56 | P99: 48.02 | Q99: 142.68 | R99: 55.387254 | S99: 54.008279 | T99: 54.697767 | U99: 186.30645
M100: 7.2744872 | N100: 6.3498266 | O100: 280.14 | P100: 48 | Q100: 145.84 | R100: 55.65948 | S100: 54.180211 | T100: 54.919846 | U100: 190.89599
M101: 7.8340631 | N101: 6.3682562 | O101: 283.11 | P101: 48.2 | Q101: 147.26 | R101: 56.090017 | S101: 54.53424 | T101: 55.312129 | U101: 193.05125
M102: 8.5227719 | N102: 6.3907722 | O102: 285.64 | P102: 48.22 | Q102: 149.14 | R102: 56.229761 | S102: 54.631136 | T102: 55.430449 | U102: 194.98038
M103: 9.1253922 | N103: 6.4102593 | O103: 288.7 | P103: 48.19 | Q103: 151.86 | R103: 56.283087 | S103: 54.654581 | T103: 55.468834 | U103: 198.63342
M104: 9.5558352 | N104: 6.4240466 | O104: 291.17 | P104: 48.34 | Q104: 152.44 | R104: 56.748959 | S104: 55.008589 | T104: 55.878774 | U104: 199.75558
... M112: 12.482848 | N112: 6.5146528 | O112: 309.77 | P112: 47.99 | Q112: 167.4 | R112: 57.269049 | S112: 55.184091 | T112: 56.22657 | U112: 218.82038

Sheet FS No Vs 100
A1: V100 Pressure | B1: Oil P | C1: 2TP Au pressure corrected 111 | D1: 2TS Au pressure corrected 111 | E1: V100 Pressure | F1: 2TP Au 100 | G1: 2TS Au 100 high C44 | H1: L corrected v111 TP | I1: L correct v111 TS | J1: f(x) for cook | K1: rect+triang | L1: Sum Cook (I) | M1: Cook's Length | N1: integ unc | O1: trap uncert | P1: Trap add | Q1: L uncert | R1: Volume | S1: V ncrt | T1: V/v0 | U1: v/v0 ncrt | V1: New density | W1: rho ncrt | X1: Strain | Y1: VP100 ncrt | Z1: VS100 ncrt | AA1: VP111 ncrt | AB1: VS111 ncrt | AC1: Vp 111 | AD1: Vs 111 | AE1: Vp100 | AF1: pVP111^2 | AG1: pVS111^2 | AH1: C11 = pVP100^2 | AI1: C44 calc | AJ1: C12 calc | AL1: L | AM1: V | AN1: V0/V calc | AO1: density | AP1: FS Pressure | AQ1: finite strain f | AR1: C11 fit | AS1: C44 fit | AT1: C12 fit | AU1: C11 diff | AV1: C44 diff | AW1: C12 diff | AX1: FSP diff | AZ1: 2TP Au 100 | BA1: 2TS Au 100 high C44 | BB1: L corrected v111 TP | BC1: L correct v111 TS | BD1: L | BE1: V | BF1: V0/V calc | BG1: density | BH1: FS Pressure | BI1: finite strain f | BJ1: delta P | BK1: Vp 111 | BL1: Vs 111 | BM1: Vp100 | BN1: pVP111^2 | BO1: pVS111^2 | BP1: C11 = pVP100^2 | BQ1: C44 calc | BR1: C12 calc | BS1: C11 fit | BT1: C44 fit | BU1: C12 fit | BV1: C11 diff | BW1: C44 diff | BX1: C12 diff | BY1: K | BZ1: Vp100 | CA1: Vs100 | CB1: Vp111 | CC1: Vs111 | CD1: GV | CE1: GR | CF1: GH | CG1: VP100 diff | CH1: VS100 diff | CI1: VP111 diff | CJ1: VS 111 diff
A2: 0 | B2: 0 | C2: 0.21010882 | D2: 0.41441731 | E2: 0 | F2: 0.22919993 | G2: 0.51092692 | H2: =C2*0.712/0.623 -> 0.24012437 | I2: =D2*0.712/0.623 -> 0.47361979 | J2: =1/((0.33333333/(H2^2))-(1.33333333333333/(I2^2))+(0.66666666666667/(F2^2))) -> 0.079823938 | L2: =SUM(K2:$K$2) -> 0 | M2: 0.704 | N2: =(6*F2*G2*SQRT(9*(G2^6)*(0.0002^2)+16*(F2^6)*(0.0002)^2))/((4*F2^2 - 3*G2^2)^2) -> 0.00017248585 | O2: =(((E2-E2)/2)^2)*(N2^2+N3^2) -> 0 | P2: =SUM(O2:$O$2) -> 0 | Q2: 0.001 | R2: =M2^3 -> 0.34891366 | S2: =3*Q2/M2*R2 -> 0.001486848 | T2: =R2/$R$2 -> 1 | U2: =T2*3*SQRT((Q2/M2)^2)+(0.001/$M$2)^2 -> 0.0042633813 | V2: =$B$40/((M2/$B$38)^3) -> 6.09 | W2: 0.01 | X2: =(1-((V2/$B$40)^0.66666667))/2 -> 0 | Y2: =(SQRT((Q2/M2)^2 + (0.0002/F2)^2))*AE2 -> 0.010357367 | Z2: =SQRT((Q2/M2)^2 + (0.0002/G2)^2)*#REF! -> #REF! | AA2: =SQRT((Q2/M2)^2 + (0.0002/H2)^2)*AC2 -> 0.0097649912 | AB2: =SQRT((Q2/M2)^2 + (0.0002/I2)^2)*AD2 -> 0.00445551 | AC2: =2*0.712/H2 -> 5.9302602 | AD2: =2*0.712/I2 -> 3.0066311 | AE2: =2*0.712/F2 -> 6.2129163 | AF2: =V2*AC2^2 -> 214.17304 | AG2: =V2*AD2^2 -> 55.052569 | AH2: =V2*AE2^2 -> 235.076 | AI2: =AG2+0.5*AF2-AH2*0.5 -> 44.601087 | AJ2: =AH2+AI2-3*AG2 -> 114.51938 | AL2: =M2 -> 0.704 | AM2: =AL2^3 -> 0.34891366 | AN2: =$AM$2/AM2 -> 1 | AO2: 6.09 | AP2: =-3*$AQ$25*((1-2*AQ2)^2.5)*(1+3*(4-$AS$25)*AQ2/2)*AQ2 -> 0 | AQ2: =0.5*(1-AN2^0.666666667) -> 0 | AR2: =(1-2*AQ2)^(3.5)*($AQ$26-$AU$26*AQ2)+AP2*3 -> 239.8936 | AS2: =(1-2*AQ2)^(3.5)*($AQ$28-$AU$28*AQ2)+AP2*1 -> 46.22189 | AT2: =(1-2*AQ2)^(3.5)*($AQ$27-$AU$27*AQ2)+AP2*1 -> 122.04281 | AU2: =AR2-AH2 -> 4.8176043 | AV2: =AS2-AI2 -> 1.6208029 | AW2: =AT2-AJ2 -> 7.5234357 | AX2: =AP2-A2 -> 0 | AZ2: 0.22919993 | BA2: 0.51092692 | BB2: =C2*0.712/0.623 -> 0.24012437 | BC2: =D2*0.712/0.623 -> 0.47361979 | BD2: 0.704 | BE2: =BD2^3 -> 0.34891366 | BF2: =$BE$2/BE2 -> 1 | BG2: 6.09 | BH2: =-3*$BF$36*((1-2*BI2)^2.5)*(1+3*(4-$BF$37)*BI2/2)*BI2 -> 0 | BI2: =0.5*(1-BF2^0.666666667) -> 0 | BJ2: =BH2-E2 -> 0 | BK2: =2*0.712/BB2 -> 5.9302602 | BL2: =2*0.712/BC2 -> 3.0066311 | BM2: =2*0.712/AZ2 -> 6.2129163 | BN2: =BG2*BK2^2 -> 214.17304 | BO2: =BG2*BL2^2 -> 55.052569 | BP2: =BG2*BM2^2 -> 235.076 | BQ2: =BO2+0.5*BN2-BP2*0.5 -> 44.601087 | BR2: =BP2+BQ2-3*BO2 -> 114.51938 | BS2: =(1-2*BI2)^(3.5)*($BF$25-$BJ$25*BI2)+BH2*3 -> 239.51038 | BT2: =(1-2*BI2)^(3.5)*($BF$27-$BJ$27*BI2)+BH2*1 -> 46.243127 | BU2: =(1-2*BI2)^(3.5)*($BF$26-$BJ$26*BI2)+BH2*1 -> 121.79138 | BV2: =BS2-BP2 -> 4.4343822 | BW2: =BT2-BQ2 -> 1.6420401 | BX2: =BU2-BR2 -> 7.2719999 | BY2: =(BS2+2*BU2)/3 -> 161.03105 | BZ2: =SQRT(BS2/BG2) -> 6.2712415 | CA2: =SQRT(BT2/BG2) -> 2.7555922 | CB2: =SQRT((0.33333334*(BS2+2*BU2+4*BT2))/BG2) -> 6.0470046 | CC2: =SQRT((0.3333334*(BS2-BU2+BT2))/BG2) -> 2.9957292 | CD2: =(BS2-BU2+3*BT2)/5 -> 51.289677 | CE2: =((5*(BS2-BU2)*BT2)/(3*(BS2-BU2)+4*BT2)) -> 50.579783 | CF2: =(CD2+CE2)/2 -> 50.93473 | CG2: =BZ2-AE2 -> 0.058325246 | CH2: =CA2-#REF! -> #REF! | CI2: =CB2-AC2 -> 0.11674443 | CJ2: =CC2-AD2 -> -0.010901977 | DO2: o | EH2: 0
A3: 0.12913291 | B3: 30 | C3: 0.2017768 | D3: 0.41395642 | E3: 0.12913291 | F3: 0.22474572 | G3: 0.50723365 | H3: =C3*0.704/0.607 -> 0.2340212 | I3: =D3*0.704/0.607 -> 0.48010762 | J3: =1/((0.33333333/(H3^2))-(1.33333333333333/(I3^2))+(0.66666666666667/(F3^2))) -> 0.074070745 | K3: =(J3*(E3-E2)+0.5*(E3-E2)*(J2-J3)) -> 0.009936434 | L3: =SUM(K$3:$K3) -> 0.009936434 | M3: =$B$38/((L3*$B$43+1)) -> 0.70380364 | N3: =(6*F3*G3*SQRT(9*(G3^6)*(0.0002^2)+16*(F3^6)*(0.0002)^2))/((4*F3^2 - 3*G3^2)^2) -> 0.00016605784 | O3: =(((E3-E2)/2)^2)*(N3^2+N4^2) -> 2.216109e-10 | P3: =SUM(O$2:$O3) -> 2.216109e-10 | Q3: =SQRT(((M30*0.001)^2)+((N30*0.02)^2)+((O30*P3)^2)) -> 0.001000279 | R3: =M3^3 -> 0.34862179 | S3: =3*Q3/M3*R3 -> 0.0014864333 | T3: =R3/$R$2 -> 0.99916348 | U3: =T3*3*SQRT((Q3/M3)^2)+(0.001/$M$2)^2 -> 0.0042621927 | V3: =$B$40/((M3/$B$38)^3) -> 6.0950987 | W3: =(SQRT((0.02/$V$2)^2+(9*(0.001/$M$2)^2)+(9*(Q3/M3)^2))*V3) -> 0.041840907 | X3: =(1-((V3/$B$40)^0.66666667))/2 -> -0.000279034 | Y3: =(SQRT((Q3/M3)^2 + (0.0002/F3)^2))*AE3 -> 0.010502353 | Z3: =SQRT((Q3/M3)^2 + (0.0002/G3)^2)*#REF! -> #REF! | AA3: =SQRT((Q3/M3)^2 + (0.0002/H3)^2)*AC3 -> 0.0099751241 | AB3: =SQRT((Q3/M3)^2 + (0.0002/I3)^2)*AD3 -> 0.0043421962 | AC3: =2*M3/H3 -> 6.0148709 | AD3: =2*M3/I3 -> 2.9318579 | AE3: =2*M3/F3 -> 6.2631105 | AF3: =V3*AC3^2 -> 220.51257 | AG3: =V3*AD3^2 -> 52.392191 | AH3: =V3*AE3^2 -> 239.08971 | AI3: =AG3+0.5*AF3-AH3*0.5 -> 43.103621 | AJ3: =AH3+AI3-3*AG3 -> 125.01676 | AL3: =M3 -> 0.70380364 | AM3: =AL3^3 -> 0.34862179 | AN3: =$AM$2/AM3 -> 1.0008372 | AO3: =$AO$2/((AL3/$AL$2)^3) -> 6.0950987 | AP3: =-3*$AQ$25*((1-2*AQ3)^2.5)*(1+3*(4-$AS$25)*AQ3/2)*AQ3 -> 0.13522465 | AQ3: =0.5*(1-AN3^0.666666667) -> -0.000279034 | AR3: =(1-2*AQ3)^(3.5)*($AQ$26-$AU$26*AQ3)+AP3*3 -> 240.62129 | AS3: =(1-2*AQ3)^(3.5)*($AQ$28-$AU$28*AQ3)+AP3*1 -> 46.261076 | AT3: =(1-2*AQ3)^(3.5)*($AQ$27-$AU$27*AQ3)+AP3*1 -> 122.45237 | AU3: =AR3-AH3 -> 1.5315727 | AV3: =AS3-AI3 -> 3.1574546 | AW3: =AT3-AJ3 -> -2.5643916 | AX3: =AP3-A3 -> 0.0060917427 | AZ3: 0.22474572 | BA3: 0.50723365 | BB3: =C3*0.704/0.607 -> 0.2340212 | BC3: =D3*0.704/0.607 -> 0.48010762 | BD3: 0.70380364 | BE3: =BD3^3 -> 0.34862179 | BF3: =$BE$2/BE3 -> 1.0008372 | BG3: =$BG$2/((BD3/$BD$2)^3) -> 6.0950987 | BH3: =-3*$BF$36*((1-2*BI3)^2.5)*(1+3*(4-$BF$37)*BI3/2)*BI3 -> 0.13498268 | BI3: =0.5*(1-BF3^0.666666667) -> -0.000279034 | BJ3: =BH3-E3 -> 0.0058497759 | BK3: =2*BD3/BB3 -> 6.0148709 | BL3: =2*BD3/BC3 -> 2.9318579 | BM3: =2*BD3/AZ3 -> 6.2631105 | BN3: =BG3*BK3^2 -> 220.51257 | BO3: =BG3*BL3^2 -> 52.392191 | BP3: =BG3*BM3^2 -> 239.08971 | BQ3: =BO3+0.5*BN3-BP3*0.5 -> 43.103621 | BR3: =BP3+BQ3-3*BO3 -> 125.01676 | BS3: =(1-2*BI3)^(3.5)*($BF$25-$BJ$25*BI3)+BH3*3 -> 240.25451 | BT3: =(1-2*BI3)^(3.5)*($BF$27-$BJ$27*BI3)+BH3*1 -> 46.281827 | BU3: =(1-2*BI3)^(3.5)*($BF$26-$BJ$26*BI3)+BH3*1 -> 122.21143 | BV3: =BS3-BP3 -> 1.164792 | BW3: =BT3-BQ3 -> 3.1782057 | BX3: =BU3-BR3 -> -2.8053361 | BY3: =(BS3+2*BU3)/3 -> 161.55912 | BZ3: =SQRT(BS3/BG3) -> 6.2783482 | CA3: =SQRT(BT3/BG3) -> 2.7555918 | CB3: =SQRT((0.33333334*(BS3+2*BU3+4*BT3))/BG3) -> 6.0523368 | CC3: =SQRT((0.3333334*(BS3-BU3+BT3))/BG3) -> 2.9977868 | CD3: =(BS3-BU3+3*BT3)/5 -> 51.377712 | CE3: =((5*(BS3-BU3)*BT3)/(3*(BS3-BU3)+4*BT3)) -> 50.655383 | CF3: =(CD3+CE3)/2 -> 51.016548 | CG3: =BZ3-AE3 -> 0.015237706 | CH3: =CA3-#REF! -> #REF! | CI3: =CB3-AC3 -> 0.037465959 | CJ3: =CC3-AD3 -> 0.06592895
A4: 1.6356835 | B4: 60 | C4: 0.19870445 | D4: 0.40424966 | E4: 1.6356835 | F4: 0.22094572 | G4: 0.50583365 | H4: =C4*0.704/0.607 -> 0.23045788 | I4: =D4*0.704/0.607 -> 0.46884969 | J4: =1/((0.33333333/(H4^2))-(1.33333333333333/(I4^2))+(0.66666666666667/(F4^2))) -> 0.072113355 | K4: =(J4*(E4-E3)+0.5*(E4-E3)*(J3-J4)) -> 0.11011687 | L4: =SUM(K$3:$K4) -> 0.12005331 | M4: =$B$38/((L4*$B$43+1)) -> 0.70163489 | N4: =(6*F4*G4*SQRT(9*(G4^6)*(0.0002^2)+16*(F4^6)*(0.0002)^2))/((4*F4^2 - 3*G4^2)^2) -> 0.00015994952 | O4: =(((E4-E3)/2)^2)*(N4^2+N5^2) -> 2.8357893e-08 | P4: =SUM(O$2:$O4) -> 2.8579504e-08 | Q4: =SQRT(((M31*0.001)^2)+((N31*0.02)^2)+((O31*P4)^2)) -> 0.0010033668 | R4: =M4^3 -> 0.34540891 | S4: =3*Q4/M4*R4 -> 0.0014818469 | T4: =R4/$R$2 -> 0.98995523 | U4: =T4*3*SQRT((Q4/M4)^2)+(0.001/$M$2)^2 -> 0.0042490481 | V4: =$B$40/((M4/$B$38)^3) -> 6.1517934 | W4: =(SQRT((0.02/$V$2)^2+(9*(0.001/$M$2)^2)+(9*(Q4/M4)^2))*V4) -> 0.042331094 | X4: =(1-((V4/$B$40)^0.66666667))/2 -> -0.0033765367 | Y4: =(SQRT((Q4/M4)^2 + (0.0002/F4)^2))*AE4 -> 0.010749116 | Z4: =SQRT((Q4/M4)^2 + (0.0002/G4)^2)*#REF! -> #REF! | AA4: =SQRT((Q4/M4)^2 + (0.0002/H4)^2)*AC4 -> 0.010185582 | AB4: =SQRT((Q4/M4)^2 + (0.0002/I4)^2)*AD4 -> 0.0044664881 | AC4: =2*M4/H4 -> 6.0890509 | AD4: =2*M4/I4 -> 2.9930056 | AE4: =2*M4/F4 -> 6.3511969 | AF4: =V4*AC4^2 -> 228.08722 | AG4: =V4*AD4^2 -> 55.108274 | AH4: =V4*AE4^2 -> 248.14921 | AI4: =AG4+0.5*AF4-AH4*0.5 -> 45.077277 | AJ4: =AH4+AI4-3*AG4 -> 127.90166 | AL4: =M4 -> 0.70163489 | AM4: =AL4^3 -> 0.34540891 | AN4: =$AM$2/AM4 -> 1.0101467 | AO4: =$AO$2/((AL4/$AL$2)^3) -> 6.1517934 | AP4: =-3*$AQ$25*((1-2*AQ4)^2.5)*(1+3*(4-$AS$25)*AQ4/2)*AQ4 -> 1.660341 | AQ4: =0.5*(1-AN4^0.666666667) -> -0.0033765367 | AR4: =(1-2*AQ4)^(3.5)*($AQ$26-$AU$26*AQ4)+AP4*3 -> 248.77643 | AS4: =(1-2*AQ4)^(3.5)*($AQ$28-$AU$28*AQ4)+AP4*1 -> 46.679321 | AT4: =(1-2*AQ4)^(3.5)*($AQ$27-$AU$27*AQ4)+AP4*1 -> 127.05466 | AU4: =AR4-AH4 -> 0.62722183 | AV4: =AS4-AI4 -> 1.6020443 | AW4: =AT4-AJ4 -> -0.84700693 | AX4: =AP4-A4 -> 0.024657527 | AZ4: 0.22094572 | BA4: 0.50583365 | BB4: =C4*0.704/0.607 -> 0.23045788 | BC4: =D4*0.704/0.607 -> 0.46884969 | BD4: 0.70163489 | BE4: =BD4^3 -> 0.34540891 | BF4: =$BE$2/BE4 -> 1.0101467 | BG4: =$BG$2/((BD4/$BD$2)^3) -> 6.1517934 | BH4: =-3*$BF$36*((1-2*BI4)^2.5)*(1+3*(4-$BF$37)*BI4/2)*BI4 -> 1.6581353 | BI4: =0.5*(1-BF4^0.666666667) -> -0.0033765367 | BJ4: =BH4-E4 -> 0.022451844 | BK4: =2*BD4/BB4 -> 6.0890509 | BL4: =2*BD4/BC4 -> 2.9930056 | BM4: =2*BD4/AZ4 -> 6.3511969 | BN4: =BG4*BK4^2 -> 228.08722 | BO4: =BG4*BL4^2 -> 55.108274 | BP4: =BG4*BM4^2 -> 248.14921 | BQ4: =BO4+0.5*BN4-BP4*0.5 -> 45.077277 | BR4: =BP4+BQ4-3*BO4 -> 127.90166 | BS4: =(1-2*BI4)^(3.5)*($BF$25-$BJ$25*BI4)+BH4*3 -> 248.599 | BT4: =(1-2*BI4)^(3.5)*($BF$27-$BJ$27*BI4)+BH4*1 -> 46.695329 | BU4: =(1-2*BI4)^(3.5)*($BF$26-$BJ$26*BI4)+BH4*1 -> 126.93382 | BV4: =BS4-BP4 -> 0.44978657 | BW4: =BT4-BQ4 -> 1.6180519 | BX4: =BU4-BR4 -> -0.9678458 | BY4: =(BS4+2*BU4)/3 -> 167.48888 | BZ4: =SQRT(BS4/BG4) -> 6.3569503 | CA4: =SQRT(BT4/BG4) -> 2.7550904 | CB4: =SQRT((0.33333334*(BS4+2*BU4+4*BT4))/BG4) -> 6.1111965 | CC4: =SQRT((0.3333334*(BS4-BU4+BT4))/BG4) -> 3.0203596 | CD4: =(BS4-BU4+3*BT4)/5 -> 52.350233 | CE4: =((5*(BS4-BU4)*BT4)/(3*(BS4-BU4)+4*BT4)) -> 51.480916 | CF4: =(CD4+CE4)/2 -> 51.915574 | CG4: =BZ4-AE4 -> 0.0057533726 | CH4: =CA4-#REF! -> #REF! | CI4: =CB4-AC4 -> 0.022145638 | CJ4: =CC4-AD4 -> 0.027354
A5: 2.4965696 | B5: 90 | C5: 0.19712307 | D5: 0.40093724 | E5: 2.4965696 | F5: 0.21874572 | G5: 0.50583365 | H5: =C5*0.704/0.607 -> 0.22862379 | I5: =D5*0.704/0.607 -> 0.46500794 | J5: =1/((0.33333333/(H5^2))-(1.33333333333333/(I5^2))+(0.66666666666667/(F5^2))) -> 0.070703364 | K5: =(J5*(E5-E4)+0.5*(E5-E4)*(J4-J5)) -> 0.061474461 | L5: =SUM(K$3:$K5) -> 0.18152777 | M5: =$B$38/((L5*$B$43+1)) -> 0.70042995 | N5: =(6*F5*G5*SQRT(9*(G5^6)*(0.0002^2)+16*(F5^6)*(0.0002)^2))/((4*F5^2 - 3*G5^2)^2) -> 0.00015618171 | O5: =(((E5-E4)/2)^2)*(N5^2+N6^2) -> 8.8434243e-09 | P5: =SUM(O$2:$O5) -> 3.7422929e-08 | Q5: =SQRT(((M32*0.001)^2)+((N32*0.02)^2)+((O32*P5)^2)) -> 0.0010050873 | R5: =M5^3 -> 0.34363242 | S5: =3*Q5/M5*R5 -> 0.001479294 | T5: =R5/$R$2 -> 0.98486375 | U5: =T5*3*SQRT((Q5/M5)^2)+(0.001/$M$2)^2 -> 0.0042417311 | V5: =$B$40/((M5/$B$38)^3) -> 6.1835964 | W5: =(SQRT((0.02/$V$2)^2+(9*(0.001/$M$2)^2)+(9*(Q5/M5)^2))*V5) -> 0.042606856 | X5: =(1-((V5/$B$40)^0.66666667))/2 -> -0.005109924 | Y5: =(SQRT((Q5/M5)^2 + (0.0002/F5)^2))*AE5 -> 0.010896412 | Z5: =SQRT((Q5/M5)^2 + (0.0002/G5)^2)*#REF! -> #REF! | AA5: =SQRT((Q5/M5)^2 + (0.0002/H5)^2)*AC5 -> 0.010297569 | AB5: =SQRT((Q5/M5)^2 + (0.0002/I5)^2)*AD5 -> 0.0045128869 | AC5: =2*M5/H5 -> 6.1273585 | AD5: =2*M5/I5 -> 3.0125505 | AE5: =2*M5/F5 -> 6.4040563 | AF5: =V5*AC5^2 -> 232.16017 | AG5: =V5*AD5^2 -> 56.118986 | AH5: =V5*AE5^2 -> 253.60127 | AI5: =AG5+0.5*AF5-AH5*0.5 -> 45.398438 | AJ5: =AH5+AI5-3*AG5 -> 130.64275 | AL5: =M5 -> 0.70042995 | AM5: =AL5^3 -> 0.34363242 | AN5: =$AM$2/AM5 -> 1.0153689 | AO5: =$AO$2/((AL5/$AL$2)^3) -> 6.1835964 | AP5: =-3*$AQ$25*((1-2*AQ5)^2.5)*(1+3*(4-$AS$25)*AQ5/2)*AQ5 -> 2.5331613 | AQ5: =0.5*(1-AN5^0.666666667) -> -0.0051099239 | AR5: =(1-2*AQ5)^(3.5)*($AQ$26-$AU$26*AQ5)+AP5*3 -> 253.40216 | AS5: =(1-2*AQ5)^(3.5)*($AQ$28-$AU$28*AQ5)+AP5*1 -> 46.899621 | AT5: =(1-2*AQ5)^(3.5)*($AQ$27-$AU$27*AQ5)+AP5*1 -> 129.6752 | AU5: =AR5-AH5 -> -0.1991055 | AV5: =AS5-AI5 -> 1.5011838 | AW5: =AT5-AJ5 -> -0.96755076 | AX5: =AP5-A5 -> 0.036591695 | AZ5: 0.21874572 | BA5: 0.50583365 | BB5: =C5*0.704/0.607 -> 0.22862379 | BC5: =D5*0.704/0.607 -> 0.46500794 | BD5: 0.70042995 | BE5: =BD5^3 -> 0.34363242 | BF5: =$BE$2/BE5 -> 1.0153689 | BG5: =$BG$2/((BD5/$BD$2)^3) -> 6.1835964 | BH5: =-3*$BF$36*((1-2*BI5)^2.5)*(1+3*(4-$BF$37)*BI5/2)*BI5 -> 2.5304503 | BI5: =0.5*(1-BF5^0.666666667) -> -0.0051099239 | BJ5: =BH5-E5 -> 0.033880777 | BK5: =2*BD5/BB5 -> 6.1273585 | BL5: =2*BD5/BC5 -> 3.0125505 | BM5: =2*BD5/AZ5 -> 6.4040563 | BN5: =BG5*BK5^2 -> 232.16017 | BO5: =BG5*BL5^2 -> 56.118986 | BP5: =BG5*BM5^2 -> 253.60127 | BQ5: =BO5+0.5*BN5-BP5*0.5 -> 45.398438 | BR5: =BP5+BQ5-3*BO5 -> 130.64275 | BS5: =(1-2*BI5)^(3.5)*($BF$25-$BJ$25*BI5)+BH5*3 -> 253.33625 | BT5: =(1-2*BI5)^(3.5)*($BF$27-$BJ$27*BI5)+BH5*1 -> 46.91351 | BU5: =(1-2*BI5)^(3.5)*($BF$26-$BJ$26*BI5)+BH5*1 -> 129.62453 | BV5: =BS5-BP5 -> -0.26501796 | BW5: =BT5-BQ5 -> 1.5150725 | BX5: =BU5-BR5 -> -1.0182158 | BY5: =(BS5+2*BU5)/3 -> 170.86177 | BZ5: =SQRT(BS5/BG5) -> 6.4007093 | CA5: =SQRT(BT5/BG5) -> 2.7544088 | CB5: =SQRT((0.33333334*(BS5+2*BU5+4*BT5))/BG5) -> 6.1438707 | CC5: =SQRT((0.3333334*(BS5-BU5+BT5))/BG5) -> 3.0327769 | CD5: =(BS5-BU5+3*BT5)/5 -> 52.89045 | CE5: =((5*(BS5-BU5)*BT5)/(3*(BS5-BU5)+4*BT5)) -> 51.931489 | CF5: =(CD5+CE5)/2 -> 52.410969 | CG5: =BZ5-AE5 -> -0.0033470526 | CH5: =CA5-#REF! -> #REF! | CI5: =CB5-AC5 -> 0.016512205 | CJ5: =CC5-AD5 -> 0.020226425
A6: 3.4435442 | B6: 120 | C6: 0.19552144 | D6: 0.39786989 | E6: 3.4435442 | F6: 0.21654572 | G6: 0.50523365 | H6: =C6*0.704/0.607 -> 0.22676622 | I6: =D6*0.704/0.607 -> 0.46145042 | J6: =1/((0.33333333/(H6^2))-(1.33333333333333/(I6^2))+(0.66666666666667/(F6^2))) -> 0.069263602 | K6: =(J6*(E6-E5)+0.5*(E6-E5)*(J5-J6)) -> 0.066272585 | L6: =SUM(K$3:$K6) -> 0.24780035 | M6: =$B$38/((L6*$B$43+1)) -> 0.6991356 | N6: =(6*F6*G6*SQRT(9*(G6^6)*(0.0002^2)+16*(F6^6)*(0.0002)^2))/((4*F6^2 - 3*G6^2)^2) -> 0.00015276458 | O6: =(((E6-E5)/2)^2)*(N6^2+N7^2) -> 1.0265501e-08 | P6: =SUM(O$2:$O6) -> 4.768843e-08 | Q6: =SQRT(((M33*0.001)^2)+((N33*0.02)^2)+((O33*P6)^2)) -> 0.0010069392 | R6: =M6^3 -> 0.3417309 | S6: =3*Q6/M6*R6 -> 0.0014765471 | T6: =R6/$R$2 -> 0.97941392 | U6: =T6*3*SQRT((Q6/M6)^2)+(0.001/$M$2)^2 -> 0.0042338587 | V6: =$B$40/((M6/$B$38)^3) -> 6.2180043 | W6: =(SQRT((0.02/$V$2)^2+(9*(0.001/$M$2)^2)+(9*(Q6/M6)^2))*V6) -> 0.042905838 | X6: =(1-((V6/$B$40)^0.66666667))/2 -> -0.0069819405 | Y6: =(SQRT((Q6/M6)^2 + (0.0002/F6)^2))*AE6 -> 0.011047943 | Z6: =SQRT((Q6/M6)^2 + (0.0002/G6)^2)*#REF! -> #REF! | AA6: =SQRT((Q6/M6)^2 + (0.0002/H6)^2)*AC6 -> 0.01041369 | AB6: =SQRT((Q6/M6)^2 + (0.0002/I6)^2)*AD6 -> 0.0045575616 | AC6: =2*M6/H6 -> 6.1661353 | AD6: =2*M6/I6 -> 3.0301656 | AE6: =2*M6/F6 -> 6.4571639 | AF6: =V6*AC6^2 -> 236.41614 | AG6: =V6*AD6^2 -> 57.093117 | AH6: =V6*AE6^2 -> 259.25947 | AI6: =AG6+0.5*AF6-AH6*0.5 -> 45.671451 | AJ6: =AH6+AI6-3*AG6 -> 133.65157 | AL6: =M6 -> 0.6991356 | AM6: =AL6^3 -> 0.3417309 | AN6: =$AM$2/AM6 -> 1.0210188 | AO6: =$AO$2/((AL6/$AL$2)^3) -> 6.2180043 | AP6: =-3*$AQ$25*((1-2*AQ6)^2.5)*(1+3*(4-$AS$25)*AQ6/2)*AQ6 -> 3.4915186 | AQ6: =0.5*(1-AN6^0.666666667) -> -0.0069819405 | AR6: =(1-2*AQ6)^(3.5)*($AQ$26-$AU$26*AQ6)+AP6*3 -> 258.44802 | AS6: =(1-2*AQ6)^(3.5)*($AQ$28-$AU$28*AQ6)+AP6*1 -> 47.126089 | AT6: =(1-2*AQ6)^(3.5)*($AQ$27-$AU$27*AQ6)+AP6*1 -> 132.54197 | AU6: =AR6-AH6 -> -0.81145344 | AV6: =AS6-AI6 -> 1.4546382 | AW6: =AT6-AJ6 -> -1.1096016 | AX6: =AP6-A6 -> 0.047974428 | AZ6: 0.21654572 | BA6: 0.50523365 | BB6: =C6*0.704/0.607 -> 0.22676622 | BC6: =D6*0.704/0.607 -> 0.46145042 | BD6: 0.69917846 | BE6: =BD6^3 -> 0.34179375 | BF6: =$BE$2/BE6 -> 1.020831 | BG6: =$BG$2/((BD6/$BD$2)^3) -> 6.2168609 | BH6: =-3*$BF$36*((1-2*BI6)^2.5)*(1+3*(4-$BF$37)*BI6/2)*BI6 -> 3.4566674 | BI6: =0.5*(1-BF6^0.666666667) -> -0.0069197855 | BJ6: =BH6-E6 -> 0.013123157 | BK6: =2*BD6/BB6 -> 6.1665134 | BL6: =2*BD6/BC6 -> 3.0303514 | BM6: =2*BD6/AZ6 -> 6.4575597 | BN6: =BG6*BK6^2 -> 236.40165 | BO6: =BG6*BL6^2 -> 57.089617 | BP6: =BG6*BM6^2 -> 259.24358 | BQ6: =BO6+0.5*BN6-BP6*0.5 -> 45.668652 | BR6: =BP6+BQ6-3*BO6 -> 133.64338 | BS6: =(1-2*BI6)^(3.5)*($BF$25-$BJ$25*BI6)+BH6*3 -> 258.33454 | BT6: =(1-2*BI6)^(3.5)*($BF$27-$BJ$27*BI6)+BH6*1 -> 47.130866 | BU6: =(1-2*BI6)^(3.5)*($BF$26-$BJ$26*BI6)+BH6*1 -> 132.47109 | BV6: =BS6-BP6 -> -0.90904596 | BW6: =BT6-BQ6 -> 1.462214 | BX6: =BU6-BR6 -> -1.172287 | BY6: =(BS6+2*BU6)/3 -> 174.42557 | BZ6: =SQRT(BS6/BG6) -> 6.446228 | CA6: =SQRT(BT6/BG6) -> 2.7533862 | CB6: =SQRT((0.33333334*(BS6+2*BU6+4*BT6))/BG6) -> 6.1777859 | CC6: =SQRT((0.3333334*(BS6-BU6+BT6))/BG6) -> 3.0455781 | CD6: =(BS6-BU6+3*BT6)/5 -> 53.451208 | CE6: =((5*(BS6-BU6)*BT6)/(3*(BS6-BU6)+4*BT6)) -> 52.392762 | CF6: =(CD6+CE6)/2 -> 52.921985 | CG6: =BZ6-AE6 -> -0.010935909 | CH6: =CA6-#REF! -> #REF! | CI6: =CB6-AC6 -> 0.011650517 | CJ6: =CC6-AD6 -> 0.015412513
A7: 4.4335632 | B7: 150 | C7: 0.19396667 | D7: 0.39485534 | E7: 4.4335632 | F7: 0.21474572 | G7: 0.50523365 | H7: =C7*0.704/0.607 -> 0.224963 | I7: =D7*0.704/0.607 -> 0.45795413 | J7: =1/((0.33333333/(H7^2))-(1.33333333333333/(I7^2))+(0.66666666666667/(F7^2))) -> 0.068095351 | K7: =(J7*(E7-E6)+0.5*(E7-E6)*(J6-J7)) -> 0.067993984 | L7: =SUM(K$3:$K7) -> 0.31579434 | M7: =$B$38/((L7*$B$43+1)) -> 0.69781259 | N7: =(6*F7*G7*SQRT(9*(G7^6)*(0.0002^2)+16*(F7^6)*(0.0002)^2))/((4*F7^2 - 3*G7^2)^2) -> 0.00014984065 | O7: =(((E7-E6)/2)^2)*(N7^2+N8^2) -> 1.0840844e-08 | P7: =SUM(O$2:$O7) -> 5.8529274e-08 | Q7: =SQRT(((M34*0.001)^2)+((N34*0.02)^2)+((O34*P7)^2)) -> 0.0010088355 | R7: =M7^3 -> 0.33979454 | S7: =3*Q7/M7*R7 -> 0.0014737344 | T7: =R7/$R$2 -> 0.97386424 | U7: =T7*3*SQRT((Q7/M7)^2)+(0.001/$M$2)^2 -> 0.0042257972 | V7: =$B$40/((M7/$B$38)^3) -> 6.2534384 | W7: =(SQRT((0.02/$V$2)^2+(9*(0.001/$M$2)^2)+(9*(Q7/M7)^2))*V7) -> 0.043214418 | X7: =(1-((V7/$B$40)^0.66666667))/2 -> -0.0089061805 | Y7: =(SQRT((Q7/M7)^2 + (0.0002/F7)^2))*AE7 -> 0.011176454 | Z7: =SQRT((Q7/M7)^2 + (0.0002/G7)^2)*#REF! -> #REF! | AA7: =SQRT((Q7/M7)^2 + (0.0002/H7)^2)*AC7 -> 0.010529045 | AB7: =SQRT((Q7/M7)^2 + (0.0002/I7)^2)*AD7 -> 0.004602474 | AC7: =2*M7/H7 -> 6.2037988 | AD7: =2*M7/I7 -> 3.0475217 | AE7: =2*M7/F7 -> 6.4989662 | AF7: =V7*AC7^2 -> 240.67683 | AG7: =V7*AD7^2 -> 58.078113 | AH7: =V7*AE7^2 -> 264.12373 | AI7: =AG7+0.5*AF7-AH7*0.5 -> 46.354661 | AJ7: =AH7+AI7-3*AG7 -> 136.24406 | AL7: =M7 -> 0.69781259 | AM7: =AL7^3 -> 0.33979454 | AN7: =$AM$2/AM7 -> 1.0268372 | AO7: =$AO$2/((AL7/$AL$2)^3) -> 6.2534384 | AP7: =-3*$AQ$25*((1-2*AQ7)^2.5)*(1+3*(4-$AS$25)*AQ7/2)*AQ7 -> 4.4937583 | AQ7: =0.5*(1-AN7^0.666666667) -> -0.0089061804 | AR7: =(1-2*AQ7)^(3.5)*($AQ$26-$AU$26*AQ7)+AP7*3 -> 263.6891 | AS7: =(1-2*AQ7)^(3.5)*($AQ$28-$AU$28*AQ7)+AP7*1 -> 47.346151 | AT7: =(1-2*AQ7)^(3.5)*($AQ$27-$AU$27*AQ7)+AP7*1 -> 135.52869 | AU7: =AR7-AH7 -> -0.43463385 | AV7: =AS7-AI7 -> 0.99148998 | AW7: =AT7-AJ7 -> -0.71536688 | AX7: =AP7-A7 -> 0.060195091 | AZ7: 0.21474572 | BA7: 0.50523365 | BB7: =C7*0.704/0.607 -> 0.224963 | BC7: =D7*0.704/0.607 -> 0.45795413 | BD7: 0.69798568 | BE7: =BD7^3 -> 0.34004746 | BF7: =$BE$2/BE7 -> 1.0260734 | BG7: =$BG$2/((BD7/$BD$2)^3) -> 6.2487872 | BH7: =-3*$BF$36*((1-2*BI7)^2.5)*(1+3*(4-$BF$37)*BI7/2)*BI7 -> 4.3589544 | BI7: =0.5*(1-BF7^0.666666667) -> -0.008653808 | BJ7: =BH7-E7 -> -0.074608816 | BK7: =2*BD7/BB7 -> 6.2053377 | BL7: =2*BD7/BC7 -> 3.0482777 | BM7: =2*BD7/AZ7 -> 6.5005782 | BN7: =BG7*BK7^2 -> 240.61715 | BO7: =BG7*BL7^2 -> 58.06371 | BP7: =BG7*BM7^2 -> 264.05824 | BQ7: =BO7+0.5*BN7-BP7*0.5 -> 46.343166 | BR7: =BP7+BQ7-3*BO7 -> 136.21027 | BS7: =(1-2*BI7)^(3.5)*($BF$25-$BJ$25*BI7)+BH7*3 -> 263.17343 | BT7: =(1-2*BI7)^(3.5)*($BF$27-$BJ$27*BI7)+BH7*1 -> 47.328844 | BU7: =(1-2*BI7)^(3.5)*($BF$26-$BJ$26*BI7)+BH7*1 -> 135.23424 | BV7: =BS7-BP7 -> -0.88480759 | BW7: =BT7-BQ7 -> 0.98567757 | BX7: =BU7-BR7 -> -0.97603377 | BY7: =(BS7+2*BU7)/3 -> 177.88063 | BZ7: =SQRT(BS7/BG7) -> 6.489678 | CA7: =SQRT(BT7/BG7) -> 2.7521055 | CB7: =SQRT((0.33333334*(BS7+2*BU7+4*BT7))/BG7) -> 6.210089 | CC7: =SQRT((0.3333334*(BS7-BU7+BT7))/BG7) -> 3.0576861 | CD7: =(BS7-BU7+3*BT7)/5 -> 53.985144 | CE7: =((5*(BS7-BU7)*BT7)/(3*(BS7-BU7)+4*BT7)) -> 52.825561 | CF7: =(CD7+CE7)/2 -> 53.405353 | CG7: =BZ7-AE7 -> -0.0092881673 | CH7: =CA7-#REF! -> #REF! | CI7: =CB7-AC7 -> 0.0062901945 | CJ7: =CC7-AD7 -> 0.010164419
A8: 5.122272 | B8: 180 | C8: 0.19293671 | D8: 0.3928225 | E8: 5.122272 | F8: 0.21334572 | G8: 0.50523365 | H8: =C8*0.704/0.607 -> 0.22376844 | I8: =D8*0.704/0.607 -> 0.45559644 | J8: =1/((0.33333333/(H8^2))-(1.33333333333333/(I8^2))+(0.66666666666667/(F8^2))) -> 0.067203485 | K8: =(J8*(E8-E7)+0.5*(E8-E7)*(J7-J8)) -> 0.046590752 | L8: =SUM(K$3:$K8) -> 0.36238509 | M8: =$B$38/((L8*$B$43+1)) -> 0.69690892 | N8: =(6*F8*G8*SQRT(9*(G8^6)*(0.0002^2)+16*(F8^6)*(0.0002)^2))/((4*F8^2 - 3*G8^2)^2) -> 0.00014761407 | O8: =(((E8-E7)/2)^2)*(N8^2+N9^2) -> 5.0935318e-09 | P8: =SUM(O$2:$O8) -> 6.3622806e-08 | Q8: =SQRT(((M35*0.001)^2)+((N35*0.02)^2)+((O35*P8)^2)) -> 0.0010101327 | R8: =M8^3 -> 0.33847615 | S8: =3*Q8/M8*R8 -> 0.00147181 | T8: =R8/$R$2 -> 0.97008568 | U8: =T8*3*SQRT((Q8/M8)^2)+(0.001/$M$2)^2 -> 0.0042202818 | V8: =$B$40/((M8/$B$38)^3) -> 6.277796 | W8: =(SQRT((0.02/$V$2)^2+(9*(0.001/$M$2)^2)+(9*(Q8/M8)^2))*V8) -> 0.043426936 | X8: =(1-((V8/$B$40)^0.66666667))/2 -> -0.01022681 | Y8: =(SQRT((Q8/M8)^2 + (0.0002/F8)^2))*AE8 -> 0.011277387 | Z8: =SQRT((Q8/M8)^2 + (0.0002/G8)^2)*#REF! -> #REF! | AA8: =SQRT((Q8/M8)^2 + (0.0002/H8)^2)*AC8 -> 0.01060686 | AB8: =SQRT((Q8/M8)^2 + (0.0002/I8)^2)*AD8 -> 0.0046332425 | AC8: =2*M8/H8 -> 6.22884 | AD8: =2*M8/I8 -> 3.0593256 | AE8: =2*M8/F8 -> 6.5331418 | AF8: =V8*AC8^2 -> 243.56874 | AG8: =V8*AD8^2 -> 58.756862 | AH8: =V8*AE8^2 -> 267.94852 | AI8: =AG8+0.5*AF8-AH8*0.5 -> 46.566971 | AJ8: =AH8+AI8-3*AG8 -> 138.24491 | AL8: =M8 -> 0.69690892 | AM8: =AL8^3 -> 0.33847615 | AN8: =$AM$2/AM8 -> 1.0308368 | AO8: =$AO$2/((AL8/$AL$2)^3) -> 6.277796 | AP8: =-3*$AQ$25*((1-2*AQ8)^2.5)*(1+3*(4-$AS$25)*AQ8/2)*AQ8 -> 5.1917316 | AQ8: =0.5*(1-AN8^0.666666667) -> -0.01022681 | AR8: =(1-2*AQ8)^(3.5)*($AQ$26-$AU$26*AQ8)+AP8*3 -> 267.31814 | AS8: =(1-2*AQ8)^(3.5)*($AQ$28-$AU$28*AQ8)+AP8*1 -> 47.489538 | AT8: =(1-2*AQ8)^(3.5)*($AQ$27-$AU$27*AQ8)+AP8*1 -> 137.60212 | AU8: =AR8-AH8 -> -0.63037844 | AV8: =AS8-AI8 -> 0.92256676 | AW8: =AT8-AJ8 -> -0.64278434 | AX8: =AP8-A8 -> 0.069459619 | AZ8: 0.21334572 | BA8: 0.50523365 | BB8: =C8*0.704/0.607 -> 0.22376844 | BC8: =D8*0.704/0.607 -> 0.45559644 | BD8: 0.69706001 | BE8: =BD8^3 -> 0.33869634 | BF8: =$BE$2/BE8 -> 1.0301666 | BG8: =$BG$2/((BD8/$BD$2)^3) -> 6.2737146 | BH8: =-3*$BF$36*((1-2*BI8)^2.5)*(1+3*(4-$BF$37)*BI8/2)*BI8 -> 5.0725441 | BI8: =0.5*(1-BF8^0.666666667) -> -0.010005645 | BJ8: =BH8-E8 -> -0.049727934 | BK8: =2*BD8/BB8 -> 6.2301904 | BL8: =2*BD8/BC8 -> 3.0599888 | BM8: =2*BD8/AZ8 -> 6.5345582 | BN8: =BG8*BK8^2 -> 243.51595 | BO8: =BG8*BL8^2 -> 58.744126 | BP8: =BG8*BM8^2 -> 267.89044 | BQ8: =BO8+0.5*BN8-BP8*0.5 -> 46.556877 | BR8: =BP8+BQ8-3*BO8 -> 138.21494 | BS8: =(1-2*BI8)^(3.5)*($BF$25-$BJ$25*BI8)+BH8*3 -> 266.97991 | BT8: =(1-2*BI8)^(3.5)*($BF$27-$BJ$27*BI8)+BH8*1 -> 47.476054 | BU8: =(1-2*BI8)^(3.5)*($BF$26-$BJ$26*BI8)+BH8*1 -> 137.41289 | BV8: =BS8-BP8 -> -0.91053669 | BW8: =BT8-BQ8 -> 0.9191771 | BX8: =BU8-BR8 -> -0.80204997 | BY8: =(BS8+2*BU8)/3 -> 180.6019 | BZ8: =SQRT(BS8/BG8) -> 6.5234435 | CA8: =SQRT(BT8/BG8) -> 2.7509008 | CB8: =SQRT((0.33333334*(BS8+2*BU8+4*BT8))/BG8) -> 6.2351437 | CC8: =SQRT((0.3333334*(BS8-BU8+BT8))/BG8) -> 3.0670192 | CD8: =(BS8-BU8+3*BT8)/5 -> 54.399035 | CE8: =((5*(BS8-BU8)*BT8)/(3*(BS8-BU8)+4*BT8)) -> 53.156539 | CF8: =(CD8+CE8)/2 -> 53.777787 | CG8: =BZ8-AE8 -> -0.0096982548 | CH8: =CA8-#REF! -> #REF! | CI8: =CB8-AC8 -> 0.0063036561 | CJ8: =CC8-AD8 -> 0.0076936602
A9: 5.7679366 | B9: 210 | C9: 0.1919993 | D9: 0.39099582 | E9: 5.7679366 | F9: 0.21174572 | G9: 0.50423365 | H9: =C9*0.704/0.607 -> 0.22268123 | I9: =D9*0.704/0.607 -> 0.45347786 | J9: =1/((0.33333333/(H9^2))-(1.33333333333333/(I9^2))+(0.66666666666667/(F9^2))) -> 0.066192868 | K9: =(J9*(E9-E8)+0.5*(E9-E8)*(J8-J9)) -> 0.043064647 | L9: =SUM(K$3:$K9) -> 0.40544974 | M9: =$B$38/((L9*$B$43+1)) -> 0.69607573 | N9: =(6*F9*G9*SQRT(9*(G9^6)*(0.0002^2)+16*(F9^6)*(0.0002)^2))/((4*F9^2 - 3*G9^2)^2) -> 0.00014548021 | O9: =(((E9-E8)/2)^2)*(N9^2+N10^2) -> 4.3650511e-09 | P9: =SUM(O$2:$O9) -> 6.7987857e-08 | Q9: =SQRT(((M36*0.001)^2)+((N36*0.02)^2)+((O36*P9)^2)) -> 0.0010113301 | R9: =M9^3 -> 0.3372636 | S9: =3*Q9/M9*R9 -> 0.0014700332 | T9: =R9/$R$2 -> 0.96661046 | U9: =T9*3*SQRT((Q9/M9)^2)+(0.001/$M$2)^2 -> 0.0042151895 | V9: =$B$40/((M9/$B$38)^3) -> 6.3003664 | W9: =(SQRT((0.02/$V$2)^2+(9*(0.001/$M$2)^2)+(9*(Q9/M9)^2))*V9) -> 0.043624147 | X9: =(1-((V9/$B$40)^0.66666667))/2 -> -0.011449013 | Y9: =(SQRT((Q9/M9)^2 + (0.0002/F9)^2))*AE9 -> 0.011393414 | Z9: =SQRT((Q9/M9)^2 + (0.0002/G9)^2)*#REF! -> #REF! | AA9: =SQRT((Q9/M9)^2 + (0.0002/H9)^2)*AC9 -> 0.010678616 | AB9: =SQRT((Q9/M9)^2 + (0.0002/I9)^2)*AD9 -> 0.0046613006 | AC9: =2*M9/H9 -> 6.2517682 | AD9: =2*M9/I9 -> 3.0699436 | AE9: =2*M9/F9 -> 6.574638 | AF9: =V9*AC9^2 -> 246.24733 | AG9: =V9*AD9^2 -> 59.378141 | AH9: =V9*AE9^2 -> 272.33878 | AI9: =AG9+0.5*AF9-AH9*0.5 -> 46.332417 | AJ9: =AH9+AI9-3*AG9 -> 140.53677 | AL9: =M9 -> 0.69607573 | AM9: =AL9^3 -> 0.3372636 | AN9: =$AM$2/AM9 -> 1.0345429 | AO9: =$AO$2/((AL9/$AL$2)^3) -> 6.3003664 | AP9: =-3*$AQ$25*((1-2*AQ9)^2.5)*(1+3*(4-$AS$25)*AQ9/2)*AQ9 -> 5.8450684 | AQ9: =0.5*(1-AN9^0.666666667) -> -0.011449013 | AR9: =(1-2*AQ9)^(3.5)*($AQ$26-$AU$26*AQ9)+AP9*3 -> 270.69999 | AS9: =(1-2*AQ9)^(3.5)*($AQ$28-$AU$28*AQ9)+AP9*1 -> 47.616577 | AT9: =(1-2*AQ9)^(3.5)*($AQ$27-$AU$27*AQ9)+AP9*1 -> 139.53825 | AU9: =AR9-AH9 -> -1.6387888 | AV9: =AS9-AI9 -> 1.28416 | AW9: =AT9-AJ9 -> -0.99852308 | AX9: =AP9-A9 -> 0.077131879 | AZ9: 0.21174572 | BA9: 0.50423365 | BB9: =C9*0.704/0.607 -> 0.22268123 | BC9: =D9*0.704/0.607 -> 0.45347786 | BD9: 0.696003 | BE9: =BD9^3 -> 0.3371579 | BF9: =$BE$2/BE9 -> 1.0348673 | BG9: =$BG$2/((BD9/$BD$2)^3) -> 6.3023416 | BH9: =-3*$BF$36*((1-2*BI9)^2.5)*(1+3*(4-$BF$37)*BI9/2)*BI9 -> 5.9019109 | BI9: =0.5*(1-BF9^0.666666667) -> -0.011555903 | BJ9: =BH9-E9 -> 0.13397438 | BK9: =2*BD9/BB9 -> 6.251115 | BL9: =2*BD9/BC9 -> 3.0696229 | BM9: =2*BD9/AZ9 -> 6.5739511 | BN9: =BG9*BK9^2 -> 246.27306 | BO9: =BG9*BL9^2 -> 59.384346 | BP9: =BG9*BM9^2 -> 272.36724 | BQ9: =BO9+0.5*BN9-BP9*0.5 -> 46.337258 | BR9: =BP9+BQ9-3*BO9 -> 140.55146 | BS9: =(1-2*BI9)^(3.5)*($BF$25-$BJ$25*BI9)+BH9*3 -> 271.38199 | BT9: =(1-2*BI9)^(3.5)*($BF$27-$BJ$27*BI9)+BH9*1 -> 47.637014 | BU9: =(1-2*BI9)^(3.5)*($BF$26-$BJ$26*BI9)+BH9*1 -> 139.93795 | BV9: =BS9-BP9 -> -0.98524891 | BW9: =BT9-BQ9 -> 1.2997554 | BX9: =BU9-BR9 -> -0.61351004 | BY9: =(BS9+2*BU9)/3 -> 183.75263 | BZ9: =SQRT(BS9/BG9) -> 6.5620501 | CA9: =SQRT(BT9/BG9) -> 2.7492947 | CB9: =SQRT((0.33333334*(BS9+2*BU9+4*BT9))/BG9) -> 6.2637377 | CC9: =SQRT((0.3333334*(BS9-BU9+BT9))/BG9) -> 3.0776078 | CD9: =(BS9-BU9+3*BT9)/5 -> 54.871016 | CE9: =((5*(BS9-BU9)*BT9)/(3*(BS9-BU9)+4*BT9)) -> 53.528926 | CF9: =(CD9+CE9)/2 -> 54.199971 | CG9: =BZ9-AE9 -> -0.012587848 | CH9: =CA9-#REF! -> #REF! | CI9: =CB9-AC9 -> 0.01196952 | CJ9: =CC9-AD9 -> 0.0076641568
A10: 6.5857783 | B10: 240 | C10: 0.19084422 | D10: 0.38885471 | E10: 6.5857783 | F10: 0.21074572 | G10: 0.50423365 | H10: =C10*0.704/0.607 -> 0.22134157 | I10: =D10*0.704/0.607 -> 0.45099459 | J10: =1/((0.33333333/(H10^2))-(1.33333333333333/(I10^2))+(0.66666666666667/(F10^2))) -> 0.065535824 | K10: =(J10*(E10-E9)+0.5*(E10-E9)*(J9-J10)) -> 0.053866612 | L10: =SUM(K$3:$K10) -> 0.45931635 | M10: =$B$38/((L10*$B$43+1)) -> 0.69503634 | N10: =(6*F10*G10*SQRT(9*(G10^6)*(0.0002^2)+16*(F10^6)*(0.0002)^2))/((4*F10^2 - 3*G10^2)^2) -> 0.00014393848 | O10: =(((E10-E9)/2)^2)*(N10^2+N11^2) -> 6.8066341e-09 | P10: =SUM(O$2:$O10) -> 7.4794491e-08 | Q10: =SQRT(((M37*0.001)^2)+((N37*0.02)^2)+((O37*P10)^2)) -> 0.0010128253 | R10: =M10^3 -> 0.33575504 | S10: =3*Q10/M10*R10 -> 0.0014678133 | T10: =R10/$R$2 -> 0.96228687 | U10: =T10*3*SQRT((Q10/M10)^2)+(0.001/$M$2)^2 -> 0.0042088271 | V10: =$B$40/((M10/$B$38)^3) -> 6.3286741 | W10: =(SQRT((0.02/$V$2)^2+(9*(0.001/$M$2)^2)+(9*(Q10/M10)^2))*V10) -> 0.043871878 | X10: =(1-((V10/$B$40)^0.66666667))/2 -> -0.012979841 | Y10: =(SQRT((Q10/M10)^2 + (0.0002/F10)^2))*AE10 -> 0.011470412 | Z10: =SQRT((Q10/M10)^2 + (0.0002/G10)^2)*#REF! -> #REF! | AA10: =SQRT((Q10/M10)^2 + (0.0002/H10)^2)*AC10 -> 0.010768265 | AB10: =SQRT((Q10/M10)^2 + (0.0002/I10)^2)*AD10 -> 0.0046948965 | AC10: =2*M10/H10 -> 6.2802151 | AD10: =2*M10/I10 -> 3.0822381 | AE10: =2*M10/F10 -> 6.5959711 | AF10: =V10*AC10^2 -> 249.60988 | AG10: =V10*AD10^2 -> 60.123616 | AH10: =V10*AE10^2 -> 275.34058 | AI10: =AG10+0.5*AF10-AH10*0.5 -> 47.258268 | AJ10: =AH10+AI10-3*AG10 -> 142.228 | AL10: =M10 -> 0.69503634 | AM10: =AL10^3 -> 0.33575504 | AN10: =$AM$2/AM10 -> 1.0391912 | AO10: =$AO$2/((AL10/$AL$2)^3) -> 6.3286741 | AP10: =-3*$AQ$25*((1-2*AQ10)^2.5)*(1+3*(4-$AS$25)*AQ10/2)*AQ10 -> 6.673446 | AQ10: =0.5*(1-AN10^0.666666667) -> -0.012979841 | AR10: =(1-2*AQ10)^(3.5)*($AQ$26-$AU$26*AQ10)+AP10*3 -> 274.96744 | AS10: =(1-2*AQ10)^(3.5)*($AQ$28-$AU$28*AQ10)+AP10*1 -> 47.767876 | AT10: =(1-2*AQ10)^(3.5)*($AQ$27-$AU$27*AQ10)+AP10*1 -> 141.98677 | AU10: =AR10-AH10 -> -0.373144 | AV10: =AS10-AI10 -> 0.50960812 | AW10: =AT10-AJ10 -> -0.24123004 | AX10: =AP10-A10 -> 0.087667724 | AZ10: 0.21074572 | BA10: 0.50423365 | BB10: =C10*0.704/0.607 -> 0.22134157 | BC10: =D10*0.704/0.607 -> 0.45099459 | BD10: 0.69529703 | BE10: =BD10^3 -> 0.33613298 | BF10: =$BE$2/BE10 -> 1.0380227 | BG10: =$BG$2/((BD10/$BD$2)^3) -> 6.3215582 | BH10: =-3*$BF$36*((1-2*BI10)^2.5)*(1+3*(4-$BF$37)*BI10/2)*BI10 -> 6.4645815 | BI10: =0.5*(1-BF10^0.666666667) -> -0.01259524 | BJ10: =BH10-E10 -> -0.12119686 | BK10: =2*BD10/BB10 -> 6.2825707 | BL10: =2*BD10/BC10 -> 3.0833941 | BM10: =2*BD10/AZ10 -> 6.5984451 | BN10: =BG10*BK10^2 -> 249.51629 | BO10: =BG10*BL10^2 -> 60.101073 | BP10: =BG10*BM10^2 -> 275.23734 | BQ10: =BO10+0.5*BN10-BP10*0.5 -> 47.240549 | BR10: =BP10+BQ10-3*BO10 -> 142.17467 | BS10: =(1-2*BI10)^(3.5)*($BF$25-$BJ$25*BI10)+BH10*3 -> 274.35541 | BT10: =(1-2*BI10)^(3.5)*($BF$27-$BJ$27*BI10)+BH10*1 -> 47.740139 | BU10: =(1-2*BI10)^(3.5)*($BF$26-$BJ$26*BI10)+BH10*1 -> 141.64684 | BV10: =BS10-BP10 -> -0.88193411 | BW10: =BT10-BQ10 -> 0.49959024 | BX10: =BU10-BR10 -> -0.52783486 | BY10: =(BS10+2*BU10)/3 -> 185.88303 | BZ10: =SQRT(BS10/BG10) -> 6.587865 | CA10: =SQRT(BT10/BG10) -> 2.7480825 | CB10: =SQRT((0.33333334*(BS10+2*BU10+4*BT10))/BG10) -> 6.2828258 | CC10: =SQRT((0.3333334*(BS10-BU10+BT10))/BG10) -> 3.0846382 | CD10: =(BS10-BU10+3*BT10)/5 -> 55.185798 | CE10: =((5*(BS10-BU10)*BT10)/(3*(BS10-BU10)+4*BT10)) -> 53.774175 | CF10: =(CD10+CE10)/2 -> 54.479987 | CG10: =BZ10-AE10 -> -0.0081060536 | CH10: =CA10-#REF! -> #REF! | CI10: =CB10-AC10 -> 0.0026106116 | CJ10: =CC10-AD10 -> 0.0024001775
A11: 7.2744872 | B11: 270 | C11: 0.18989876 | D11: 0.38724285 | E11: 7.2744872 | F11: 0.20914572 | G11: 0.50463365 | H11: =C11*0.704/0.607 -> 0.22024501 | I11: =D11*0.704/0.607 -> 0.44912515 | J11: =1/((0.33333333/(H11^2))-(1.33333333333333/(I11^2))+(0.66666666666667/(F11^2))) -> 0.064505289 | K11: =(J11*(E11-E10)+0.5*(E11-E10)*(J10-J11)) -> 0.044780232 | L11: =SUM(K$3:$K11) -> 0.50409658 | M11: =$B$38/((L11*$B$43+1)) -> 0.69417464 | N11: =(6*F11*G11*SQRT(9*(G11^6)*(0.0002^2)+16*(F11^6)*(0.0002)^2))/((4*F11^2 - 3*G11^2)^2) -> 0.00014137639 | O11: =(((E11-E10)/2)^2)*(N11^2+N12^2) -> 4.6994312e-09 | P11: =SUM(O$2:$O11) -> 7.9493922e-08 | Q11: =SQRT(((M38*0.001)^2)+((N38*0.02)^2)+((O38*P11)^2)) -> 0.0010140662 | R11: =M11^3 -> 0.33450779 | S11: =3*Q11/M11*R11 -> 0.0014659698 | T11: =R11/$R$2 -> 0.9587122 | U11: =T11*3*SQRT((Q11/M11)^2)+(0.001/$M$2)^2 -> 0.0042035437 | V11: =$B$40/((M11/$B$38)^3) -> 6.3522713 | W11: =(SQRT((0.02/$V$2)^2+(9*(0.001/$M$2)^2)+(9*(Q11/M11)^2))*V11) -> 0.044078713 | X11: =(1-((V11/$B$40)^0.66666667))/2 -> -0.014254186 | Y11: =(SQRT((Q11/M11)^2 + (0.0002/F11)^2))*AE11 -> 0.011590171 | Z11: =SQRT((Q11/M11)^2 + (0.0002/G11)^2)*#REF! -> #REF! | AA11: =SQRT((Q11/M11)^2 + (0.0002/H11)^2)*AC11 -> 0.01084268 | AB11: =SQRT((Q11/M11)^2 + (0.0002/I11)^2)*AD11 -> 0.0047208912 | AC11: =2*M11/H11 -> 6.3036581 | AD11: =2*M11/I11 -> 3.0912303 | AE11: =2*M11/F11 -> 6.6381912 | AF11: =V11*AC11^2 -> 252.41453 | AG11: =V11*AD11^2 -> 60.70043 | AH11: =V11*AE11^2 -> 279.91654 | AI11: =AG11+0.5*AF11-AH11*0.5 -> 46.949425 | AJ11: =AH11+AI11-3*AG11 -> 144.76467 | AL11: =M11 -> 0.69417464 | AM11: =AL11^3 -> 0.33450779 | AN11: =$AM$2/AM11 -> 1.0430659 | AO11: =$AO$2/((AL11/$AL$2)^3) -> 6.3522713 | AP11: =-3*$AQ$25*((1-2*AQ11)^2.5)*(1+3*(4-$AS$25)*AQ11/2)*AQ11 -> 7.3716112 | AQ11: =0.5*(1-AN11^0.666666667) -> -0.014254186 | AR11: =(1-2*AQ11)^(3.5)*($AQ$26-$AU$26*AQ11)+AP11*3 -> 278.54676 | AS11: =(1-2*AQ11)^(3.5)*($AQ$28-$AU$28*AQ11)+AP11*1 -> 47.887071 | AT11: =(1-2*AQ11)^(3.5)*($AQ$27-$AU$27*AQ11)+AP11*1 -> 144.04508 | AU11: =AR11-AH11 -> -1.3697725 | AV11: =AS11-AI11 -> 0.93764626 | AW11: =AT11-AJ11 -> -0.71958987 | AX11: =AP11-A11 -> 0.097124067 | AZ11: 0.20914572 | BA11: 0.50463365 | BB11: =C11*0.704/0.607 -> 0.22024501 | BC11: =D11*0.704/0.607 -> 0.44912515 | BD11: 0.69420529 | BE11: =BD11^3 -> 0.3345521 | BF11: =$BE$2/BE11 -> 1.0429277 | BG11: =$BG$2/((BD11/$BD$2)^3) -> 6.3514299 | BH11: =-3*$BF$36*((1-2*BI11)^2.5)*(1+3*(4-$BF$37)*BI11/2)*BI11 -> 7.3487241 | BI11: =0.5*(1-BF11^0.666666667) -> -0.014208771 | BJ11: =BH11-E11 -> 0.074236902 | BK11: =2*BD11/BB11 -> 6.3039365 | BL11: =2*BD11/BC11 -> 3.0913668 | BM11: =2*BD11/AZ11 -> 6.6384843 | BN11: =BG11*BK11^2 -> 252.40338 | BO11: =BG11*BL11^2 -> 60.69775 | BP11: =BG11*BM11^2 -> 279.90418 | BQ11: =BO11+0.5*BN11-BP11*0.5 -> 46.947352 | BR11: =BP11+BQ11-3*BO11 -> 144.75828 | BS11: =(1-2*BI11)^(3.5)*($BF$25-$BJ$25*BI11)+BH11*3 -> 279.00683 | BT11: =(1-2*BI11)^(3.5)*($BF$27-$BJ$27*BI11)+BH11*1 -> 47.89248 | BU11: =(1-2*BI11)^(3.5)*($BF$26-$BJ$26*BI11)+BH11*1 -> 144.32545 | BV11: =BS11-BP11 -> -0.89734057 | BW11: =BT11-BQ11 -> 0.94512804 | BX11: =BU11-BR11 -> -0.43283002 | BY11: =(BS11+2*BU11)/3 -> 189.21924 | BZ11: =SQRT(BS11/BG11) -> 6.6278347 | CA11: =SQRT(BT11/BG11) -> 2.7459834 | CB11: =SQRT((0.33333334*(BS11+2*BU11+4*BT11))/BG11) -> 6.3123291 | CC11: =SQRT((0.3333334*(BS11-BU11+BT11))/BG11) -> 3.0954441 | CD11: =(BS11-BU11+3*BT11)/5 -> 55.671765 | CE11: =((5*(BS11-BU11)*BT11)/(3*(BS11-BU11)+4*BT11)) -> 54.147692 | CF11: =(CD11+CE11)/2 -> 54.909729 | CG11: =BZ11-AE11 -> -0.010356516 | CH11: =CA11-#REF! -> #REF! | CI11: =CB11-AC11 -> 0.0086709465 | CJ11: =CC11-AD11 -> 0.0042138079
