Workbook

Sheet Baosheng Global
A1: V100 Pressure | B1: Oil P | C1: 2TP Au pressure corrected 111 | D1: 2TS Au pressure corrected 111 | E1: V100 Pressure | F1: 2TP Au 100 | G1: 2TS Au 100 high C44 | H1: L corrected v111 TP | I1: L correct v111 TS | J1: f(x) for cook | K1: rect+triang | L1: Sum Cook (I) | M1: Cook's Length | N1: integ unc | O1: trap uncert | P1: Trap add | Q1: L uncert | R1: Volume | S1: V ncrt | T1: V/v0 | U1: v/v0 ncrt | V1: New density | W1: rho ncrt | X1: Strain | Y1: VP100 ncrt | Z1: VS100 ncrt | AA1: VP111 ncrt | AB1: VS111 ncrt | AC1: Vp 111 | AD1: Vs 111 | AE1: Vs100 | AF1: pvs111^^2 | AG1: pvp111^2 | AH1: pvp111^2 = B | AI1: pvs111^2 = A | AJ1: C44 pVs100^2 | AK1: C12 calc | AL1: C11 calc | AN1: L | AO1: V | AP1: V0/V calc | AQ1: density | AR1: FS Pressure | AS1: finite strain f | AT1: C11 fit | AU1: C44 fit | AV1: C12 fit | AW1: C11 diff | AX1: C44 diff | AY1: C12 diff | AZ1: FSP diff | BC1: 2TP Au 100 | BD1: 2TS Au 100 high C44 | BE1: L corrected v111 TP | BF1: L correct v111 TS | BG1: L 100 | BH1: V | BI1: V0/V calc | BJ1: density | BK1: FS Pressure | BL1: finite strain f | BM1: delta P | BN1: Vp 111 | BO1: Vs 111 | BP1: Vs100 | BQ1: Vp100 | BR1: pvp111^2 = B | BS1: pvs111^2 = A | BT1: C11 from 100 | BU1: C44 pVs100^2 | BW1: C11 fit | BX1: C44 fit | BZ1: C12 fit | CA1: C11 diff | CB1: C44 diff | CC1: C12 diff | CD1: K | CE1: Vp100 FS | CF1: Vs100 FS | CG1: Vp111 FS | CH1: Vs111 FS | CJ1: GV | CK1: GR | CL1: GH | CN1: VP 100 diff | CO1: VS100 diff | CP1: VP111 diff | CQ1: VS 111 diff | CS1: C11 | CT1: C44 | CU1: C12 | CV1: < from no vp100
A2: 0 | B2: 0 | C2: 0.21010882 | D2: 0.41441731 | E2: 0 | F2: 0.22919993 | G2: 0.51092692 | H2: =C2*0.712/0.623 -> 0.24012437 | I2: =D2*0.712/0.623 -> 0.47361979 | J2: =1/((1/(H2^2))-(1.33333333333333/(G2^2))) -> 0.08172952 | L2: =SUM(K2:$K$2) -> 0 | M2: 0.704 | N2: =(6*F2*G2*SQRT(9*(G2^6)*(0.0002^2)+16*(F2^6)*(0.0002)^2))/((4*F2^2 - 3*G2^2)^2) -> 0.00017248585 | O2: =(((E2-E2)/2)^2)*(N2^2+N3^2) -> 0 | P2: =SUM(O2:$O$2) -> 0 | Q2: 0.001 | R2: =M2^3 -> 0.34891366 | S2: =3*Q2/M2*R2 -> 0.001486848 | T2: =R2/$R$2 -> 1 | U2: =T2*3*SQRT((Q2/M2)^2)+(0.001/$M$2)^2 -> 0.0042633813 | V2: =$B$40/((M2/$B$38)^3) -> 6.09 | W2: 0.01 | X2: =(1-((V2/$B$40)^0.66666667))/2 -> 0 | Y2: =(SQRT((Q2/M2)^2 + (0.0002/F2)^2))*#REF! -> #REF! | Z2: =SQRT((Q2/M2)^2 + (0.0002/G2)^2)*AE2 -> 0.0041065128 | AA2: =SQRT((Q2/M2)^2 + (0.0002/H2)^2)*AC2 -> 0.0097649912 | AB2: =SQRT((Q2/M2)^2 + (0.0002/I2)^2)*AD2 -> 0.00445551 | AC2: =2*0.712/H2 -> 5.9302602 | AD2: =2*0.712/I2 -> 3.0066311 | AE2: =2*0.712/G2 -> 2.7870914 | AF2: =V2*AD2^2 -> 55.052569 | AG2: =V2*AC2*AC2 -> 214.17304 | AH2: =V2*AC2^2 -> 214.17304 | AI2: =V2*AD2^2 -> 55.052569 | AJ2: =V2*AE2^2 -> 47.306379 | AK2: =AH2-AI2-AJ2 -> 111.81409 | AL2: =3*AI2+AK2-AJ2 -> 229.66542 | AN2: =M2 -> 0.704 | AO2: =AN2^3 -> 0.34891366 | AP2: =$AO$2/AO2 -> 1 | AQ2: 6.09 | AR2: =-3*$AZ$33*((1-2*AS2)^2.5)*(1+3*(4-$AZ$34)*AS2/2)*AS2 -> 0 | AS2: =0.5*(1-AP2^0.666666667) -> 0 | AT2: =(1-2*AS2)^(3.5)*($AZ$27-$AZ$40*AS2)+AR2*3 -> 236.4933 | AU2: =(1-2*AS2)^(3.5)*($AZ$29-$AZ$42*AS2)+AR2*1 -> 46.785203 | AV2: =(1-2*AS2)^(3.5)*($AZ$28-$AZ$41*AS2)+AR2*1 -> 120.75389 | AW2: =AT2-AL2 -> 6.8278835 | AX2: =AU2-AJ2 -> -0.52117609 | AY2: =AV2-AK2 -> 8.9398075 | AZ2: =AR2-A2 -> 0 | BC2: 0.22919993 | BD2: 0.51092692 | BE2: 0.24012437 | BF2: 0.47361979 | BG2: 0.704 | BH2: =BG2^3 -> 0.34891366 | BI2: =$BH$2/BH2 -> 1 | BJ2: 6.09 | BK2: =-3*$BD$33*((1-2*BL2)^2.5)*(1+3*(4-$BD$34)*BL2/2)*BL2 -> 0 | BL2: =0.5*(1-BI2^0.666666667) -> 0 | BM2: =BK2-E2 -> 0 | BN2: =2*0.712/BE2 -> 5.9302602 | BO2: =2*0.712/BF2 -> 3.0066311 | BP2: =2*0.712/BD2 -> 2.7870914 | BQ2: =2*0.712/BC2 -> 6.2129163 | BR2: =BJ2*BN2^2 -> 214.17304 | BS2: =BJ2*BO2^2 -> 55.052569 | BT2: =BJ2*BQ2^2 -> 235.076 | BU2: =BJ2*BP2^2 -> 47.306379 | BW2: =(1-2*BL2)^(3.5)*($BD$27-$BD$40*BL2)+BK2*3 -> 239.50441 | BX2: =(1-2*BL2)^(3.5)*($BD$29-$BD$42*BL2)+BK2*1 -> 46.445135 | BZ2: =(1-2*BL2)^(3.5)*($BD$28-$BD$41*BL2)+BK2*1 -> 121.66535 | CA2: =BW2-BT2 -> 4.428407 | CB2: =BX2-BU2 -> -0.86124342 | CC2: =BZ2-BV2 -> 121.66535 | CD2: =(BW2+2*BZ2)/3 -> 160.94504 | CE2: =SQRT(BW2/BJ2) -> 6.2711633 | CF2: =SQRT(BX2/BJ2) -> 2.7616044 | CG2: =SQRT((0.33333334*(BW2+2*BZ2+4*BX2))/BJ2) -> 6.0494933 | CH2: =SQRT((0.3333334*(BW2-BZ2+BX2))/BJ2) -> 2.9986699 | CJ2: =(BW2-BZ2+3*BX2)/5 -> 51.434893 | CK2: =((5*(BW2-BZ2)*BX2)/(3*(BW2-BZ2)+4*BX2)) -> 50.74239 | CL2: =(CJ2+CK2)/2 -> 51.088641 | CN2: =CE2-BQ2 -> 0.05824702 | CO2: =CF2-BP2 -> -0.025486941 | CP2: =CG2-BN2 -> 0.11923308 | CQ2: =CH2-BO2 -> -0.0079612424 | CS2: 236.4308 | CT2: 46.82052 | CU2: 120.73087 | DW2: o | EP2: 0
A3: 0.12913291 | B3: 30 | C3: 0.2017768 | D3: 0.41395642 | E3: 0.12913291 | F3: 0.22474572 | G3: 0.50723365 | H3: =C3*0.704/0.607 -> 0.2340212 | I3: =D3*0.704/0.607 -> 0.48010762 | J3: =1/((1/(H3^2))-(1.33333333333333/(G3^2))) -> 0.076468796 | K3: =(J3*(E3-E2)+0.5*(E3-E2)*(J2-J3)) -> 0.010214304 | L3: =SUM(K$3:$K3) -> 0.010214304 | M3: =$B$38/((L3*$B$43+1)) -> 0.70379815 | N3: =(6*F3*G3*SQRT(9*(G3^6)*(0.0002^2)+16*(F3^6)*(0.0002)^2))/((4*F3^2 - 3*G3^2)^2) -> 0.00016605784 | O3: =(((E3-E2)/2)^2)*(N3^2+N4^2) -> 2.216109e-10 | P3: =SUM(O$2:$O3) -> 2.216109e-10 | Q3: =SQRT(((M30*0.001)^2)+((N30*0.02)^2)+((O30*P3)^2)) -> 0.0010002868 | R3: =M3^3 -> 0.34861363 | S3: =3*Q3/M3*R3 -> 0.0014864217 | T3: =R3/$R$2 -> 0.9991401 | U3: =T3*3*SQRT((Q3/M3)^2)+(0.001/$M$2)^2 -> 0.0042621594 | V3: =$B$40/((M3/$B$38)^3) -> 6.0952413 | W3: =(SQRT((0.02/$V$2)^2+(9*(0.001/$M$2)^2)+(9*(Q3/M3)^2))*V3) -> 0.041842138 | X3: =(1-((V3/$B$40)^0.66666667))/2 -> -0.00028683825 | Y3: =(SQRT((Q3/M3)^2 + (0.0002/F3)^2))*#REF! -> #REF! | Z3: =SQRT((Q3/M3)^2 + (0.0002/G3)^2)*AE3 -> 0.0040930513 | AA3: =SQRT((Q3/M3)^2 + (0.0002/H3)^2)*AC3 -> 0.0099751606 | AB3: =SQRT((Q3/M3)^2 + (0.0002/I3)^2)*AD3 -> 0.0043422247 | AC3: =2*M3/H3 -> 6.014824 | AD3: =2*M3/I3 -> 2.931835 | AE3: =2*M3/G3 -> 2.7750452 | AF3: =V3*AD3^2 -> 52.3926 | AG3: =V3*AC3*AC3 -> 220.51429 | AH3: =V3*AC3^2 -> 220.51429 | AI3: =V3*AD3^2 -> 52.3926 | AJ3: =V3*AE3^2 -> 46.938697 | AK3: =AH3-AI3-AJ3 -> 121.183 | AL3: =3*AI3+AK3-AJ3 -> 231.4221 | AN3: =M3 -> 0.70379815 | AO3: =AN3^3 -> 0.34861363 | AP3: =$AO$2/AO3 -> 1.0008606 | AQ3: =$AQ$2/((AN3/$AN$2)^3) -> 6.0952413 | AR3: =-3*$AZ$33*((1-2*AS3)^2.5)*(1+3*(4-$AZ$34)*AS3/2)*AS3 -> 0.13730337 | AS3: =0.5*(1-AP3^0.666666667) -> -0.00028683825 | AT3: =(1-2*AS3)^(3.5)*($AZ$27-$AZ$40*AS3)+AR3*3 -> 237.26408 | AU3: =(1-2*AS3)^(3.5)*($AZ$29-$AZ$42*AS3)+AR3*1 -> 46.819872 | AV3: =(1-2*AS3)^(3.5)*($AZ$28-$AZ$41*AS3)+AR3*1 -> 121.1838 | AW3: =AT3-AL3 -> 5.8419826 | AX3: =AU3-AJ3 -> -0.11882546 | AY3: =AV3-AK3 -> 0.00080018869 | AZ3: =AR3-A3 -> 0.0081704626 | BC3: 0.22474572 | BD3: 0.50723365 | BE3: 0.2340212 | BF3: 0.48010762 | BG3: 0.70379815 | BH3: =BG3^3 -> 0.34861363 | BI3: =$BH$2/BH3 -> 1.0008606 | BJ3: =$BJ$2/((BG3/$BG$2)^3) -> 6.0952413 | BK3: =-3*$BD$33*((1-2*BL3)^2.5)*(1+3*(4-$BD$34)*BL3/2)*BL3 -> 0.13868894 | BL3: =0.5*(1-BI3^0.666666667) -> -0.00028683825 | BM3: =BK3-E3 -> 0.0095560346 | BN3: =2*BG3/BE3 -> 6.014824 | BO3: =2*BG3/BF3 -> 2.931835 | BP3: =2*BG3/BD3 -> 2.7750452 | BQ3: =2*BG3/BC3 -> 6.2630617 | BR3: =BJ3*BN3^2 -> 220.51429 | BS3: =BJ3*BO3^2 -> 52.3926 | BT3: =BJ3*BQ3^2 -> 239.09158 | BU3: =BJ3*BP3^2 -> 46.938697 | BW3: =(1-2*BL3)^(3.5)*($BD$27-$BD$40*BL3)+BK3*3 -> 240.26801 | BX3: =(1-2*BL3)^(3.5)*($BD$29-$BD$42*BL3)+BK3*1 -> 46.482491 | BZ3: =(1-2*BL3)^(3.5)*($BD$28-$BD$41*BL3)+BK3*1 -> 122.0967 | CA3: =BW3-BT3 -> 1.1764321 | CB3: =BX3-BU3 -> -0.45620651 | CC3: =BZ3-BV3 -> 122.0967 | CD3: =(BW3+2*BZ3)/3 -> 161.48714 | CE3: =SQRT(BW3/BJ3) -> 6.2784512 | CF3: =SQRT(BX3/BJ3) -> 2.7615267 | CG3: =SQRT((0.33333334*(BW3+2*BZ3+4*BX3))/BJ3) -> 6.0549162 | CH3: =SQRT((0.3333334*(BW3-BZ3+BX3))/BJ3) -> 3.0007502 | CJ3: =(BW3-BZ3+3*BX3)/5 -> 51.523756 | CK3: =((5*(BW3-BZ3)*BX3)/(3*(BW3-BZ3)+4*BX3)) -> 50.818381 | CL3: =(CJ3+CK3)/2 -> 51.171069 | CN3: =CE3-BQ3 -> 0.015389555 | CO3: =CF3-BP3 -> -0.013518535 | CP3: =CG3-BN3 -> 0.040092212 | CQ3: =CH3-BO3 -> 0.068915205 | CS3: 237.21415 | CT3: 46.854444 | CU3: 121.16793
A4: 1.6356835 | B4: 60 | C4: 0.19870445 | D4: 0.40424966 | E4: 1.6356835 | F4: 0.22094572 | G4: 0.50583365 | H4: =C4*0.704/0.607 -> 0.23045788 | I4: =D4*0.704/0.607 -> 0.46884969 | J4: =1/((1/(H4^2))-(1.33333333333333/(G4^2))) -> 0.073434797 | K4: =(J4*(E4-E3)+0.5*(E4-E3)*(J3-J4)) -> 0.11291867 | L4: =SUM(K$3:$K4) -> 0.12313298 | M4: =$B$38/((L4*$B$43+1)) -> 0.70157443 | N4: =(6*F4*G4*SQRT(9*(G4^6)*(0.0002^2)+16*(F4^6)*(0.0002)^2))/((4*F4^2 - 3*G4^2)^2) -> 0.00015994952 | O4: =(((E4-E3)/2)^2)*(N4^2+N5^2) -> 2.8357893e-08 | P4: =SUM(O$2:$O4) -> 2.8579504e-08 | Q4: =SQRT(((M31*0.001)^2)+((N31*0.02)^2)+((O31*P4)^2)) -> 0.0010034531 | R4: =M4^3 -> 0.34531962 | S4: =3*Q4/M4*R4 -> 0.0014817189 | T4: =R4/$R$2 -> 0.98969933 | U4: =T4*3*SQRT((Q4/M4)^2)+(0.001/$M$2)^2 -> 0.0042486812 | V4: =$B$40/((M4/$B$38)^3) -> 6.153384 | W4: =(SQRT((0.02/$V$2)^2+(9*(0.001/$M$2)^2)+(9*(Q4/M4)^2))*V4) -> 0.042344873 | X4: =(1-((V4/$B$40)^0.66666667))/2 -> -0.0034633029 | Y4: =(SQRT((Q4/M4)^2 + (0.0002/F4)^2))*#REF! -> #REF! | Z4: =SQRT((Q4/M4)^2 + (0.0002/G4)^2)*AE4 -> 0.0041163274 | AA4: =SQRT((Q4/M4)^2 + (0.0002/H4)^2)*AC4 -> 0.010185986 | AB4: =SQRT((Q4/M4)^2 + (0.0002/I4)^2)*AD4 -> 0.0044668092 | AC4: =2*M4/H4 -> 6.0885262 | AD4: =2*M4/I4 -> 2.9927477 | AE4: =2*M4/G4 -> 2.7739334 | AF4: =V4*AD4^2 -> 55.113024 | AG4: =V4*AC4*AC4 -> 228.10687 | AH4: =V4*AC4^2 -> 228.10687 | AI4: =V4*AD4^2 -> 55.113024 | AJ4: =V4*AE4^2 -> 47.348484 | AK4: =AH4-AI4-AJ4 -> 125.64536 | AL4: =3*AI4+AK4-AJ4 -> 243.63595 | AN4: =M4 -> 0.70157443 | AO4: =AN4^3 -> 0.34531962 | AP4: =$AO$2/AO4 -> 1.0104079 | AQ4: =$AQ$2/((AN4/$AN$2)^3) -> 6.153384 | AR4: =-3*$AZ$33*((1-2*AS4)^2.5)*(1+3*(4-$AZ$34)*AS4/2)*AS4 -> 1.6839307 | AS4: =0.5*(1-AP4^0.666666667) -> -0.0034633029 | AT4: =(1-2*AS4)^(3.5)*($AZ$27-$AZ$40*AS4)+AR4*3 -> 245.89237 | AU4: =(1-2*AS4)^(3.5)*($AZ$29-$AZ$42*AS4)+AR4*1 -> 47.185778 | AV4: =(1-2*AS4)^(3.5)*($AZ$28-$AZ$41*AS4)+AR4*1 -> 126.00754 | AW4: =AT4-AL4 -> 2.2564208 | AX4: =AU4-AJ4 -> -0.162706 | AY4: =AV4-AK4 -> 0.36217462 | AZ4: =AR4-A4 -> 0.048247237 | BC4: 0.22094572 | BD4: 0.50583365 | BE4: 0.23045788 | BF4: 0.46884969 | BG4: 0.70157443 | BH4: =BG4^3 -> 0.34531962 | BI4: =$BH$2/BH4 -> 1.0104079 | BJ4: =$BJ$2/((BG4/$BG$2)^3) -> 6.153384 | BK4: =-3*$BD$33*((1-2*BL4)^2.5)*(1+3*(4-$BD$34)*BL4/2)*BL4 -> 1.7005197 | BL4: =0.5*(1-BI4^0.666666667) -> -0.0034633029 | BM4: =BK4-E4 -> 0.064836213 | BN4: =2*BG4/BE4 -> 6.0885262 | BO4: =2*BG4/BF4 -> 2.9927477 | BP4: =2*BG4/BD4 -> 2.7739334 | BQ4: =2*BG4/BC4 -> 6.3506496 | BR4: =BJ4*BN4^2 -> 228.10687 | BS4: =BJ4*BO4^2 -> 55.113024 | BT4: =BJ4*BQ4^2 -> 248.1706 | BU4: =BJ4*BP4^2 -> 47.348484 | BW4: =(1-2*BL4)^(3.5)*($BD$27-$BD$40*BL4)+BK4*3 -> 248.81227 | BX4: =(1-2*BL4)^(3.5)*($BD$29-$BD$42*BL4)+BK4*1 -> 46.878476 | BZ4: =(1-2*BL4)^(3.5)*($BD$28-$BD$41*BL4)+BK4*1 -> 126.93606 | CA4: =BW4-BT4 -> 0.64166994 | CB4: =BX4-BU4 -> -0.4700087 | CC4: =BZ4-BV4 -> 126.93606 | CD4: =(BW4+2*BZ4)/3 -> 167.56146 | CE4: =SQRT(BW4/BJ4) -> 6.3588545 | CF4: =SQRT(BX4/BJ4) -> 2.7601312 | CG4: =SQRT((0.33333334*(BW4+2*BZ4+4*BX4))/BJ4) -> 6.1146177 | CH4: =SQRT((0.3333334*(BW4-BZ4+BX4))/BJ4) -> 3.0235024 | CJ4: =(BW4-BZ4+3*BX4)/5 -> 52.502327 | CK4: =((5*(BW4-BZ4)*BX4)/(3*(BW4-BZ4)+4*BX4)) -> 51.644654 | CL4: =(CJ4+CK4)/2 -> 52.07349 | CN4: =CE4-BQ4 -> 0.0082048202 | CO4: =CF4-BP4 -> -0.013802179 | CP4: =CG4-BN4 -> 0.0260915 | CQ4: =CH4-BO4 -> 0.030754719 | CS4: 245.98659 | CT4: 47.212425 | CU4: 126.07344
A5: 2.4965696 | B5: 90 | C5: 0.19712307 | D5: 0.40093724 | E5: 2.4965696 | F5: 0.21874572 | G5: 0.50583365 | H5: =C5*0.704/0.607 -> 0.22862379 | I5: =D5*0.704/0.607 -> 0.46500794 | J5: =1/((1/(H5^2))-(1.33333333333333/(G5^2))) -> 0.071834787 | K5: =(J5*(E5-E4)+0.5*(E5-E4)*(J4-J5)) -> 0.06253028 | L5: =SUM(K$3:$K5) -> 0.18566326 | M5: =$B$38/((L5*$B$43+1)) -> 0.70034904 | N5: =(6*F5*G5*SQRT(9*(G5^6)*(0.0002^2)+16*(F5^6)*(0.0002)^2))/((4*F5^2 - 3*G5^2)^2) -> 0.00015618171 | O5: =(((E5-E4)/2)^2)*(N5^2+N6^2) -> 8.8434243e-09 | P5: =SUM(O$2:$O5) -> 3.7422929e-08 | Q5: =SQRT(((M32*0.001)^2)+((N32*0.02)^2)+((O32*P5)^2)) -> 0.001005203 | R5: =M5^3 -> 0.34351335 | S5: =3*Q5/M5*R5 -> 0.0014791224 | T5: =R5/$R$2 -> 0.9845225 | U5: =T5*3*SQRT((Q5/M5)^2)+(0.001/$M$2)^2 -> 0.0042412394 | V5: =$B$40/((M5/$B$38)^3) -> 6.1857398 | W5: =(SQRT((0.02/$V$2)^2+(9*(0.001/$M$2)^2)+(9*(Q5/M5)^2))*V5) -> 0.042625462 | X5: =(1-((V5/$B$40)^0.66666667))/2 -> -0.0052266388 | Y5: =(SQRT((Q5/M5)^2 + (0.0002/F5)^2))*#REF! -> #REF! | Z5: =SQRT((Q5/M5)^2 + (0.0002/G5)^2)*AE5 -> 0.0041224874 | AA5: =SQRT((Q5/M5)^2 + (0.0002/H5)^2)*AC5 -> 0.01029811 | AB5: =SQRT((Q5/M5)^2 + (0.0002/I5)^2)*AD5 -> 0.0045133204 | AC5: =2*M5/H5 -> 6.1266507 | AD5: =2*M5/I5 -> 3.0122025 | AE5: =2*M5/G5 -> 2.7690884 | AF5: =V5*AD5^2 -> 56.125469 | AG5: =V5*AC5*AC5 -> 232.18699 | AH5: =V5*AC5^2 -> 232.18699 | AI5: =V5*AD5^2 -> 56.125469 | AJ5: =V5*AE5^2 -> 47.431329 | AK5: =AH5-AI5-AJ5 -> 128.63019 | AL5: =3*AI5+AK5-AJ5 -> 249.57527 | AN5: =M5 -> 0.70034904 | AO5: =AN5^3 -> 0.34351335 | AP5: =$AO$2/AO5 -> 1.0157208 | AQ5: =$AQ$2/((AN5/$AN$2)^3) -> 6.1857398 | AR5: =-3*$AZ$33*((1-2*AS5)^2.5)*(1+3*(4-$AZ$34)*AS5/2)*AS5 -> 2.5633424 | AS5: =0.5*(1-AP5^0.666666667) -> -0.0052266388 | AT5: =(1-2*AS5)^(3.5)*($AZ$27-$AZ$40*AS5)+AR5*3 -> 250.75581 | AU5: =(1-2*AS5)^(3.5)*($AZ$29-$AZ$42*AS5)+AR5*1 -> 47.374279 | AV5: =(1-2*AS5)^(3.5)*($AZ$28-$AZ$41*AS5)+AR5*1 -> 128.73557 | AW5: =AT5-AL5 -> 1.1805397 | AX5: =AU5-AJ5 -> -0.057049684 | AY5: =AV5-AK5 -> 0.10537817 | AZ5: =AR5-A5 -> 0.066772834 | BC5: 0.21874572 | BD5: 0.50583365 | BE5: 0.22862379 | BF5: 0.46500794 | BG5: 0.70034904 | BH5: =BG5^3 -> 0.34351335 | BI5: =$BH$2/BH5 -> 1.0157208 | BJ5: =$BJ$2/((BG5/$BG$2)^3) -> 6.1857398 | BK5: =-3*$BD$33*((1-2*BL5)^2.5)*(1+3*(4-$BD$34)*BL5/2)*BL5 -> 2.5882532 | BL5: =0.5*(1-BI5^0.666666667) -> -0.0052266388 | BM5: =BK5-E5 -> 0.091683612 | BN5: =2*BG5/BE5 -> 6.1266507 | BO5: =2*BG5/BF5 -> 3.0122025 | BP5: =2*BG5/BD5 -> 2.7690884 | BQ5: =2*BG5/BC5 -> 6.4033166 | BR5: =BJ5*BN5^2 -> 232.18699 | BS5: =BJ5*BO5^2 -> 56.125469 | BT5: =BJ5*BQ5^2 -> 253.63057 | BU5: =BJ5*BP5^2 -> 47.431329 | BW5: =(1-2*BL5)^(3.5)*($BD$27-$BD$40*BL5)+BK5*3 -> 253.6254 | BX5: =(1-2*BL5)^(3.5)*($BD$29-$BD$42*BL5)+BK5*1 -> 47.083934 | BZ5: =(1-2*BL5)^(3.5)*($BD$28-$BD$41*BL5)+BK5*1 -> 129.6724 | CA5: =BW5-BT5 -> -0.005171065 | CB5: =BX5-BU5 -> -0.34739502 | CC5: =BZ5-BV5 -> 129.6724 | CD5: =(BW5+2*BZ5)/3 -> 170.99006 | CE5: =SQRT(BW5/BJ5) -> 6.4032513 | CF5: =SQRT(BX5/BJ5) -> 2.7589291 | CG5: =SQRT((0.33333334*(BW5+2*BZ5+4*BX5))/BJ5) -> 6.1474826 | CH5: =SQRT((0.3333334*(BW5-BZ5+BX5))/BJ5) -> 3.0359075 | CJ5: =(BW5-BZ5+3*BX5)/5 -> 53.04096 | CK5: =((5*(BW5-BZ5)*BX5)/(3*(BW5-BZ5)+4*BX5)) -> 52.090768 | CL5: =(CJ5+CK5)/2 -> 52.565864 | CN5: =CE5-BQ5 -> -6.527631e-05 | CO5: =CF5-BP5 -> -0.010159271 | CP5: =CG5-BN5 -> 0.020831912 | CQ5: =CH5-BO5 -> 0.023705003 | CS5: 250.9341 | CT5: 47.396786 | CU5: 128.84886
A6: 3.4435442 | B6: 120 | C6: 0.19552144 | D6: 0.39786989 | E6: 3.4435442 | F6: 0.21654572 | G6: 0.50523365 | H6: =C6*0.704/0.607 -> 0.22676622 | I6: =D6*0.704/0.607 -> 0.46145042 | J6: =1/((1/(H6^2))-(1.33333333333333/(G6^2))) -> 0.07030781 | K6: =(J6*(E6-E5)+0.5*(E6-E5)*(J5-J6)) -> 0.067302719 | L6: =SUM(K$3:$K6) -> 0.25296598 | M6: =$B$38/((L6*$B$43+1)) -> 0.69903491 | N6: =(6*F6*G6*SQRT(9*(G6^6)*(0.0002^2)+16*(F6^6)*(0.0002)^2))/((4*F6^2 - 3*G6^2)^2) -> 0.00015276458 | O6: =(((E6-E5)/2)^2)*(N6^2+N7^2) -> 1.0265501e-08 | P6: =SUM(O$2:$O6) -> 4.768843e-08 | Q6: =SQRT(((M33*0.001)^2)+((N33*0.02)^2)+((O33*P6)^2)) -> 0.0010070834 | R6: =M6^3 -> 0.34158328 | S6: =3*Q6/M6*R6 -> 0.0014763333 | T6: =R6/$R$2 -> 0.97899082 | U6: =T6*3*SQRT((Q6/M6)^2)+(0.001/$M$2)^2 -> 0.0042332457 | V6: =$B$40/((M6/$B$38)^3) -> 6.2206916 | W6: =(SQRT((0.02/$V$2)^2+(9*(0.001/$M$2)^2)+(9*(Q6/M6)^2))*V6) -> 0.042929216 | X6: =(1-((V6/$B$40)^0.66666667))/2 -> -0.0071280005 | Y6: =(SQRT((Q6/M6)^2 + (0.0002/F6)^2))*#REF! -> #REF! | Z6: =SQRT((Q6/M6)^2 + (0.0002/G6)^2)*AE6 -> 0.0041343591 | AA6: =SQRT((Q6/M6)^2 + (0.0002/H6)^2)*AC6 -> 0.010414365 | AB6: =SQRT((Q6/M6)^2 + (0.0002/I6)^2)*AD6 -> 0.0045581055 | AC6: =2*M6/H6 -> 6.1652473 | AD6: =2*M6/I6 -> 3.0297292 | AE6: =2*M6/G6 -> 2.7671748 | AF6: =V6*AD6^2 -> 57.101341 | AG6: =V6*AC6*AC6 -> 236.45019 | AH6: =V6*AC6^2 -> 236.45019 | AI6: =V6*AD6^2 -> 57.101341 | AJ6: =V6*AE6^2 -> 47.633431 | AK6: =AH6-AI6-AJ6 -> 131.71542 | AL6: =3*AI6+AK6-AJ6 -> 255.38601 | AN6: =M6 -> 0.69903491 | AO6: =AN6^3 -> 0.34158328 | AP6: =$AO$2/AO6 -> 1.02146 | AQ6: =$AQ$2/((AN6/$AN$2)^3) -> 6.2206916 | AR6: =-3*$AZ$33*((1-2*AS6)^2.5)*(1+3*(4-$AZ$34)*AS6/2)*AS6 -> 3.5284257 | AS6: =0.5*(1-AP6^0.666666667) -> -0.0071280005 | AT6: =(1-2*AS6)^(3.5)*($AZ$27-$AZ$40*AS6)+AR6*3 -> 256.05922 | AU6: =(1-2*AS6)^(3.5)*($AZ$29-$AZ$42*AS6)+AR6*1 -> 47.565461 | AV6: =(1-2*AS6)^(3.5)*($AZ$28-$AZ$41*AS6)+AR6*1 -> 131.71776 | AW6: =AT6-AL6 -> 0.67320088 | AX6: =AU6-AJ6 -> -0.067969763 | AY6: =AV6-AK6 -> 0.0023329727 | AZ6: =AR6-A6 -> 0.084881525 | BC6: 0.21654572 | BD6: 0.50523365 | BE6: 0.22676622 | BF6: 0.46145042 | BG6: 0.69919354 | BH6: =BG6^3 -> 0.34181587 | BI6: =$BH$2/BH6 -> 1.020765 | BJ6: =$BJ$2/((BG6/$BG$2)^3) -> 6.2164587 | BK6: =-3*$BD$33*((1-2*BL6)^2.5)*(1+3*(4-$BD$34)*BL6/2)*BL6 -> 3.4434241 | BL6: =0.5*(1-BI6^0.666666667) -> -0.0068979208 | BM6: =BK6-E6 -> -0.00012007968 | BN6: =2*BG6/BE6 -> 6.1666463 | BO6: =2*BG6/BF6 -> 3.0304168 | BP6: =2*BG6/BD6 -> 2.7678028 | BQ6: =2*BG6/BC6 -> 6.457699 | BR6: =BJ6*BN6^2 -> 236.39655 | BS6: =BJ6*BO6^2 -> 57.088386 | BT6: =BJ6*BQ6^2 -> 259.23799 | BU6: =BJ6*BP6^2 -> 47.622624 | BW6: =(1-2*BL6)^(3.5)*($BD$27-$BD$40*BL6)+BK6*3 -> 258.23361 | BX6: =(1-2*BL6)^(3.5)*($BD$29-$BD$42*BL6)+BK6*1 -> 47.2689 | BZ6: =(1-2*BL6)^(3.5)*($BD$28-$BD$41*BL6)+BK6*1 -> 132.29909 | CA6: =BW6-BT6 -> -1.0043815 | CB6: =BX6-BU6 -> -0.35372388 | CC6: =BZ6-BV6 -> 132.29909 | CD6: =(BW6+2*BZ6)/3 -> 174.27726 | CE6: =SQRT(BW6/BJ6) -> 6.4451771 | CF6: =SQRT(BX6/BJ6) -> 2.7575045 | CG6: =SQRT((0.33333334*(BW6+2*BZ6+4*BX6))/BJ6) -> 6.1784509 | CH6: =SQRT((0.3333334*(BW6-BZ6+BX6))/BJ6) -> 3.0475169 | CJ6: =(BW6-BZ6+3*BX6)/5 -> 53.548245 | CK6: =((5*(BW6-BZ6)*BX6)/(3*(BW6-BZ6)+4*BX6)) -> 52.504896 | CL6: =(CJ6+CK6)/2 -> 53.02657 | CN6: =CE6-BQ6 -> -0.012521868 | CO6: =CF6-BP6 -> -0.010298285 | CP6: =CG6-BN6 -> 0.011804567 | CQ6: =CH6-BO6 -> 0.017100167 | CS6: 255.47971 | CT6: 47.5552 | CU6: 131.40435
A7: 4.4335632 | B7: 150 | C7: 0.19396667 | D7: 0.39485534 | E7: 4.4335632 | F7: 0.21474572 | G7: 0.50523365 | H7: =C7*0.704/0.607 -> 0.224963 | I7: =D7*0.704/0.607 -> 0.45795413 | J7: =1/((1/(H7^2))-(1.33333333333333/(G7^2))) -> 0.068793893 | K7: =(J7*(E7-E6)+0.5*(E7-E6)*(J6-J7)) -> 0.068856661 | L7: =SUM(K$3:$K7) -> 0.32182264 | M7: =$B$38/((L7*$B$43+1)) -> 0.69769553 | N7: =(6*F7*G7*SQRT(9*(G7^6)*(0.0002^2)+16*(F7^6)*(0.0002)^2))/((4*F7^2 - 3*G7^2)^2) -> 0.00014984065 | O7: =(((E7-E6)/2)^2)*(N7^2+N8^2) -> 1.0840844e-08 | P7: =SUM(O$2:$O7) -> 5.8529274e-08 | Q7: =SQRT(((M34*0.001)^2)+((N34*0.02)^2)+((O34*P7)^2)) -> 0.0010090035 | R7: =M7^3 -> 0.33962357 | S7: =3*Q7/M7*R7 -> 0.0014734853 | T7: =R7/$R$2 -> 0.97337423 | U7: =T7*3*SQRT((Q7/M7)^2)+(0.001/$M$2)^2 -> 0.0042250832 | V7: =$B$40/((M7/$B$38)^3) -> 6.2565864 | W7: =(SQRT((0.02/$V$2)^2+(9*(0.001/$M$2)^2)+(9*(Q7/M7)^2))*V7) -> 0.043241866 | X7: =(1-((V7/$B$40)^0.66666667))/2 -> -0.0090769582 | Y7: =(SQRT((Q7/M7)^2 + (0.0002/F7)^2))*#REF! -> #REF! | Z7: =SQRT((Q7/M7)^2 + (0.0002/G7)^2)*AE7 -> 0.0041411342 | AA7: =SQRT((Q7/M7)^2 + (0.0002/H7)^2)*AC7 -> 0.010529832 | AB7: =SQRT((Q7/M7)^2 + (0.0002/I7)^2)*AD7 -> 0.0046031116 | AC7: =2*M7/H7 -> 6.2027582 | AD7: =2*M7/I7 -> 3.0470105 | AE7: =2*M7/G7 -> 2.7618728 | AF7: =V7*AD7^2 -> 58.087857 | AG7: =V7*AC7*AC7 -> 240.71721 | AH7: =V7*AC7^2 -> 240.71721 | AI7: =V7*AD7^2 -> 58.087857 | AJ7: =V7*AE7^2 -> 47.724874 | AK7: =AH7-AI7-AJ7 -> 134.90448 | AL7: =3*AI7+AK7-AJ7 -> 261.44318 | AN7: =M7 -> 0.69769553 | AO7: =AN7^3 -> 0.33962357 | AP7: =$AO$2/AO7 -> 1.0273541 | AQ7: =$AQ$2/((AN7/$AN$2)^3) -> 6.2565864 | AR7: =-3*$AZ$33*((1-2*AS7)^2.5)*(1+3*(4-$AZ$34)*AS7/2)*AS7 -> 4.5359445 | AS7: =0.5*(1-AP7^0.666666667) -> -0.0090769582 | AT7: =(1-2*AS7)^(3.5)*($AZ$27-$AZ$40*AS7)+AR7*3 -> 261.55952 | AU7: =(1-2*AS7)^(3.5)*($AZ$29-$AZ$42*AS7)+AR7*1 -> 47.74809 | AV7: =(1-2*AS7)^(3.5)*($AZ$28-$AZ$41*AS7)+AR7*1 -> 134.8187 | AW7: =AT7-AL7 -> 0.11634034 | AX7: =AU7-AJ7 -> 0.0232161 | AY7: =AV7-AK7 -> -0.085785868 | AZ7: =AR7-A7 -> 0.10238136 | BC7: 0.21474572 | BD7: 0.50523365 | BE7: 0.224963 | BF7: 0.45795413 | BG7: 0.69788513 | BH7: =BG7^3 -> 0.33990052 | BI7: =$BH$2/BH7 -> 1.026517 | BJ7: =$BJ$2/((BG7/$BG$2)^3) -> 6.2514886 | BK7: =-3*$BD$33*((1-2*BL7)^2.5)*(1+3*(4-$BD$34)*BL7/2)*BL7 -> 4.4333338 | BL7: =0.5*(1-BI7^0.666666667) -> -0.0088003907 | BM7: =BK7-E7 -> -0.00022941362 | BN7: =2*BG7/BE7 -> 6.2044437 | BO7: =2*BG7/BF7 -> 3.0478385 | BP7: =2*BG7/BD7 -> 2.7626233 | BQ7: =2*BG7/BC7 -> 6.4996418 | BR7: =BJ7*BN7^2 -> 240.65182 | BS7: =BJ7*BO7^2 -> 58.072076 | BT7: =BJ7*BQ7^2 -> 264.09628 | BU7: =BJ7*BP7^2 -> 47.711908 | BW7: =(1-2*BL7)^(3.5)*($BD$27-$BD$40*BL7)+BK7*3 -> 263.53439 | BX7: =(1-2*BL7)^(3.5)*($BD$29-$BD$42*BL7)+BK7*1 -> 47.467596 | BZ7: =(1-2*BL7)^(3.5)*($BD$28-$BD$41*BL7)+BK7*1 -> 135.32875 | CA7: =BW7-BT7 -> -0.56189495 | CB7: =BX7-BU7 -> -0.24431258 | CC7: =BZ7-BV7 -> 135.32875 | CD7: =(BW7+2*BZ7)/3 -> 178.06396 | CE7: =SQRT(BW7/BJ7) -> 6.4927237 | CF7: =SQRT(BX7/BJ7) -> 2.7555411 | CG7: =SQRT((0.33333334*(BW7+2*BZ7+4*BX7))/BJ7) -> 6.2134902 | CH7: =SQRT((0.3333334*(BW7-BZ7+BX7))/BJ7) -> 3.0605571 | CJ7: =(BW7-BZ7+3*BX7)/5 -> 54.121684 | CK7: =((5*(BW7-BZ7)*BX7)/(3*(BW7-BZ7)+4*BX7)) -> 52.965604 | CL7: =(CJ7+CK7)/2 -> 53.543644 | CN7: =CE7-BQ7 -> -0.0069180463 | CO7: =CF7-BP7 -> -0.0070821928 | CP7: =CG7-BN7 -> 0.009046449 | CQ7: =CH7-BO7 -> 0.012718578 | CS7: 261.45855 | CT7: 47.747765 | CU7: 134.77353
A8: 5.122272 | B8: 180 | C8: 0.19293671 | D8: 0.3928225 | E8: 5.122272 | F8: 0.21334572 | G8: 0.50523365 | H8: =C8*0.704/0.607 -> 0.22376844 | I8: =D8*0.704/0.607 -> 0.45559644 | J8: =1/((1/(H8^2))-(1.33333333333333/(G8^2))) -> 0.067807165 | K8: =(J8*(E8-E7)+0.5*(E8-E7)*(J7-J8)) -> 0.047039178 | L8: =SUM(K$3:$K8) -> 0.36886182 | M8: =$B$38/((L8*$B$43+1)) -> 0.69678348 | N8: =(6*F8*G8*SQRT(9*(G8^6)*(0.0002^2)+16*(F8^6)*(0.0002)^2))/((4*F8^2 - 3*G8^2)^2) -> 0.00014761407 | O8: =(((E8-E7)/2)^2)*(N8^2+N9^2) -> 5.0935318e-09 | P8: =SUM(O$2:$O8) -> 6.3622806e-08 | Q8: =SQRT(((M35*0.001)^2)+((N35*0.02)^2)+((O35*P8)^2)) -> 0.0010103129 | R8: =M8^3 -> 0.33829342 | S8: =3*Q8/M8*R8 -> 0.0014715427 | T8: =R8/$R$2 -> 0.96956196 | U8: =T8*3*SQRT((Q8/M8)^2)+(0.001/$M$2)^2 -> 0.0042195156 | V8: =$B$40/((M8/$B$38)^3) -> 6.281187 | W8: =(SQRT((0.02/$V$2)^2+(9*(0.001/$M$2)^2)+(9*(Q8/M8)^2))*V8) -> 0.043456547 | X8: =(1-((V8/$B$40)^0.66666667))/2 -> -0.010410531 | Y8: =(SQRT((Q8/M8)^2 + (0.0002/F8)^2))*#REF! -> #REF! | Z8: =SQRT((Q8/M8)^2 + (0.0002/G8)^2)*AE8 -> 0.0041457574 | AA8: =SQRT((Q8/M8)^2 + (0.0002/H8)^2)*AC8 -> 0.010607705 | AB8: =SQRT((Q8/M8)^2 + (0.0002/I8)^2)*AD8 -> 0.0046339294 | AC8: =2*M8/H8 -> 6.2277189 | AD8: =2*M8/I8 -> 3.0587749 | AE8: =2*M8/G8 -> 2.7582624 | AF8: =V8*AD8^2 -> 58.767439 | AG8: =V8*AC8*AC8 -> 243.61259 | AH8: =V8*AC8^2 -> 243.61259 | AI8: =V8*AD8^2 -> 58.767439 | AJ8: =V8*AE8^2 -> 47.787343 | AK8: =AH8-AI8-AJ8 -> 137.05781 | AL8: =3*AI8+AK8-AJ8 -> 265.57278 | AN8: =M8 -> 0.69678348 | AO8: =AN8^3 -> 0.33829342 | AP8: =$AO$2/AO8 -> 1.0313936 | AQ8: =$AQ$2/((AN8/$AN$2)^3) -> 6.281187 | AR8: =-3*$AZ$33*((1-2*AS8)^2.5)*(1+3*(4-$AZ$34)*AS8/2)*AS8 -> 5.2360789 | AS8: =0.5*(1-AP8^0.666666667) -> -0.010410531 | AT8: =(1-2*AS8)^(3.5)*($AZ$27-$AZ$40*AS8)+AR8*3 -> 265.36068 | AU8: =(1-2*AS8)^(3.5)*($AZ$29-$AZ$42*AS8)+AR8*1 -> 47.865089 | AV8: =(1-2*AS8)^(3.5)*($AZ$28-$AZ$41*AS8)+AR8*1 -> 136.96644 | AW8: =AT8-AL8 -> -0.21210676 | AX8: =AU8-AJ8 -> 0.077746641 | AY8: =AV8-AK8 -> -0.091370767 | AZ8: =AR8-A8 -> 0.11380683 | BC8: 0.21334572 | BD8: 0.50523365 | BE8: 0.22376844 | BF8: 0.45559644 | BG8: 0.69699221 | BH8: =BG8^3 -> 0.33859752 | BI8: =$BH$2/BH8 -> 1.0304673 | BJ8: =$BJ$2/((BG8/$BG$2)^3) -> 6.2755457 | BK8: =-3*$BD$33*((1-2*BL8)^2.5)*(1+3*(4-$BD$34)*BL8/2)*BL8 -> 5.1222801 | BL8: =0.5*(1-BI8^0.666666667) -> -0.010104876 | BM8: =BK8-E8 -> 8.1073846e-06 | BN8: =2*BG8/BE8 -> 6.2295844 | BO8: =2*BG8/BF8 -> 3.0596912 | BP8: =2*BG8/BD8 -> 2.7590886 | BQ8: =2*BG8/BC8 -> 6.5339226 | BR8: =BJ8*BN8^2 -> 243.53964 | BS8: =BJ8*BO8^2 -> 58.74984 | BT8: =BJ8*BQ8^2 -> 267.9165 | BU8: =BJ8*BP8^2 -> 47.773032 | BW8: =(1-2*BL8)^(3.5)*($BD$27-$BD$40*BL8)+BK8*3 -> 267.20305 | BX8: =(1-2*BL8)^(3.5)*($BD$29-$BD$42*BL8)+BK8*1 -> 47.596376 | BZ8: =(1-2*BL8)^(3.5)*($BD$28-$BD$41*BL8)+BK8*1 -> 137.43069 | CA8: =BW8-BT8 -> -0.71345559 | CB8: =BX8-BU8 -> -0.17665604 | CC8: =BZ8-BV8 -> 137.43069 | CD8: =(BW8+2*BZ8)/3 -> 180.68814 | CE8: =SQRT(BW8/BJ8) -> 6.5252169 | CF8: =SQRT(BX8/BJ8) -> 2.7539826 | CG8: =SQRT((0.33333334*(BW8+2*BZ8+4*BX8))/BJ8) -> 6.2373857 | CH8: =SQRT((0.3333334*(BW8-BZ8+BX8))/BJ8) -> 3.0693909 | CJ8: =(BW8-BZ8+3*BX8)/5 -> 54.512297 | CK8: =((5*(BW8-BZ8)*BX8)/(3*(BW8-BZ8)+4*BX8)) -> 53.274681 | CL8: =(CJ8+CK8)/2 -> 53.893489 | CN8: =CE8-BQ8 -> -0.0087056436 | CO8: =CF8-BP8 -> -0.0051060303 | CP8: =CG8-BN8 -> 0.0078012549 | CQ8: =CH8-BO8 -> 0.0096997027 | CS8: 265.52084 | CT8: 47.868486 | CU8: 137.06782
A9: 5.7679366 | B9: 210 | C9: 0.1919993 | D9: 0.39099582 | E9: 5.7679366 | F9: 0.21174572 | G9: 0.50423365 | H9: =C9*0.704/0.607 -> 0.22268123 | I9: =D9*0.704/0.607 -> 0.45347786 | J9: =1/((1/(H9^2))-(1.33333333333333/(G9^2))) -> 0.067013107 | K9: =(J9*(E9-E8)+0.5*(E9-E8)*(J8-J9)) -> 0.043524335 | L9: =SUM(K$3:$K9) -> 0.41238615 | M9: =$B$38/((L9*$B$43+1)) -> 0.69594171 | N9: =(6*F9*G9*SQRT(9*(G9^6)*(0.0002^2)+16*(F9^6)*(0.0002)^2))/((4*F9^2 - 3*G9^2)^2) -> 0.00014548021 | O9: =(((E9-E8)/2)^2)*(N9^2+N10^2) -> 4.3650511e-09 | P9: =SUM(O$2:$O9) -> 6.7987857e-08 | Q9: =SQRT(((M36*0.001)^2)+((N36*0.02)^2)+((O36*P9)^2)) -> 0.0010115228 | R9: =M9^3 -> 0.33706883 | S9: =3*Q9/M9*R9 -> 0.0014697472 | T9: =R9/$R$2 -> 0.96605226 | U9: =T9*3*SQRT((Q9/M9)^2)+(0.001/$M$2)^2 -> 0.0042143698 | V9: =$B$40/((M9/$B$38)^3) -> 6.3040068 | W9: =(SQRT((0.02/$V$2)^2+(9*(0.001/$M$2)^2)+(9*(Q9/M9)^2))*V9) -> 0.043655982 | X9: =(1-((V9/$B$40)^0.66666667))/2 -> -0.01164601 | Y9: =(SQRT((Q9/M9)^2 + (0.0002/F9)^2))*#REF! -> #REF! | Z9: =SQRT((Q9/M9)^2 + (0.0002/G9)^2)*AE9 -> 0.0041588313 | AA9: =SQRT((Q9/M9)^2 + (0.0002/H9)^2)*AC9 -> 0.010679519 | AB9: =SQRT((Q9/M9)^2 + (0.0002/I9)^2)*AD9 -> 0.0046620381 | AC9: =2*M9/H9 -> 6.2505645 | AD9: =2*M9/I9 -> 3.0693525 | AE9: =2*M9/G9 -> 2.7603938 | AF9: =V9*AD9^2 -> 59.389576 | AG9: =V9*AC9*AC9 -> 246.29475 | AH9: =V9*AC9^2 -> 246.29475 | AI9: =V9*AD9^2 -> 59.389576 | AJ9: =V9*AE9^2 -> 48.035106 | AK9: =AH9-AI9-AJ9 -> 138.87007 | AL9: =3*AI9+AK9-AJ9 -> 269.00369 | AN9: =M9 -> 0.69594171 | AO9: =AN9^3 -> 0.33706883 | AP9: =$AO$2/AO9 -> 1.0351407 | AQ9: =$AQ$2/((AN9/$AN$2)^3) -> 6.3040068 | AR9: =-3*$AZ$33*((1-2*AS9)^2.5)*(1+3*(4-$AZ$34)*AS9/2)*AS9 -> 5.8925514 | AS9: =0.5*(1-AP9^0.666666667) -> -0.01164601 | AT9: =(1-2*AS9)^(3.5)*($AZ$27-$AZ$40*AS9)+AR9*3 -> 268.90959 | AU9: =(1-2*AS9)^(3.5)*($AZ$29-$AZ$42*AS9)+AR9*1 -> 47.967592 | AV9: =(1-2*AS9)^(3.5)*($AZ$28-$AZ$41*AS9)+AR9*1 -> 138.97512 | AW9: =AT9-AL9 -> -0.094105217 | AX9: =AU9-AJ9 -> -0.067514132 | AY9: =AV9-AK9 -> 0.10505041 | AZ9: =AR9-A9 -> 0.12461482 | BC9: 0.21174572 | BD9: 0.50423365 | BE9: 0.22268123 | BF9: 0.45347786 | BG9: 0.69616709 | BH9: =BG9^3 -> 0.33739642 | BI9: =$BH$2/BH9 -> 1.0341356 | BJ9: =$BJ$2/((BG9/$BG$2)^3) -> 6.297886 | BK9: =-3*$BD$33*((1-2*BL9)^2.5)*(1+3*(4-$BD$34)*BL9/2)*BL9 -> 5.7687227 | BL9: =0.5*(1-BI9^0.666666667) -> -0.011314774 | BM9: =BK9-E9 -> 0.00078618576 | BN9: =2*BG9/BE9 -> 6.2525888 | BO9: =2*BG9/BF9 -> 3.0703466 | BP9: =2*BG9/BD9 -> 2.7612877 | BQ9: =2*BG9/BC9 -> 6.575501 | BR9: =BJ9*BN9^2 -> 246.21501 | BS9: =BJ9*BO9^2 -> 59.370348 | BT9: =BJ9*BQ9^2 -> 272.30304 | BU9: =BJ9*BP9^2 -> 48.019555 | BW9: =(1-2*BL9)^(3.5)*($BD$27-$BD$40*BL9)+BK9*3 -> 270.63052 | BX9: =(1-2*BL9)^(3.5)*($BD$29-$BD$42*BL9)+BK9*1 -> 47.710284 | BZ9: =(1-2*BL9)^(3.5)*($BD$28-$BD$41*BL9)+BK9*1 -> 139.39819 | CA9: =BW9-BT9 -> -1.6725179 | CB9: =BX9-BU9 -> -0.30927091 | CC9: =BZ9-BV9 -> 139.39819 | CD9: =(BW9+2*BZ9)/3 -> 183.1423 | CE9: =SQRT(BW9/BJ9) -> 6.5552761 | CF9: =SQRT(BX9/BJ9) -> 2.7523813 | CG9: =SQRT((0.33333334*(BW9+2*BZ9+4*BX9))/BJ9) -> 6.2594543 | CH9: =SQRT((0.3333334*(BW9-BZ9+BX9))/BJ9) -> 3.077506 | CJ9: =(BW9-BZ9+3*BX9)/5 -> 54.872637 | CK9: =((5*(BW9-BZ9)*BX9)/(3*(BW9-BZ9)+4*BX9)) -> 53.556231 | CL9: =(CJ9+CK9)/2 -> 54.214434 | CN9: =CE9-BQ9 -> -0.020224861 | CO9: =CF9-BP9 -> -0.0089064285 | CP9: =CG9-BN9 -> 0.0068655511 | CQ9: =CH9-BO9 -> 0.0071594292 | CS9: 268.88151 | CT9: 47.962234 | CU9: 138.96893
A10: 6.5857783 | B10: 240 | C10: 0.19084422 | D10: 0.38885471 | E10: 6.5857783 | F10: 0.21074572 | G10: 0.50423365 | H10: =C10*0.704/0.607 -> 0.22134157 | I10: =D10*0.704/0.607 -> 0.45099459 | J10: =1/((1/(H10^2))-(1.33333333333333/(G10^2))) -> 0.065931277 | K10: =(J10*(E10-E9)+0.5*(E10-E9)*(J9-J10)) -> 0.054363734 | L10: =SUM(K$3:$K10) -> 0.46674988 | M10: =$B$38/((L10*$B$43+1)) -> 0.69489315 | N10: =(6*F10*G10*SQRT(9*(G10^6)*(0.0002^2)+16*(F10^6)*(0.0002)^2))/((4*F10^2 - 3*G10^2)^2) -> 0.00014393848 | O10: =(((E10-E9)/2)^2)*(N10^2+N11^2) -> 6.8066341e-09 | P10: =SUM(O$2:$O10) -> 7.4794491e-08 | Q10: =SQRT(((M37*0.001)^2)+((N37*0.02)^2)+((O37*P10)^2)) -> 0.0010130314 | R10: =M10^3 -> 0.33554756 | S10: =3*Q10/M10*R10 -> 0.0014675072 | T10: =R10/$R$2 -> 0.96169224 | U10: =T10*3*SQRT((Q10/M10)^2)+(0.001/$M$2)^2 -> 0.0042079497 | V10: =$B$40/((M10/$B$38)^3) -> 6.3325872 | W10: =(SQRT((0.02/$V$2)^2+(9*(0.001/$M$2)^2)+(9*(Q10/M10)^2))*V10) -> 0.043906156 | X10: =(1-((V10/$B$40)^0.66666667))/2 -> -0.013191274 | Y10: =(SQRT((Q10/M10)^2 + (0.0002/F10)^2))*#REF! -> #REF! | Z10: =SQRT((Q10/M10)^2 + (0.0002/G10)^2)*AE10 -> 0.0041641711 | AA10: =SQRT((Q10/M10)^2 + (0.0002/H10)^2)*AC10 -> 0.010769232 | AB10: =SQRT((Q10/M10)^2 + (0.0002/I10)^2)*AD10 -> 0.004695689 | AC10: =2*M10/H10 -> 6.2789213 | AD10: =2*M10/I10 -> 3.0816031 | AE10: =2*M10/G10 -> 2.7562347 | AF10: =V10*AD10^2 -> 60.136005 | AG10: =V10*AC10*AC10 -> 249.66132 | AH10: =V10*AC10^2 -> 249.66132 | AI10: =V10*AD10^2 -> 60.136005 | AJ10: =V10*AE10^2 -> 48.107589 | AK10: =AH10-AI10-AJ10 -> 141.41772 | AL10: =3*AI10+AK10-AJ10 -> 273.71815 | AN10: =M10 -> 0.69489315 | AO10: =AN10^3 -> 0.33554756 | AP10: =$AO$2/AO10 -> 1.0398337 | AQ10: =$AQ$2/((AN10/$AN$2)^3) -> 6.3325872 | AR10: =-3*$AZ$33*((1-2*AS10)^2.5)*(1+3*(4-$AZ$34)*AS10/2)*AS10 -> 6.7243002 | AS10: =0.5*(1-AP10^0.666666667) -> -0.013191274 | AT10: =(1-2*AS10)^(3.5)*($AZ$27-$AZ$40*AS10)+AR10*3 -> 273.38551 | AU10: =(1-2*AS10)^(3.5)*($AZ$29-$AZ$42*AS10)+AR10*1 -> 48.087675 | AV10: =(1-2*AS10)^(3.5)*($AZ$28-$AZ$41*AS10)+AR10*1 -> 141.51324 | AW10: =AT10-AL10 -> -0.33263799 | AX10: =AU10-AJ10 -> -0.019913456 | AY10: =AV10-AK10 -> 0.095515332 | AZ10: =AR10-A10 -> 0.13852186 | BC10: 0.21074572 | BD10: 0.50423365 | BE10: 0.22134157 | BF10: 0.45099459 | BG10: 0.69514129 | BH10: =BG10^3 -> 0.33590716 | BI10: =$BH$2/BH10 -> 1.0387205 | BJ10: =$BJ$2/((BG10/$BG$2)^3) -> 6.325808 | BK10: =-3*$BD$33*((1-2*BL10)^2.5)*(1+3*(4-$BD$34)*BL10/2)*BL10 -> 6.5857198 | BL10: =0.5*(1-BI10^0.666666667) -> -0.012824951 | BM10: =BK10-E10 -> -5.8548984e-05 | BN10: =2*BG10/BE10 -> 6.2811635 | BO10: =2*BG10/BF10 -> 3.0827035 | BP10: =2*BG10/BD10 -> 2.757219 | BQ10: =2*BG10/BC10 -> 6.5969671 | BR10: =BJ10*BN10^2 -> 249.5722 | BS10: =BJ10*BO10^2 -> 60.114538 | BT10: =BJ10*BQ10^2 -> 275.29901 | BU10: =BJ10*BP10^2 -> 48.090416 | BW10: =(1-2*BL10)^(3.5)*($BD$27-$BD$40*BL10)+BK10*3 -> 274.94226 | BX10: =(1-2*BL10)^(3.5)*($BD$29-$BD$42*BL10)+BK10*1 -> 47.844851 | BZ10: =(1-2*BL10)^(3.5)*($BD$28-$BD$41*BL10)+BK10*1 -> 141.8784 | CA10: =BW10-BT10 -> -0.35675146 | CB10: =BX10-BU10 -> -0.24556414 | CC10: =BZ10-BV10 -> 141.8784 | CD10: =(BW10+2*BZ10)/3 -> 186.23302 | CE10: =SQRT(BW10/BJ10) -> 6.5926913 | CF10: =SQRT(BX10/BJ10) -> 2.7501704 | CG10: =SQRT((0.33333334*(BW10+2*BZ10+4*BX10))/BJ10) -> 6.2868735 | CH10: =SQRT((0.3333334*(BW10-BZ10+BX10))/BJ10) -> 3.0875297 | CJ10: =(BW10-BZ10+3*BX10)/5 -> 55.319682 | CK10: =((5*(BW10-BZ10)*BX10)/(3*(BW10-BZ10)+4*BX10)) -> 53.900553 | CL10: =(CJ10+CK10)/2 -> 54.610117 | CN10: =CE10-BQ10 -> -0.0042757884 | CO10: =CF10-BP10 -> -0.0070486047 | CP10: =CG10-BN10 -> 0.0057100189 | CQ10: =CH10-BO10 -> 0.0048262206 | CS10: 273.54667 | CT10: 48.083272 | CU10: 141.6126
A11: 7.2744872 | B11: 270 | C11: 0.18989876 | D11: 0.38724285 | E11: 7.2744872 | F11: 0.20914572 | G11: 0.50463365 | H11: =C11*0.704/0.607 -> 0.22024501 | I11: =D11*0.704/0.607 -> 0.44912515 | J11: =1/((1/(H11^2))-(1.33333333333333/(G11^2))) -> 0.065022155 | K11: =(J11*(E11-E10)+0.5*(E11-E10)*(J10-J11)) -> 0.045094393 | L11: =SUM(K$3:$K11) -> 0.51184428 | M11: =$B$38/((L11*$B$43+1)) -> 0.69402577 | N11: =(6*F11*G11*SQRT(9*(G11^6)*(0.0002^2)+16*(F11^6)*(0.0002)^2))/((4*F11^2 - 3*G11^2)^2) -> 0.00014137639 | O11: =(((E11-E10)/2)^2)*(N11^2+N12^2) -> 4.6994312e-09 | P11: =SUM(O$2:$O11) -> 7.9493922e-08 | Q11: =SQRT(((M38*0.001)^2)+((N38*0.02)^2)+((O38*P11)^2)) -> 0.0010142807 | R11: =M11^3 -> 0.33429262 | S11: =3*Q11/M11*R11 -> 0.0014656511 | T11: =R11/$R$2 -> 0.95809552 | U11: =T11*3*SQRT((Q11/M11)^2)+(0.001/$M$2)^2 -> 0.0042026301 | V11: =$B$40/((M11/$B$38)^3) -> 6.35636 | W11: =(SQRT((0.02/$V$2)^2+(9*(0.001/$M$2)^2)+(9*(Q11/M11)^2))*V11) -> 0.044114581 | X11: =(1-((V11/$B$40)^0.66666667))/2 -> -0.014474829 | Y11: =(SQRT((Q11/M11)^2 + (0.0002/F11)^2))*#REF! -> #REF! | Z11: =SQRT((Q11/M11)^2 + (0.0002/G11)^2)*AE11 -> 0.0041650642 | AA11: =SQRT((Q11/M11)^2 + (0.0002/H11)^2)*AC11 -> 0.010843687 | AB11: =SQRT((Q11/M11)^2 + (0.0002/I11)^2)*AD11 -> 0.0047217188 | AC11: =2*M11/H11 -> 6.3023063 | AD11: =2*M11/I11 -> 3.0905674 | AE11: =2*M11/G11 -> 2.7506123 | AF11: =V11*AD11^2 -> 60.713451 | AG11: =V11*AC11*AC11 -> 252.46867 | AH11: =V11*AC11^2 -> 252.46867 | AI11: =V11*AD11^2 -> 60.713451 | AJ11: =V11*AE11^2 -> 48.091382 | AK11: =AH11-AI11-AJ11 -> 143.66384 | AL11: =3*AI11+AK11-AJ11 -> 277.71281 | AN11: =M11 -> 0.69402577 | AO11: =AN11^3 -> 0.33429262 | AP11: =$AO$2/AO11 -> 1.0437373 | AQ11: =$AQ$2/((AN11/$AN$2)^3) -> 6.35636 | AR11: =-3*$AZ$33*((1-2*AS11)^2.5)*(1+3*(4-$AZ$34)*AS11/2)*AS11 -> 7.424252 | AS11: =0.5*(1-AP11^0.666666667) -> -0.014474829 | AT11: =(1-2*AS11)^(3.5)*($AZ$27-$AZ$40*AS11)+AR11*3 -> 277.1349 | AU11: =(1-2*AS11)^(3.5)*($AZ$29-$AZ$42*AS11)+AR11*1 -> 48.180437 | AV11: =(1-2*AS11)^(3.5)*($AZ$28-$AZ$41*AS11)+AR11*1 -> 143.64341 | AW11: =AT11-AL11 -> -0.57791028 | AX11: =AU11-AJ11 -> 0.089055392 | AY11: =AV11-AK11 -> -0.020427828 | AZ11: =AR11-A11 -> 0.14976482 | BC11: 0.20914572 | BD11: 0.50463365 | BE11: 0.22024501 | BF11: 0.44912515 | BG11: 0.69429003 | BH11: =BG11^3 -> 0.33467463 | BI11: =$BH$2/BH11 -> 1.0425459 | BJ11: =$BJ$2/((BG11/$BG$2)^3) -> 6.3491046 | BK11: =-3*$BD$33*((1-2*BL11)^2.5)*(1+3*(4-$BD$34)*BL11/2)*BL11 -> 7.2750846 | BL11: =0.5*(1-BI11^0.666666667) -> -0.014083264 | BM11: =BK11-E11 -> 0.00059741533 | BN11: =2*BG11/BE11 -> 6.304706 | BO11: =2*BG11/BF11 -> 3.0917442 | BP11: =2*BG11/BD11 -> 2.7516597 | BQ11: =2*BG11/BC11 -> 6.6392946 | BR11: =BJ11*BN11^2 -> 252.37257 | BS11: =BJ11*BO11^2 -> 60.690342 | BT11: =BJ11*BQ11^2 -> 279.87001 | BU11: =BJ11*BP11^2 -> 48.073077 | BW11: =(1-2*BL11)^(3.5)*($BD$27-$BD$40*BL11)+BK11*3 -> 278.56347 | BX11: =(1-2*BL11)^(3.5)*($BD$29-$BD$42*BL11)+BK11*1 -> 47.950408 | BZ11: =(1-2*BL11)^(3.5)*($BD$28-$BD$41*BL11)+BK11*1 -> 143.96579 | CA11: =BW11-BT11 -> -1.3065439 | CB11: =BX11-BU11 -> -0.12266955 | CC11: =BZ11-BV11 -> 143.96579 | CD11: =(BW11+2*BZ11)/3 -> 188.83168 | CE11: =SQRT(BW11/BJ11) -> 6.6237791 | CF11: =SQRT(BX11/BJ11) -> 2.7481467 | CG11: =SQRT((0.33333334*(BW11+2*BZ11+4*BX11))/BJ11) -> 6.3096128 | CH11: =SQRT((0.3333334*(BW11-BZ11+BX11))/BJ11) -> 3.0957923 | CJ11: =(BW11-BZ11+3*BX11)/5 -> 55.689781 | CK11: =((5*(BW11-BZ11)*BX11)/(3*(BW11-BZ11)+4*BX11)) -> 54.181258 | CL11: =(CJ11+CK11)/2 -> 54.93552 | CN11: =CE11-BQ11 -> -0.015515555 | CO11: =CF11-BP11 -> -0.0035129898 | CP11: =CG11-BN11 -> 0.0049068643 | CQ11: =CH11-BO11 -> 0.0040481839 | CS11: 277.53827 | CT11: 48.178514 | CU11: 143.8788
A12: 7.8340631 | B12: 300 | C12: 0.18915085 | D12: 0.3860701 | E12: 7.8340631 | F12: 0.20814572 | G12: 0.50383365 | H12: =C12*0.704/0.607 -> 0.2193776 | I12: =D12*0.704/0.607 -> 0.44776499 | J12: =1/((1/(H12^2))-(1.33333333333333/(G12^2))) -> 0.064407756 | K12: =(J12*(E12-E11)+0.5*(E12-E11)*(J11-J12)) -> 0.036212932 | L12: =SUM(K$3:$K12) -> 0.54805721 | M12: =$B$38/((L12*$B$43+1)) -> 0.69333079 | N12: =(6*F12*G12*SQRT(9*(G12^6)*(0.0002^2)+16*(F12^6)*(0.0002)^2))/((4*F12^2 - 3*G12^2)^2) -> 0.00014015569 | O12: =(((E12-E11)/2)^2)*(N12^2+N13^2) -> 3.0482081e-09 | P12: =SUM(O$2:$O12) -> 8.254213e-08 | Q12: =SQRT(((M39*0.001)^2)+((N39*0.02)^2)+((O39*P12)^2)) -> 0.0010152824 | R12: =M12^3 -> 0.33328937 | S12: =3*Q12/M12*R12 -> 0.0014641618 | T12: =R12/$R$2 -> 0.95522016 | U12: =T12*3*SQRT((Q12/M12)^2)+(0.001/$M$2)^2 -> 0.0041983618 | V12: =$B$40/((M12/$B$38)^3) -> 6.3754936 | W12: =(SQRT((0.02/$V$2)^2+(9*(0.001/$M$2)^2)+(9*(Q12/M12)^2))*V12) -> 0.044282551 | X12: =(1-((V12/$B$40)^0.66666667))/2 -> -0.015506745 | Y12: =(SQRT((Q12/M12)^2 + (0.0002/F12)^2))*#REF! -> #REF! | Z12: =SQRT((Q12/M12)^2 + (0.0002/G12)^2)*AE12 -> 0.0041756825 | AA12: =SQRT((Q12/M12)^2 + (0.0002/H12)^2)*AC12 -> 0.010903265 | AB12: =SQRT((Q12/M12)^2 + (0.0002/I12)^2)*AD12 -> 0.0047411601 | AC12: =2*M12/H12 -> 6.3208896 | AD12: =2*M12/I12 -> 3.0968513 | AE12: =2*M12/G12 -> 2.7522211 | AF12: =V12*AD12^2 -> 61.144093 | AG12: =V12*AC12*AC12 -> 254.72421 | AH12: =V12*AC12^2 -> 254.72421 | AI12: =V12*AD12^2 -> 61.144093 | AJ12: =V12*AE12^2 -> 48.292584 | AK12: =AH12-AI12-AJ12 -> 145.28754 | AL12: =3*AI12+AK12-AJ12 -> 280.42723 | AN12: =M12 -> 0.69333079 | AO12: =AN12^3 -> 0.33328937 | AP12: =$AO$2/AO12 -> 1.0468791 | AQ12: =$AQ$2/((AN12/$AN$2)^3) -> 6.3754936 | AR12: =-3*$AZ$33*((1-2*AS12)^2.5)*(1+3*(4-$AZ$34)*AS12/2)*AS12 -> 7.9929799 | AS12: =0.5*(1-AP12^0.666666667) -> -0.015506745 | AT12: =(1-2*AS12)^(3.5)*($AZ$27-$AZ$40*AS12)+AR12*3 -> 280.17002 | AU12: =(1-2*AS12)^(3.5)*($AZ$29-$AZ$42*AS12)+AR12*1 -> 48.250342 | AV12: =(1-2*AS12)^(3.5)*($AZ$28-$AZ$41*AS12)+AR12*1 -> 145.37046 | AW12: =AT12-AL12 -> -0.25721382 | AX12: =AU12-AJ12 -> -0.042242088 | AY12: =AV12-AK12 -> 0.082925923 | AZ12: =AR12-A12 -> 0.15891676 | BC12: 0.20814572 | BD12: 0.50383365 | BE12: 0.2193776 | BF12: 0.44776499 | BG12: 0.69360832 | BH12: =BG12^3 -> 0.33368977 | BI12: =$BH$2/BH12 -> 1.0456229 | BJ12: =$BJ$2/((BG12/$BG$2)^3) -> 6.3678435 | BK12: =-3*$BD$33*((1-2*BL12)^2.5)*(1+3*(4-$BD$34)*BL12/2)*BL12 -> 7.834681 | BL12: =0.5*(1-BI12^0.666666667) -> -0.015094285 | BM12: =BK12-E12 -> 0.00061793891 | BN12: =2*BG12/BE12 -> 6.3234198 | BO12: =2*BG12/BF12 -> 3.0980909 | BP12: =2*BG12/BD12 -> 2.7533228 | BQ12: =2*BG12/BC12 -> 6.6646417 | BR12: =BJ12*BN12^2 -> 254.62229 | BS12: =BJ12*BO12^2 -> 61.119627 | BT12: =BJ12*BQ12^2 -> 282.84336 | BU12: =BJ12*BP12^2 -> 48.27326 | BW12: =(1-2*BL12)^(3.5)*($BD$27-$BD$40*BL12)+BK12*3 -> 281.4919 | BX12: =(1-2*BL12)^(3.5)*($BD$29-$BD$42*BL12)+BK12*1 -> 48.030822 | BZ12: =(1-2*BL12)^(3.5)*($BD$28-$BD$41*BL12)+BK12*1 -> 145.65673 | CA12: =BW12-BT12 -> -1.3514693 | CB12: =BX12-BU12 -> -0.24243871 | CC12: =BZ12-BV12 -> 145.65673 | CD12: =(BW12+2*BZ12)/3 -> 190.93512 | CE12: =SQRT(BW12/BJ12) -> 6.6487003 | CF12: =SQRT(BX12/BJ12) -> 2.7464002 | CG12: =SQRT((0.33333334*(BW12+2*BZ12+4*BX12))/BJ12) -> 6.3278132 | CH12: =SQRT((0.3333334*(BW12-BZ12+BX12))/BJ12) -> 3.1023724 | CJ12: =(BW12-BZ12+3*BX12)/5 -> 55.985526 | CK12: =((5*(BW12-BZ12)*BX12)/(3*(BW12-BZ12)+4*BX12)) -> 54.402613 | CL12: =(CJ12+CK12)/2 -> 55.19407 | CN12: =CE12-BQ12 -> -0.015941409 | CO12: =CF12-BP12 -> -0.0069225925 | CP12: =CG12-BN12 -> 0.00439333 | CQ12: =CH12-BO12 -> 0.004281443 | CS12: 280.26394 | CT12: 48.239179 | CU12: 145.42849
A13: 8.5227719 | B13: 330 | C13: 0.18825875 | D13: 0.38477686 | E13: 8.5227719 | F13: 0.20734572 | G13: 0.50403365 | H13: =C13*0.704/0.607 -> 0.21834293 | I13: =D13*0.704/0.607 -> 0.44626509 | J13: =1/((1/(H13^2))-(1.33333333333333/(G13^2))) -> 0.063582325 | K13: =(J13*(E13-E12)+0.5*(E13-E12)*(J12-J13)) -> 0.044073951 | L13: =SUM(K$3:$K13) -> 0.59213116 | M13: =$B$38/((L13*$B$43+1)) -> 0.69248682 | N13: =(6*F13*G13*SQRT(9*(G13^6)*(0.0002^2)+16*(F13^6)*(0.0002)^2))/((4*F13^2 - 3*G13^2)^2) -> 0.00013890838 | O13: =(((E13-E12)/2)^2)*(N13^2+N14^2) -> 4.5241559e-09 | P13: =SUM(O$2:$O13) -> 8.7066286e-08 | Q13: =SQRT(((M40*0.001)^2)+((N40*0.02)^2)+((O40*P13)^2)) -> 0.0010164997 | R13: =M13^3 -> 0.33207374 | S13: =3*Q13/M13*R13 -> 0.0014623506 | T13: =R13/$R$2 -> 0.95173612 | U13: =T13*3*SQRT((Q13/M13)^2)+(0.001/$M$2)^2 -> 0.0041931709 | V13: =$B$40/((M13/$B$38)^3) -> 6.3988325 | W13: =(SQRT((0.02/$V$2)^2+(9*(0.001/$M$2)^2)+(9*(Q13/M13)^2))*V13) -> 0.0444877 | X13: =(1-((V13/$B$40)^0.66666667))/2 -> -0.016764062 | Y13: =(SQRT((Q13/M13)^2 + (0.0002/F13)^2))*#REF! -> #REF! | Z13: =SQRT((Q13/M13)^2 + (0.0002/G13)^2)*AE13 -> 0.0041782275 | AA13: =SQRT((Q13/M13)^2 + (0.0002/H13)^2)*AC13 -> 0.010975162 | AB13: =SQRT((Q13/M13)^2 + (0.0002/I13)^2)*AD13 -> 0.0047631798 | AC13: =2*M13/H13 -> 6.3431118 | AD13: =2*M13/I13 -> 3.1034774 | AE13: =2*M13/G13 -> 2.7477801 | AF13: =V13*AD13^2 -> 61.630817 | AG13: =V13*AC13*AC13 -> 257.45745 | AH13: =V13*AC13^2 -> 257.45745 | AI13: =V13*AD13^2 -> 61.630817 | AJ13: =V13*AE13^2 -> 48.313077 | AK13: =AH13-AI13-AJ13 -> 147.51356 | AL13: =3*AI13+AK13-AJ13 -> 284.09293 | AN13: =M13 -> 0.69248682 | AO13: =AN13^3 -> 0.33207374 | AP13: =$AO$2/AO13 -> 1.0507114 | AQ13: =$AQ$2/((AN13/$AN$2)^3) -> 6.3988325 | AR13: =-3*$AZ$33*((1-2*AS13)^2.5)*(1+3*(4-$AZ$34)*AS13/2)*AS13 -> 8.693199 | AS13: =0.5*(1-AP13^0.666666667) -> -0.016764061 | AT13: =(1-2*AS13)^(3.5)*($AZ$27-$AZ$40*AS13)+AR13*3 -> 283.89323 | AU13: =(1-2*AS13)^(3.5)*($AZ$29-$AZ$42*AS13)+AR13*1 -> 48.329801 | AV13: =(1-2*AS13)^(3.5)*($AZ$28-$AZ$41*AS13)+AR13*1 -> 147.49231 | AW13: =AT13-AL13 -> -0.19970356 | AX13: =AU13-AJ13 -> 0.016724389 | AY13: =AV13-AK13 -> -0.021247334 | AZ13: =AR13-A13 -> 0.17042703 | BC13: 0.20734572 | BD13: 0.50403365 | BE13: 0.21834293 | BF13: 0.44626509 | BG13: 0.69278132 | BH13: =BG13^3 -> 0.3324976 | BI13: =$BH$2/BH13 -> 1.049372 | BJ13: =$BJ$2/((BG13/$BG$2)^3) -> 6.3906754 | BK13: =-3*$BD$33*((1-2*BL13)^2.5)*(1+3*(4-$BD$34)*BL13/2)*BL13 -> 8.5226596 | BL13: =0.5*(1-BI13^0.666666667) -> -0.016324794 | BM13: =BK13-E13 -> -0.00011231548 | BN13: =2*BG13/BE13 -> 6.3458094 | BO13: =2*BG13/BF13 -> 3.1047973 | BP13: =2*BG13/BD13 -> 2.7489487 | BQ13: =2*BG13/BC13 -> 6.6823788 | BR13: =BJ13*BN13^2 -> 257.348 | BS13: =BJ13*BO13^2 -> 61.604617 | BT13: =BJ13*BQ13^2 -> 285.37041 | BU13: =BJ13*BP13^2 -> 48.292538 | BW13: =(1-2*BL13)^(3.5)*($BD$27-$BD$40*BL13)+BK13*3 -> 285.07881 | BX13: =(1-2*BL13)^(3.5)*($BD$29-$BD$42*BL13)+BK13*1 -> 48.123325 | BZ13: =(1-2*BL13)^(3.5)*($BD$28-$BD$41*BL13)+BK13*1 -> 147.73143 | CA13: =BW13-BT13 -> -0.29159663 | CB13: =BX13-BU13 -> -0.16921382 | CC13: =BZ13-BV13 -> 147.73143 | CD13: =(BW13+2*BZ13)/3 -> 193.51389 | CE13: =SQRT(BW13/BJ13) -> 6.6789639 | CF13: =SQRT(BX13/BJ13) -> 2.7441284 | CG13: =SQRT((0.33333334*(BW13+2*BZ13+4*BX13))/BJ13) -> 6.3498807 | CH13: =SQRT((0.3333334*(BW13-BZ13+BX13))/BJ13) -> 3.1103102 | CJ13: =(BW13-BZ13+3*BX13)/5 -> 56.343472 | CK13: =((5*(BW13-BZ13)*BX13)/(3*(BW13-BZ13)+4*BX13)) -> 54.666875 | CL13: =(CJ13+CK13)/2 -> 55.505173 | CN13: =CE13-BQ13 -> -0.0034149602 | CO13: =CF13-BP13 -> -0.0048202923 | CP13: =CG13-BN13 -> 0.004071334 | CQ13: =CH13-BO13 -> 0.0055128983 | CS13: 283.98207 | CT13: 48.316258 | CU13: 147.54533
A14: 9.1253922 | B14: 360 | C14: 0.18750572 | D14: 0.38374368 | E14: 9.1253922 | F14: 0.20634572 | G14: 0.50443365 | H14: =C14*0.704/0.607 -> 0.21746957 | I14: =D14*0.704/0.607 -> 0.44506681 | J14: =1/((1/(H14^2))-(1.33333333333333/(G14^2))) -> 0.062874178 | K14: =(J14*(E14-E13)+0.5*(E14-E13)*(J13-J14)) -> 0.038102624 | L14: =SUM(K$3:$K14) -> 0.63023378 | M14: =$B$38/((L14*$B$43+1)) -> 0.69175885 | N14: =(6*F14*G14*SQRT(9*(G14^6)*(0.0002^2)+16*(F14^6)*(0.0002)^2))/((4*F14^2 - 3*G14^2)^2) -> 0.00013732168 | O14: =(((E14-E13)/2)^2)*(N14^2+N15^2) -> 3.4000951e-09 | P14: =SUM(O$2:$O14) -> 9.0466381e-08 | Q14: =SQRT(((M41*0.001)^2)+((N41*0.02)^2)+((O41*P14)^2)) -> 0.0010175503 | R14: =M14^3 -> 0.33102757 | S14: =3*Q14/M14*R14 -> 0.001460786 | T14: =R14/$R$2 -> 0.94873776 | U14: =T14*3*SQRT((Q14/M14)^2)+(0.001/$M$2)^2 -> 0.0041886867 | V14: =$B$40/((M14/$B$38)^3) -> 6.4190552 | W14: =(SQRT((0.02/$V$2)^2+(9*(0.001/$M$2)^2)+(9*(Q14/M14)^2))*V14) -> 0.044665689 | X14: =(1-((V14/$B$40)^0.66666667))/2 -> -0.017852266 | Y14: =(SQRT((Q14/M14)^2 + (0.0002/F14)^2))*#REF! -> #REF! | Z14: =SQRT((Q14/M14)^2 + (0.0002/G14)^2)*AE14 -> 0.0041784128 | AA14: =SQRT((Q14/M14)^2 + (0.0002/H14)^2)*AC14 -> 0.011036584 | AB14: =SQRT((Q14/M14)^2 + (0.0002/I14)^2)*AD14 -> 0.004781187 | AC14: =2*M14/H14 -> 6.3618911 | AD14: =2*M14/I14 -> 3.1085618 | AE14: =2*M14/G14 -> 2.7427149 | AF14: =V14*AD14^2 -> 62.028336 | AG14: =V14*AC14*AC14 -> 259.80264 | AH14: =V14*AC14^2 -> 259.80264 | AI14: =V14*AD14^2 -> 62.028336 | AJ14: =V14*AE14^2 -> 48.287247 | AK14: =AH14-AI14-AJ14 -> 149.48706 | AL14: =3*AI14+AK14-AJ14 -> 287.28482 | AN14: =M14 -> 0.69175885 | AO14: =AN14^3 -> 0.33102757 | AP14: =$AO$2/AO14 -> 1.054032 | AQ14: =$AQ$2/((AN14/$AN$2)^3) -> 6.4190552 | AR14: =-3*$AZ$33*((1-2*AS14)^2.5)*(1+3*(4-$AZ$34)*AS14/2)*AS14 -> 9.3057089 | AS14: =0.5*(1-AP14^0.666666667) -> -0.017852266 | AT14: =(1-2*AS14)^(3.5)*($AZ$27-$AZ$40*AS14)+AR14*3 -> 287.138 | AU14: =(1-2*AS14)^(3.5)*($AZ$29-$AZ$42*AS14)+AR14*1 -> 48.393433 | AV14: =(1-2*AS14)^(3.5)*($AZ$28-$AZ$41*AS14)+AR14*1 -> 149.34441 | AW14: =AT14-AL14 -> -0.14681631 | AX14: =AU14-AJ14 -> 0.10618585 | AY14: =AV14-AK14 -> -0.14264584 | AZ14: =AR14-A14 -> 0.18031672 | BC14: 0.20634572 | BD14: 0.50443365 | BE14: 0.21746957 | BF14: 0.44506681 | BG14: 0.6920668 | BH14: =BG14^3 -> 0.33146986 | BI14: =$BH$2/BH14 -> 1.0526256 | BJ14: =$BJ$2/((BG14/$BG$2)^3) -> 6.4104899 | BK14: =-3*$BD$33*((1-2*BL14)^2.5)*(1+3*(4-$BD$34)*BL14/2)*BL14 -> 9.1252105 | BL14: =0.5*(1-BI14^0.666666667) -> -0.017391502 | BM14: =BK14-E14 -> -0.00018166014 | BN14: =2*BG14/BE14 -> 6.3647232 | BO14: =2*BG14/BF14 -> 3.1099457 | BP14: =2*BG14/BD14 -> 2.7439359 | BQ14: =2*BG14/BC14 -> 6.7078377 | BR14: =BJ14*BN14^2 -> 259.68704 | BS14: =BJ14*BO14^2 -> 62.000735 | BT14: =BJ14*BQ14^2 -> 288.44055 | BU14: =BJ14*BP14^2 -> 48.26576 | BW14: =(1-2*BL14)^(3.5)*($BD$27-$BD$40*BL14)+BK14*3 -> 288.20851 | BX14: =(1-2*BL14)^(3.5)*($BD$29-$BD$42*BL14)+BK14*1 -> 48.198676 | BZ14: =(1-2*BL14)^(3.5)*($BD$28-$BD$41*BL14)+BK14*1 -> 149.54482 | CA14: =BW14-BT14 -> -0.23204491 | CB14: =BX14-BU14 -> -0.067084386 | CC14: =BZ14-BV14 -> 149.54482 | CD14: =(BW14+2*BZ14)/3 -> 195.76605 | CE14: =SQRT(BW14/BJ14) -> 6.705139 | CF14: =SQRT(BX14/BJ14) -> 2.7420284 | CG14: =SQRT((0.33333334*(BW14+2*BZ14+4*BX14))/BJ14) -> 6.3689364 | CH14: =SQRT((0.3333334*(BW14-BZ14+BX14))/BJ14) -> 3.1171286 | CJ14: =(BW14-BZ14+3*BX14)/5 -> 56.651943 | CK14: =((5*(BW14-BZ14)*BX14)/(3*(BW14-BZ14)+4*BX14)) -> 54.891281 | CL14: =(CJ14+CK14)/2 -> 55.771612 | CN14: =CE14-BQ14 -> -0.0026987065 | CO14: =CF14-BP14 -> -0.0019075558 | CP14: =CG14-BN14 -> 0.0042131623 | CQ14: =CH14-BO14 -> 0.0071829409 | CS14: 287.23461 | CT14: 48.378354 | CU14: 149.39981
... A23: 12.482848 | B23: 630 | C23: 0.18327563 | D23: 0.377551 | E23: 12.482848 | F23: 0.19974572 | G23: 0.50683365 | H23: =C23*0.704/0.607 -> 0.21256349 | I23: =D23*0.704/0.607 -> 0.43788452 | J23: =1/((1/(H23^2))-(1.33333333333333/(G23^2))) -> 0.059026243 | K23: =(J23*(E23-E22)+0.5*(E23-E22)*(J22-J23)) -> 0.01018118 | L23: =SUM(K$3:$K23) -> 0.83525486 | M23: =$B$38/((L23*$B$43+1)) -> 0.68786793 | N23: =(6*F23*G23*SQRT(9*(G23^6)*(0.0002^2)+16*(F23^6)*(0.0002)^2))/((4*F23^2 - 3*G23^2)^2) -> 0.00012750678 | O23: =(((E23-E22)/2)^2)*(N23^2+N24^2) -> 1.2049191e-10 | P23: =SUM(O$2:$O23) -> 1.0272515e-07 | Q23: =SQRT(((M50*0.001)^2)+((N50*0.02)^2)+((O50*P23)^2)) -> 0.001023175 | R23: =M23^3 -> 0.32547317 | S23: =3*Q23/M23*R23 -> 0.0014523835 | T23: =R23/$R$2 -> 0.93281863 | U23: =T23*3*SQRT((Q23/M23)^2)+(0.001/$M$2)^2 -> 0.0041646046 | V23: =$B$40/((M23/$B$38)^3) -> 6.5286003 | W23: =(SQRT((0.02/$V$2)^2+(9*(0.001/$M$2)^2)+(9*(Q23/M23)^2))*V23) -> 0.045633536 | X23: =(1-((V23/$B$40)^0.66666667))/2 -> -0.023727281 | Y23: =(SQRT((Q23/M23)^2 + (0.0002/F23)^2))*#REF! -> #REF! | Z23: =SQRT((Q23/M23)^2 + (0.0002/G23)^2)*AE23 -> 0.0041771795 | AA23: =SQRT((Q23/M23)^2 + (0.0002/H23)^2)*AC23 -> 0.011391325 | AB23: =SQRT((Q23/M23)^2 + (0.0002/I23)^2)*AD23 -> 0.0048886158 | AC23: =2*M23/H23 -> 6.4721173 | AD23: =2*M23/I23 -> 3.1417778 | AE23: =2*M23/G23 -> 2.7143736 | AF23: =V23*AD23^2 -> 64.442298 | AG23: =V23*AC23*AC23 -> 273.47198 | AH23: =V23*AC23^2 -> 273.47198 | AI23: =V23*AD23^2 -> 64.442298 | AJ23: =V23*AE23^2 -> 48.101578 | AK23: =AH23-AI23-AJ23 -> 160.92811 | AL23: =3*AI23+AK23-AJ23 -> 306.15343 | AN23: =M23 -> 0.68786793 | AO23: =AN23^3 -> 0.32547317 | AP23: =$AO$2/AO23 -> 1.0720198 | AQ23: =$AQ$2/((AN23/$AN$2)^3) -> 6.5286003 | AR23: =-3*$AZ$33*((1-2*AS23)^2.5)*(1+3*(4-$AZ$34)*AS23/2)*AS23 -> 12.717451 | AS23: =0.5*(1-AP23^0.666666667) -> -0.023727281 | AT23: =(1-2*AS23)^(3.5)*($AZ$27-$AZ$40*AS23)+AR23*3 -> 305.01651 | AU23: =(1-2*AS23)^(3.5)*($AZ$29-$AZ$42*AS23)+AR23*1 -> 48.651726 | AV23: =(1-2*AS23)^(3.5)*($AZ$28-$AZ$41*AS23)+AR23*1 -> 159.59736 | AW23: =AT23-AL23 -> -1.1369138 | AX23: =AU23-AJ23 -> 0.55014824 | AY23: =AV23-AK23 -> -1.3307465 | AZ23: =AR23-A23 -> 0.23460349 | BC23: 0.19974572 | BD23: 0.50683365 | BE23: 0.21256349 | BF23: 0.43788452 | BG23: 0.68786793 | BH23: =BG23^3 -> 0.32547317 | BI23: =$BH$2/BH23 -> 1.0720198 | BJ23: =$BJ$2/((BG23/$BG$2)^3) -> 6.5286003 | BK23: =-3*$BD$33*((1-2*BL23)^2.5)*(1+3*(4-$BD$34)*BL23/2)*BL23 -> 12.823239 | BL23: =0.5*(1-BI23^0.666666667) -> -0.023727281 | BM23: =BK23-E23 -> 0.34039091 | BN23: =2*BG23/BE23 -> 6.4721173 | BO23: =2*BG23/BF23 -> 3.1417778 | BP23: =2*BG23/BD23 -> 2.7143736 | BQ23: =2*BG23/BC23 -> 6.887436 | BR23: =BJ23*BN23^2 -> 273.47198 | BS23: =BJ23*BO23^2 -> 64.442298 | BT23: =BJ23*BQ23^2 -> 309.69574 | BU23: =BJ23*BP23^2 -> 48.101578 | BW23: =(1-2*BL23)^(3.5)*($BD$27-$BD$40*BL23)+BK23*3 -> 307.18739 | BX23: =(1-2*BL23)^(3.5)*($BD$29-$BD$42*BL23)+BK23*1 -> 48.550177 | BZ23: =(1-2*BL23)^(3.5)*($BD$28-$BD$41*BL23)+BK23*1 -> 160.6036 | CA23: =BW23-BT23 -> -2.5083503 | CB23: =BX23-BU23 -> 0.44859964 | CC23: =BZ23-BV23 -> 160.6036 | CD23: =(BW23+2*BZ23)/3 -> 209.46487 | CE23: =SQRT(BW23/BJ23) -> 6.8594872 | CF23: =SQRT(BX23/BJ23) -> 2.7270015 | CG23: =SQRT((0.33333334*(BW23+2*BZ23+4*BX23))/BJ23) -> 6.480708 | CH23: =SQRT((0.3333334*(BW23-BZ23+BX23))/BJ23) -> 3.1564274 | CJ23: =(BW23-BZ23+3*BX23)/5 -> 58.446864 | CK23: =((5*(BW23-BZ23)*BX23)/(3*(BW23-BZ23)+4*BX23)) -> 56.129392 | CL23: =(CJ23+CK23)/2 -> 57.288128 | CN23: =CE23-BQ23 -> -0.027948763 | CO23: =CF23-BP23 -> 0.012627872 | CP23: =CG23-BN23 -> 0.0085906432 | CQ23: =CH23-BO23 -> 0.014649608 | CS23: 306.26429 | CT23: 48.643794 | CU23: 160.29975
E25: =0.2/E5*100 -> 8.0109925 | F25: =0.0002/F23*100 -> 0.1001273 | M25: =0.001/0.704*100 -> 0.14204545 | V25: =0.04/6.09*100 -> 0.65681445
AG26: %uncert min | AY26: CK No Vp100 | BC26: FS No Vp100 | BL26: NO VP100
B27: v111 | AG27: %uncert max | AY27: C11 | AZ27: 236.4933 | BC27: C11 | BD27: 239.50441 | BF27: 235 | BG27: 200 | BH27: 260 | BI27: 100 | BJ27: 200 | BK27: 235
A28: Width then radius | B28: 2.34 | J28: D | K28: K | L28: I | M28: L term | N28: rho term | O28: Int term | X28: =1.42/0.2298 -> 6.1792863 | AK28: =235*3 -> 705 | AY28: C12 | AZ28: 120.75389 | BC28: C12 | BD28: 121.66535 | BF28: 120 | BG28: 100 | BH28: 140 | BI28: 100 | BJ28: 200 | BK28: 120
A29: Length initial | B29: 0.623 | C29: 0.607 | J29: =12*$B$31*$B$38^2+$K$29*L2 -> 36.219617 | K29: =C34 -> 1.016974 | L29: sum cook | M29: =36*$B$40*($B$38^2)*(4*$B$40*$B$38^2 + $K$29*L2)/J29^2 -> 1 | N29: =36*$B$40*($B$38^2)*(4*$B$40*$B$38^2 + $K$29*M2)/K29^2 -> 1343.6535 | O29: =-(12*$B$40*$K$29*$D$38^3)/(J29^2) -> -0.019766904 | AK29: =165*2 -> 330 | AY29: C44 | AZ29: 46.785203 | BC29: C44 | BD29: 46.445135 | BF29: 45 | BG29: 40 | BH29: 60 | BI29: 100 | BJ29: 200 | BK29: 46
A30: alpha thermal expansion | B30: =0.000046 -> 4.6e-05 | F30: Value | G30: VP100 or 110 or VS110 | H30: bench | J30: =12*$B$31*$B$38^2+$K$29*L3 -> 36.230005 | M30: =36*$B$40*($B$38^2)*(4*$B$40*$B$38^2 + $K$29*L3)/J30^2 -> 1.0002866 | N30: =(12*$K$29*L3*$D$38^3)/(J30^2) -> 3.313455e-05 | O30: =-(12*$B$40*$K$29*$D$38^3)/(J30^2) -> -0.019755571 | AK30: =235*2+235 -> 705 | AY30: C11' | AZ30: 5.6166349 | BC30: C11' | BD30: 5.5088143 | BF30: 5 | BG30: 4 | BH30: 2 | BI30: 2 | BJ30: 1 | BK30: 5.5
A31: density OG | B31: 6.09 | E31: C11 | F31: 231 | G31: 6.1588176 | H31: 0.23121321 | J31: =12*$B$31*$B$38^2+$K$29*L4 -> 36.34484 | M31: =36*$B$40*($B$38^2)*(4*$B$40*$B$38^2 + $K$29*L4)/J31^2 -> 1.0034217 | N31: =(12*$K$29*L4*$D$38^3)/(J31^2) -> 0.00039691538 | O31: =-(12*$B$40*$K$29*$D$38^3)/(J31^2) -> -0.019630928 | AK31: =330+642 -> 972 | AY31: C12' | AZ31: 3.1320662 | BC31: C12' | BD31: 3.1112012 | BF31: 3 | BG31: 1 | BH31: 2 | BI31: 2 | BJ31: 1 | BK31: 3
A32: Gamma gruneisen | B32: 1.23 | E32: C12 VP | F32: 120 | G32: 5.9398555 | H32: 0.23973647 | J32: =12*$B$31*$B$38^2+$K$29*L5 -> 36.408432 | M32: =36*$B$40*($B$38^2)*(4*$B$40*$B$38^2 + $K$29*L5)/J32^2 -> 1.0051322 | N32: =(12*$K$29*L5*$D$38^3)/(J32^2) -> 0.00059639101 | O32: =-(12*$B$40*$K$29*$D$38^3)/(J32^2) -> -0.019562413 | AK32: =AK31-AK30 -> 267 | AY32: C44' | AZ32: 0.25382393 | BC32: C44' | BD32: 0.27066092 | BF32: 0.2 | BG32: 1 | BH32: 2 | BI32: 2 | BJ32: 1 | BK32: 0.2
A33: T temp K | B33: 300 | E33: C12 VS | F33: 120 | G33: 2.9070625 | H33: 0.48984154 | J33: =12*$B$31*$B$38^2+$K$29*L6 -> 36.476877 | M33: =36*$B$40*($B$38^2)*(4*$B$40*$B$38^2 + $K$29*L6)/J33^2 -> 1.0069532 | N33: =(12*$K$29*L6*$D$38^3)/(J33^2) -> 0.00080953548 | O33: =-(12*$B$40*$K$29*$D$38^3)/(J33^2) -> -0.019489068 | AY33: KS0 | AZ33: =(AZ27+2*AZ28)/3 -> 159.3337 | BC33: KS0 | BD33: =(BD27+2*BD28)/3 -> 160.94504 | BF33: 239.41295 | BG33: 239.81063 | BH33: 239.3304 | BI33: 240.99872 | BJ33: 240.77197 | BK33: 239.50456 | BL33: 236.4308
A34: >scalar> | B34: =C34/C35 -> 0.035853802 | C34: =1+B30*B32*B33 -> 1.016974 | E34: C44 | F34: 43.4 | G34: 2.6695387 | H34: 0.5334255 | J34: =12*$B$31*$B$38^2+$K$29*L7 -> 36.546903 | M34: =36*$B$40*($B$38^2)*(4*$B$40*$B$38^2 + $K$29*L7)/J34^2 -> 1.0087948 | N34: =(12*$K$29*L7*$D$38^3)/(J34^2) -> 0.001025946 | O34: =-(12*$B$40*$K$29*$D$38^3)/(J34^2) -> -0.019414456 | AY34: K'S0 | AZ34: =(AZ30+2*AZ31)/3 -> 3.9602557 | BC34: K'S0 | BD34: =(BD30+2*BD31)/3 -> 3.9104055 | BF34: 121.25174 | BG34: 121.62264 | BH34: 121.00127 | BI34: 128.19979 | BJ34: 131.44859 | BK34: 121.66542 | BL34: 120.73087
C35: =12*B31*(B29^2) -> 28.364467 | J35: =12*$B$31*$B$38^2+$K$29*L8 -> 36.59474 | M35: =36*$B$40*($B$38^2)*(4*$B$40*$B$38^2 + $K$29*L8)/J35^2 -> 1.0100406 | N35: =(12*$K$29*L8*$D$38^3)/(J35^2) -> 0.001172831 | O35: =-(12*$B$40*$K$29*$D$38^3)/(J35^2) -> -0.019363731 | AY35: All sumsq | AZ35: =AZ39+AZ37+AZ38+AZ36 -> 2.0863166 | BC35: All sumsq | BD35: =BD39+BD37+BD38+BD36 -> 226418.67 | BF35: 46.308635 | BG35: 46.320612 | BH35: 46.450926 | BI35: 45.769308 | BJ35: 45.964669 | BK35: 46.445135 | BL35: 46.82052
B36: V100 | J36: =12*$B$31*$B$38^2+$K$29*L9 -> 36.639003 | M36: =36*$B$40*($B$38^2)*(4*$B$40*$B$38^2 + $K$29*L9)/J36^2 -> 1.0111844 | N36: =(12*$K$29*L9*$D$38^3)/(J36^2) -> 0.0013080545 | O36: =-(12*$B$40*$K$29*$D$38^3)/(J36^2) -> -0.019316973 | AY36: FSP | AZ36: =SUMSQ(AZ6:AZ16) -> 0.24879468 | BC36: FSP | BD36: =SUMSQ(BM6:BM16) -> 1.5149787e-06 | BF36: 5.5251396 | BG36: 5.4676446 | BH36: 5.5416222 | BI36: 5.2609687 | BJ36: 5.2688268 | BK36: 5.5088145 | BL36: 5.7092963
A37: Width then radius | B37: 2.34 | C37: =B37/2 -> 1.17 | J37: =12*$B$31*$B$38^2+$K$29*L10 -> 36.69429 | M37: =36*$B$40*($B$38^2)*(4*$B$40*$B$38^2 + $K$29*L10)/J37^2 -> 1.0126012 | N37: =(12*$K$29*L10*$D$38^3)/(J37^2) -> 0.0014760339 | O37: =-(12*$B$40*$K$29*$D$38^3)/(J37^2) -> -0.019258808 | AY37: C11 | AZ37: =SUMSQ(AW6:AW16) -> 1.715565 | BC37: C11 | BD37: =SUMSQ(CA6:CA16) -> 8.6624831 | BF37: 3.1712401 | BG37: 3.1257255 | BH37: 3.2089756 | BI37: 2.1833803 | BJ37: 1.7406861 | BK37: 3.1112012 | BL37: 3.1848805
A38: Length initial | B38: 0.704 | C38: mm | D38: 0.704 | J38: =12*$B$31*$B$38^2+$K$29*L11 -> 36.74015 | M38: =36*$B$40*($B$38^2)*(4*$B$40*$B$38^2 + $K$29*L11)/J38^2 -> 1.0137665 | N38: =(12*$K$29*L11*$D$38^3)/(J38^2) -> 0.0016146005 | O38: =-(12*$B$40*$K$29*$D$38^3)/(J38^2) -> -0.019210759 | AY38: C12 | AZ38: =SUMSQ(AY6:AY16) -> 0.071503159 | BC38: C12 | BD38: =SUMSQ(CC6:CC16) -> 226409.43 | BF38: 0.2891672 | BG38: 0.28755684 | BH38: 0.26876319 | BI38: 0.3695593 | BJ38: 0.34773349 | BK38: 0.27066092 | BL38: 0.24843305
A39: alpha thermal expansion | B39: =0.000046 -> 4.6e-05 | C39: m/m C | J39: =12*$B$31*$B$38^2+$K$29*L12 -> 36.776977 | M39: =36*$B$40*($B$38^2)*(4*$B$40*$B$38^2 + $K$29*L12)/J39^2 -> 1.0146958 | N39: =(12*$K$29*L12*$D$38^3)/(J39^2) -> 0.0017253726 | O39: =-(12*$B$40*$K$29*$D$38^3)/(J39^2) -> -0.019172304 | AY39: C44 | AZ39: =SUMSQ(AX6:AX16) -> 0.050453778 | BC39: C44 | BD39: =SUMSQ(CB6:CB16) -> 0.5775294
A40: density OG | B40: 6.09 | C40: g/cm^3 | J40: =12*$B$31*$B$38^2+$K$29*L13 -> 36.821799 | M40: =36*$B$40*($B$38^2)*(4*$B$40*$B$38^2 + $K$29*L13)/J40^2 -> 1.015819 | N40: =(12*$K$29*L13*$D$38^3)/(J40^2) -> 0.001859589 | O40: =-(12*$B$40*$K$29*$D$38^3)/(J40^2) -> -0.019125657 | AY40: C11a | AZ40: =3*AZ33*(AZ30-3)-7*AZ27 -> -404.69879 | BC40: C11a | BD40: =3*BD33*(BD30-3)-7*BD27 -> -465.18722 | BF40: We minimzed the difference in velocities and pressure by fitting the length and Cij0 and Cij0'
A41: Gamma gruneisen | B41: 1.23 | J41: =12*$B$31*$B$38^2+$K$29*L14 -> 36.860549 | M41: =36*$B$40*($B$38^2)*(4*$B$40*$B$38^2 + $K$29*L14)/J41^2 -> 1.0167833 | N41: =(12*$K$29*L14*$D$38^3)/(J41^2) -> 0.0019750912 | O41: =-(12*$B$40*$K$29*$D$38^3)/(J41^2) -> -0.019085466 | AY41: C12a | AZ41: =3*AZ33*(AZ31-1)-7*AZ28 -> 173.8527 | BC41: C12a | BD41: =3*BD33*(BD31-1)-7*BD28 -> 167.70459
A42: T temp K | B42: 300 | J42: =12*$B$31*$B$38^2+$K$29*L15 -> 36.887981 | M42: =36*$B$40*($B$38^2)*(4*$B$40*$B$38^2 + $K$29*L15)/J42^2 -> 1.0174622 | N42: =(12*$K$29*L15*$D$38^3)/(J42^2) -> 0.0020565637 | O42: =-(12*$B$40*$K$29*$D$38^3)/(J42^2) -> -0.019057091 | AY42: C44a | AZ42: =3*AZ33*(AZ32-1)-7*AZ29 -> -684.16939 | BC42: C44a | BD42: =3*BD33*(BD32-1)-7*BD29 -> -677.26646
A43: >scalar> | B43: =C43/C44 -> 0.028077989 | C43: =1+B39*B41*B42 -> 1.016974 | J43: =12*$B$31*$B$38^2+$K$29*L16 -> 36.923371 | M43: =36*$B$40*($B$38^2)*(4*$B$40*$B$38^2 + $K$29*L16)/J43^2 -> 1.0183333 | N43: =(12*$K$29*L16*$D$38^3)/(J43^2) -> 0.0021613096 | O43: =-(12*$B$40*$K$29*$D$38^3)/(J43^2) -> -0.019020577 | BC43: VP100
C44: =12*B40*(B38^2) -> 36.219617 | J44: =12*$B$31*$B$38^2+$K$29*L17 -> 36.955732 | M44: =36*$B$40*($B$38^2)*(4*$B$40*$B$38^2 + $K$29*L17)/J44^2 -> 1.0191253 | N44: =(12*$K$29*L17*$D$38^3)/(J44^2) -> 0.0022567364 | O44: =-(12*$B$40*$K$29*$D$38^3)/(J44^2) -> -0.01898728 | BC44: VS100
A45: delta C11 | B45: 3 | J45: =12*$B$31*$B$38^2+$K$29*L18 -> 36.974455 | M45: =36*$B$40*($B$38^2)*(4*$B$40*$B$38^2 + $K$29*L18)/J45^2 -> 1.0195816 | N45: =(12*$K$29*L18*$D$38^3)/(J45^2) -> 0.002311796 | O45: =-(12*$B$40*$K$29*$D$38^3)/(J45^2) -> -0.018968055 | BC45: VP111
A46: delta C12/C44 | B46: 1 | J46: =12*$B$31*$B$38^2+$K$29*L19 -> 36.987761 | M46: =36*$B$40*($B$38^2)*(4*$B$40*$B$38^2 + $K$29*L19)/J46^2 -> 1.0199049 | N46: =(12*$K$29*L19*$D$38^3)/(J46^2) -> 0.002350854 | O46: =-(12*$B$40*$K$29*$D$38^3)/(J46^2) -> -0.01895441 | BC46: VS111
J47: =12*$B$31*$B$38^2+$K$29*L20 -> 37.011585 | M47: =36*$B$40*($B$38^2)*(4*$B$40*$B$38^2 + $K$29*L20)/J47^2 -> 1.0204821 | N47: =(12*$K$29*L20*$D$38^3)/(J47^2) -> 0.0024206474 | O47: =-(12*$B$40*$K$29*$D$38^3)/(J47^2) -> -0.018930016 | BC47: New SUMSQ | BD47: =BD36+SUMSQ(CN6:CQ16) -> 0.0031300503 | BU47: scaler: | BV47: 1.016974
A48: K | B48: 151.14 | J48: =12*$B$31*$B$38^2+$K$29*L21 -> 37.043084 | M48: =36*$B$40*($B$38^2)*(4*$B$40*$B$38^2 + $K$29*L21)/J48^2 -> 1.0212416 | N48: =(12*$K$29*L21*$D$38^3)/(J48^2) -> 0.0025126429 | O48: =-(12*$B$40*$K$29*$D$38^3)/(J48^2) -> -0.018897837 | BU48: density | BV48: 6.07
A49: K' | B49: 3.47 | J49: =12*$B$31*$B$38^2+$K$29*L22 -> 37.058696 | M49: =36*$B$40*($B$38^2)*(4*$B$40*$B$38^2 + $K$29*L22)/J49^2 -> 1.0216166 | N49: =(12*$K$29*L22*$D$38^3)/(J49^2) -> 0.0025581237 | O49: =-(12*$B$40*$K$29*$D$38^3)/(J49^2) -> -0.018881918 | BU49: L0 | BV49: 1.02
J50: =12*$B$31*$B$38^2+$K$29*L23 -> 37.06905 | M50: =36*$B$40*($B$38^2)*(4*$B$40*$B$38^2 + $K$29*L23)/J50^2 -> 1.0218647 | N50: =(12*$K$29*L23*$D$38^3)/(J50^2) -> 0.0025882438 | O50: =-(12*$B$40*$K$29*$D$38^3)/(J50^2) -> -0.018871371
B51: Ratio 0.71/ 0.623 | AU51: C11 | AV51: 246.36869 | AW51: C11' | AX51: 5.4341815
B52: =B38/B29 -> 1.1300161 | E52: Value | F52: VP100 or 110 or VS110 | G52: Travel time | H52: correction | I52: Bench correct | J52: predited measured time | AU52: C12 | AV52: 125.61715 | AW52: C12' | AX52: 3.0905173
D53: C11 | E53: 235 | F53: 6.2119119 | G53: 0.22923699 | H53: 0.0023427945 | I53: -0.012658141 | J53: 0.2268942 | AU53: C44 | AV53: 42.351506 | AW53: C44' | AX53: 0.2263725
D54: C12 VP | E54: 120 | F54: 5.9509029 | G54: 0.20400266 | H54: 0.0019882247 | I54: -0.012665076 | J54: 0.20201443
D55: C12 VS | E55: 120 | F55: 2.9407579 | G55: 0.41281875 | H55: -0.00046133081 | I55: -0.0125 | J55: 0.41328008
D56: C44 | E56: 43 | F56: 2.6572082 | G56: 0.5359008 | H56: -0.00035202667 | I56: -0.0125 | J56: 0.53625283
M92: Pressure (GPa) | N92: Density | O92: C11 | P92: C44 | Q92: C12 | R92: GV | S92: GR | T92: GH | U92: Bulk mod
M93: 0 | N93: 6.09 | O93: 231.75 | P93: 44.88 | Q93: 118.9 | R93: 49.827575 | S93: 49.126282 | T93: 49.476928 | U93: 155.51436
M94: 2.4965696 | N94: 6.1835554 | O94: 253.82 | P94: 47.35 | Q94: 130.76 | R94: 53.022846 | S94: 52.159293 | T94: 52.59107 | U94: 169.40814
M95: 3.4435442 | N95: 6.2176196 | O95: 259.48 | P95: 47.55 | Q95: 132.75 | R95: 53.878163 | S95: 52.825601 | T95: 53.351882 | U95: 173.40014
M96: 4.4335632 | N96: 6.2526865 | O96: 264.35 | P96: 47.64 | Q96: 135.77 | R96: 54.299319 | S96: 53.145293 | T96: 53.722306 | U96: 176.66717
M97: 5.122272 | N97: 6.2767501 | O97: 268.17 | P97: 47.7 | Q97: 137.56 | R97: 54.743656 | S97: 53.467032 | T97: 54.105344 | U97: 179.89406
M98: 5.7679366 | N98: 6.299003 | O98: 272.57 | P98: 47.95 | Q98: 139.48 | R98: 55.384688 | S98: 53.980934 | T98: 54.682811 | U98: 182.91443
M99: 6.5857783 | N99: 6.326811 | O99: 275.56 | P99: 48.02 | Q99: 142.68 | R99: 55.387254 | S99: 54.008279 | T99: 54.697767 | U99: 186.30645
M100: 7.2744872 | N100: 6.3498266 | O100: 280.14 | P100: 48 | Q100: 145.84 | R100: 55.65948 | S100: 54.180211 | T100: 54.919846 | U100: 190.89599
M101: 7.8340631 | N101: 6.3682562 | O101: 283.11 | P101: 48.2 | Q101: 147.26 | R101: 56.090017 | S101: 54.53424 | T101: 55.312129 | U101: 193.05125
M102: 8.5227719 | N102: 6.3907722 | O102: 285.64 | P102: 48.22 | Q102: 149.14 | R102: 56.229761 | S102: 54.631136 | T102: 55.430449 | U102: 194.98038
M103: 9.1253922 | N103: 6.4102593 | O103: 288.7 | P103: 48.19 | Q103: 151.86 | R103: 56.283087 | S103: 54.654581 | T103: 55.468834 | U103: 198.63342
M104: 9.5558352 | N104: 6.4240466 | O104: 291.17 | P104: 48.34 | Q104: 152.44 | R104: 56.748959 | S104: 55.008589 | T104: 55.878774 | U104: 199.75558
... M112: 12.482848 | N112: 6.5146528 | O112: 309.77 | P112: 47.99 | Q112: 167.4 | R112: 57.269049 | S112: 55.184091 | T112: 56.22657 | U112: 218.82038

Sheet Super Summary
A1: Brian fits
B2: Finite Strain | J2: Cook's Method | R2: Difference b/w FS and Cook | X2: COMBINED FINAL (1-sigma, GPa) <- from Summary & GLOBAL Summary rollups
B3: NoVs111 FS | C3: NoVp111 FS | D3: NoVs100 FS | E3: NoVp100 FS | F3: FS Global | G3: Baosheng Global | J3: NoVs111 CK | K3: NoVp111 CK | L3: NoVs100 CK | M3: NoVp100 CK | N3: CK Global | O3: Katahara 1979 | P3: Lenkkeri 1978 | Q3: Greiner 1979 | R3: NoVs111 | S3: NoVp111 | T3: NoVs100 | U3: NoVp100 | V3: Global | W3: FS avg no global | X3: Quantity | Y3: Reg value | Z3: Reg +/- | AA3: Global value | AB3: Global +/-
A4: C11 | B4: 240.65582 | C4: 240.82149 | D4: 240.8774 | E4: 236.4308 | F4: 239.78291 | G4: 238.88505 | J4: 240.76885 | K4: 240.99641 | L4: 240.92172 | M4: 236.4933 | N4: 239.8936 | O4: 230.9 | P4: 235.7 | Q4: 235.89 | R4: =B4-J4 -> -0.11302526 | S4: =C4-K4 -> -0.17492101 | T4: =D4-L4 -> -0.044319437 | U4: =E4-M4 -> -0.062495641 | V4: =F4-N4 -> -0.11069742 | W4: =G4-O4 -> 7.9850524 | X4: C11 | Y4: =Summary!V5 -> 239.74573 | Z4: =Summary!Y5 -> 0.722992 | AA4: ='GLOBAL Summary'!T4 -> 239.83826 | AB4: ='GLOBAL Summary'!W4 -> 0.40201249
A5: C12 | B5: 118.55576 | C5: 125.06155 | D5: 122.97399 | E5: 120.73087 | F5: 121.97067 | G5: 120.94395 | J5: 118.60801 | K5: 125.17213 | L5: 122.99108 | M5: 120.75389 | N5: 122.04281 | O5: 120.02 | P5: 126.5 | Q5: 120.76 | R5: =B5-J5 -> -0.052244341 | S5: =C5-K5 -> -0.11058349 | T5: =D5-L5 -> -0.017086777 | U5: =E5-M5 -> -0.023029102 | V5: =F5-N5 -> -0.072149313 | W5: =G5-O5 -> 0.92395327 | X5: C12 | Y5: =Summary!V6 -> 121.85591 | Z5: =Summary!Y6 -> 0.92756198 | AA5: ='GLOBAL Summary'!T5 -> 122.00674 | AB5: ='GLOBAL Summary'!W5 -> 0.40331422
A6: C44 | B6: 46.806856 | C6: 46.788062 | D6: 44.658879 | E6: 46.82052 | F6: 46.246437 | G6: 46.917624 | J6: 46.785023 | K6: 46.764414 | L6: 44.636996 | M6: 46.785203 | N6: 46.22189 | O6: 43.36 | P6: 43.6 | Q6: 46.55 | R6: =B6-J6 -> 0.021833151 | S6: =C6-K6 -> 0.023648229 | T6: =D6-L6 -> 0.021882887 | U6: =E6-M6 -> 0.035316944 | V6: =F6-N6 -> 0.02454723 | W6: =G6-O6 -> 3.5576242 | X6: C44 | Y6: =Summary!V7 -> 46.255744 | Z6: =Summary!Y7 -> 0.36241786 | AA6: ='GLOBAL Summary'!T6 -> 46.234164 | AB6: ='GLOBAL Summary'!W6 -> 0.40810597
A7: C11' | B7: 5.451739 | C7: 5.3976196 | D7: 5.401656 | E7: 5.7092963 | F7: 5.47492 | G7: 5.6027965 | J7: 5.3558862 | K7: 5.3080851 | L7: 5.3237627 | M7: 5.6166349 | N7: 5.3841195 | O7: 5.65 | R7: =B7-J7 -> 0.095852773 | S7: =C7-K7 -> 0.089534461 | T7: =D7-L7 -> 0.077893319 | U7: =E7-M7 -> 0.092661485 | V7: =F7-N7 -> 0.090800493 | W7: =G7-O7 -> -0.047203452 | X7: C11' | Y7: =Summary!V8 -> 5.445585 | Z7: =Summary!Y8 -> 0.052279334 | AA7: ='GLOBAL Summary'!T7 -> 5.4295197 | AB7: ='GLOBAL Summary'!W7 -> 0.057282527
A8: C12' | B8: 3.324186 | C8: 2.8955388 | D8: 3.024835 | E8: 3.1848805 | F8: 3.0858843 | G8: 3.2155844 | J8: 3.263623 | K8: 2.8396452 | L8: 2.9798343 | M8: 3.1320662 | N8: 3.0296303 | O8: 3.566 | R8: =B8-J8 -> 0.060563038 | S8: =C8-K8 -> 0.055893605 | T8: =D8-L8 -> 0.045000738 | U8: =E8-M8 -> 0.052814364 | V8: =F8-N8 -> 0.056253978 | W8: =G8-O8 -> -0.35041563 | X8: C12' | Y8: =Summary!V9 -> 3.0805761 | Z8: =Summary!Y9 -> 0.062743712 | AA8: ='GLOBAL Summary'!T8 -> 3.0577573 | AB8: ='GLOBAL Summary'!W8 -> 0.056743059
A9: C44' | B9: 0.25005403 | C9: 0.25523222 | D9: 0.38534865 | E9: 0.24843305 | F9: 0.28796127 | G9: 0.20492263 | J9: 0.25384815 | K9: 0.25793038 | L9: 0.3864157 | M9: 0.25382393 | N9: 0.29107399 | O9: 0.185 | R9: =B9-J9 -> -0.0037941238 | S9: =C9-K9 -> -0.0026981652 | T9: =D9-L9 -> -0.0010670539 | U9: =E9-M9 -> -0.0053908731 | V9: =F9-N9 -> -0.0031127172 | W9: =G9-O9 -> 0.019922626 | X9: C44' | Y9: =Summary!V10 -> 0.28638576 | Z9: =Summary!Y10 -> 0.024648032 | AA9: ='GLOBAL Summary'!T9 -> 0.28951763 | AB9: ='GLOBAL Summary'!W9 -> 0.052484402
A10: Misfit | B10: 2.2359344 | C10: 1.215655 | D10: 1.0308954 | E10: 0.55468552 | F10: 180.82244 | G10: 0.0034736222 | J10: 3.4005152 | K10: 4.6925915 | L10: 3.3664453 | M10: 2.0863166 | N10: 194.87799 | R10: =B10-J10 -> -1.1645807 | S10: =C10-K10 -> -3.4769366 | T10: =D10-L10 -> -2.3355499 | U10: =E10-M10 -> -1.5316311 | V10: =F10-N10 -> -14.055547 | W10: =G10-O10 -> 0.0034736222 | X10: K0 | Y10: =Summary!V11 -> 161.15252 | Z10: =Summary!Y11 -> 0.72738047 | AA10: ='GLOBAL Summary'!T10 -> 161.28391 | AB10: ='GLOBAL Summary'!W10 -> 0.29578773
X11: GV0 | Y11: =Summary!V12 -> 51.331409 | Z11: =Summary!Y12 -> 0.29391002 | AA11: ='GLOBAL Summary'!T11 -> 51.306801 | AB11: ='GLOBAL Summary'!W11 -> 0.27138392
D12: test | I12: No "Global Length" fit for global finite strain fit because it only changed the lengths and kept the Cij inputs as what they originally were (I did dummy fit where set Cij to 250, 150, 55 and then do fit and it kept those parameters and just fit length) | J12: → | L12: So, I did all the individual finite strain fits first so they had their optimized length then did a global fit for Cij0 and Cij0' | X12: GR0 | Y12: =Summary!V13 -> 50.614051 | Z12: =Summary!Y13 -> 0.29925165 | AA12: ='GLOBAL Summary'!T12 -> 50.589951 | AB12: ='GLOBAL Summary'!W12 -> 0.30573166
I13: Seems like the stress effect causes C11 it to be larger and C44 to be smaller | X13: GH0 | Y13: =Summary!V14 -> 50.97273 | Z13: =Summary!Y14 -> 0.29465077 | AA13: ='GLOBAL Summary'!T13 -> 50.948376 | AB13: ='GLOBAL Summary'!W13 -> 0.28765873
A15: Claude python redo all | X15: NOTE: Reg = mean of 8 per-pressure combo fits (4 FS+4 CK); Global = mean of 8 global fits. +/- combines fit SE and between-combo scatter. See Summary!U3 and 'GLOBAL Summary'!S2.
B16: Finite Strain | J16: Cook's Method
B17: No Vs111 FS | C17: No Vp111 FS | D17: No Vs100 FS | E17: No Vp100 FS | F17: GLOBAL FS | J17: No Vs111 CK | K17: No Vp111 CK | L17: No Vs100 CK | M17: No Vp100 CK | N17: GLOBAL CK
A18: C11 | B18: 240.96046 | C18: 241.05873 | D18: 241.08911 | E18: 229.36899 | F18: 239.49923 | J18: 240.76226 | K18: 241.08875 | L18: 240.98566 | M18: 229.51816 | N18: 238.83942
A19: C12 | B19: 112.06553 | C19: 129.0386 | D19: 123.47737 | E19: 117.43405 | F19: 121.24041 | J19: 112.00951 | K19: 129.07598 | L19: 123.40647 | M19: 117.64262 | N19: 121.84739
A20: C44 | B20: 46.819047 | C20: 46.772391 | D20: 41.202696 | E20: 46.816573 | F20: 45.464315 | J20: 46.790334 | K20: 46.758424 | L20: 41.158975 | M20: 46.790182 | N20: 45.192082
A21: C11' | B21: 5.4434469 | C21: 5.3603023 | D21: 5.380012 | E21: 5.963551 | F21: 5.5161678 | J21: 5.3932384 | K21: 5.2844576 | L21: 5.3185899 | M21: 5.8625343 | N21: 5.3345225
A22: C12' | B22: 3.4747767 | C22: 2.7008202 | D22: 2.9454369 | E22: 3.2662479 | F22: 3.0923015 | J22: 3.4293131 | K22: 2.6585351 | L22: 2.9115198 | M22: 3.192986 | N22: 2.8536047
A23: C44' | B23: 0.25152856 | C23: 0.25609802 | D23: 0.48847305 | E23: 0.25126332 | F23: 0.30660638 | J23: 0.25587767 | K23: 0.25849683 | L23: 0.49019991 | M23: 0.25591181 | N23: 0.34109188
A24: Misfit | B24: 2.4080154 | C24: 1.8087602 | D24: 1.2677211 | E24: 0.62657575 | F24: 1455.4838 | J24: 3.7353512 | K24: 5.2312078 | L24: 3.589928 | M24: 3.1806579 | N24: 1828.177
A26: Difference between Brian's fits and Claude's fits
A27: C11 diff | B27: =B4-B18 -> -0.30463954 | C27: =C4-C18 -> -0.23723957 | D27: =D4-D18 -> -0.21171181 | E27: =E4-E18 -> 7.0618105 | F27: =F4-F18 -> 0.28367527 | J27: =J4-J18 -> 0.0065860763 | K27: =K4-K18 -> -0.092339294 | L27: =L4-L18 -> -0.063933684 | M27: =M4-M18 -> 6.9751394 | N27: =N4-N18 -> 1.0541871
A28: C12 diff | B28: =B5-B19 -> 6.4902376 | C28: =C5-C19 -> -3.9770438 | D28: =D5-D19 -> -0.50337625 | E28: =E5-E19 -> 3.2968181 | F28: =F5-F19 -> 0.7302579 | J28: =J5-J19 -> 6.5984965 | K28: =K5-K19 -> -3.9038443 | L28: =L5-L19 -> -0.41539452 | M28: =M5-M19 -> 3.1112714 | N28: =N5-N19 -> 0.19542203
A29: C44 diff | B29: =B6-B20 -> -0.012190796 | C29: =C6-C20 -> 0.01567141 | D29: =D6-D20 -> 3.456183 | E29: =E6-E20 -> 0.0039465368 | F29: =F6-F20 -> 0.78212279 | J29: =J6-J20 -> -0.0053117933 | K29: =K6-K20 -> 0.0059903599 | L29: =L6-L20 -> 3.4780212 | M29: =M6-M20 -> -0.0049797834 | N29: =N6-N20 -> 1.0298086
A30: C11' diff | B30: =B7-B21 -> 0.0082920919 | C30: =C7-C21 -> 0.037317298 | D30: =D7-D21 -> 0.021644016 | E30: =E7-E21 -> -0.25425463 | F30: =F7-F21 -> -0.041247845 | J30: =J7-J21 -> -0.037352163 | K30: =K7-K21 -> 0.023627588 | L30: =L7-L21 -> 0.0051728564 | M30: =M7-M21 -> -0.24589944 | N30: =N7-N21 -> 0.049596985
A31: C12' diff | B31: =B8-B22 -> -0.15059066 | C31: =C8-C22 -> 0.19471865 | D31: =D8-D22 -> 0.079398137 | E31: =E8-E22 -> -0.081367305 | F31: =F8-F22 -> -0.0064172195 | J31: =J8-J22 -> -0.16569012 | K31: =K8-K22 -> 0.18111009 | L31: =L8-L22 -> 0.068314484 | M31: =M8-M22 -> -0.060919812 | N31: =N8-N22 -> 0.17602565
A32: C44' diff | B32: =B9-B23 -> -0.0014745313 | C32: =C9-C23 -> -0.00086580193 | D32: =D9-D23 -> -0.1031244 | E32: =E9-E23 -> -0.0028302652 | F32: =F9-F23 -> -0.018645105 | J32: =J9-J23 -> -0.0020295135 | K32: =K9-K23 -> -0.00056644883 | L32: =L9-L23 -> -0.10378421 | M32: =M9-M23 -> -0.0020878814 | N32: =N9-N23 -> -0.050017896
A33: Misfit dif | B33: =B10-B24 -> -0.17208093 | C33: =C10-C24 -> -0.59310522 | D33: =D10-D24 -> -0.23682567 | E33: =E10-E24 -> -0.071890229 | F33: =F10-F24 -> -1274.6614 | J33: =J10-J24 -> -0.33483608 | K33: =K10-K24 -> -0.53861623 | L33: =L10-L24 -> -0.22348271 | M33: =M10-M24 -> -1.0943413 | N33: =N10-N24 -> -1633.299
A35: Negative values means that claude is higher
A36: Positive values means that I am higher

Sheet No Vs 111
A1: V100 Pressure | B1: Oil P | C1: 2TP Au pressure corrected 111 | D1: 2TS Au pressure corrected 111 | E1: V100 Pressure | F1: 2TP Au 100 | G1: 2TS Au 100 high C44 | H1: L corrected v111 TP | I1: L correct v111 TS | J1: f(x) for cook | K1: rect+triang | L1: Sum Cook (I) | M1: Cook's Length | N1: integ unc | O1: trap uncert | P1: Trap add | Q1: L uncert | R1: Volume | S1: V ncrt | T1: V/v0 | U1: v/v0 ncrt | V1: New density | W1: rho ncrt | X1: Strain | Y1: VP100 ncrt | Z1: VS100 ncrt | AA1: VP111 ncrt | AB1: VS111 ncrt | AC1: Vp 111 | AD1: Vp100 | AE1: Vs100 | AF1: pvp111^2 | AG1: C11 exp | AH1: C44 exp | AI1: C12 vp | AK1: L | AL1: V | AM1: V0/V calc | AN1: density | AO1: FS Pressure | AP1: finite strain f | AQ1: C11 fit | AR1: C44 fit | AS1: C12 fit | AT1: C11 diff | AU1: C44 diff | AV1: C12 diff | AW1: FSP diff | AZ1: 2TP Au 100 | BA1: 2TS Au 100 high C44 | BB1: L corrected v111 TP | BC1: L correct v111 TS | BD1: L | BE1: V | BF1: V0/V calc | BG1: density | BH1: FS Pressure | BI1: finite strain f | BJ1: delta P | BK1: Vp 111 calc | BL1: Vp100 calc | BM1: Vs100 calc | BN1: pvp111^2 | BO1: C11 FS calc | BP1: C44 FS calc | BQ1: C12 FS calc | BR1: C11 fit | BS1: C44 fit | BT1: C12 fit | BU1: C11 diff | BV1: C12 vp diff | BW1: C44 diff | BX1: K | BY1: Vp100 | BZ1: Vs100 | CA1: Vp111 | CB1: Vs111 | CC1: GV | CD1: GR | CE1: GH | CF1: VP100 diff | CG1: VS100 diff | CH1: VP111 diff | ET1: UNCERTAINTY BLOCK (per-point, 1sigma) --> | EU1: B1 | EV1: B2 | EW1: B3 | EX1: VarC11 | EY1: VarC12 | EZ1: VarC44 | FA1: Cov1112 | FB1: Cov1144 | FC1: Cov1244 | FD1: GRg1 | FE1: GRg3 | FF1: GHg1 | FG1: GHg2 | FH1: GHg3 | FI1: sigC11 | FJ1: sigC12 | FK1: sigC44 | FL1: sigK | FM1: sigGV | FN1: sigGR | FO1: sigGH
A2: 0 | B2: 0 | C2: 0.21010882 | D2: 0.41441731 | E2: 0 | F2: =0.229199934662983 -> 0.22919993 | G2: =0.510926917293233 -> 0.51092692 | H2: =C2*0.712/0.623 -> 0.24012437 | I2: =D2*0.712/0.623 -> 0.47361979 | J2: =1/((1/(H2^2))-(1.33333333333333/(G2^2))) -> 0.08172952 | L2: =SUM(K2:$K$2) -> 0 | M2: 0.704 | N2: =(6*F2*G2*SQRT(9*(G2^6)*(0.0002^2)+16*(F2^6)*(0.0002)^2))/((4*F2^2 - 3*G2^2)^2) -> 0.00017248585 | O2: =(((E2-E2)/2)^2)*(N2^2+N3^2) -> 0 | P2: =SUM(O2:$O$2) -> 0 | Q2: 0.001 | R2: =M2^3 -> 0.34891366 | S2: =3*Q2/M2*R2 -> 0.001486848 | T2: =R2/$R$2 -> 1 | U2: =T2*3*SQRT((Q2/M2)^2)+(0.001/$M$2)^2 -> 0.0042633813 | V2: =$B$40/((M2/$M$2)^3) -> 6.09 | W2: 0.01 | X2: =(1-((V2/$B$40)^0.66666667))/2 -> 0 | Y2: =(SQRT((Q2/M2)^2 + (0.0002/F2)^2))*AD2 -> 0.010357367 | Z2: =SQRT((Q2/M2)^2 + (0.0002/G2)^2)*AE2 -> 0.0041065128 | AA2: =SQRT((Q2/M2)^2 + (0.0002/H2)^2)*AC2 -> 0.0097649912 | AC2: =2*0.712/H2 -> 5.9302602 | AD2: =2*0.712/F2 -> 6.2129163 | AE2: =2*0.712/G2 -> 2.7870914 | AF2: =V2*AC2*AC2 -> 214.17304 | AG2: =V2*AD2^2 -> 235.076 | AH2: =V2*AE2^2 -> 47.306379 | AI2: =1.5*AF2-AG2/2-2*AH2 -> 109.1088 | AK2: =M2 -> 0.704 | AL2: =AK2^3 -> 0.34891366 | AM2: =$AL$2/AL2 -> 1 | AN2: 6.09 | AO2: =-3*$AW$32*((1-2*AP2)^2.5)*(1+3*(4-$AW$33)*AP2/2)*AP2 -> 0 | AP2: =0.5*(1-AM2^0.666666667) -> 0 | AQ2: =(1-2*AP2)^(3.5)*($AW$26-$AW$39*AP2)+AO2*3 -> 240.76885 | AR2: =(1-2*AP2)^(3.5)*($AW$28-$AW$41*AP2)+AO2*1 -> 46.785023 | AS2: =(1-2*AP2)^(3.5)*($AW$27-$AW$40*AP2)+AO2*1 -> 118.60801 | AT2: =AQ2-AG2 -> 5.692847 | AU2: =AR2-AH2 -> -0.52135611 | AV2: =AS2-AI2 -> 9.4992122 | AW2: =AO2-A2 -> 0 | AZ2: 0.22919993 | BA2: 0.51092692 | BB2: =C2*0.712/0.623 -> 0.24012437 | BC2: =D2*0.712/0.623 -> 0.47361979 | BD2: 0.704 | BE2: =BD2^3 -> 0.34891366 | BF2: =$BE$2/BE2 -> 1 | BG2: 6.09 | BH2: =-3*$BA$32*((1-2*BI2)^2.5)*(1+3*(4-$BA$33)*BI2/2)*BI2 -> 0 | BI2: =0.5*(1-BF2^0.666666667) -> 0 | BJ2: =BH2-E2 -> 0 | BK2: =2*0.712/BB2 -> 5.9302602 | BL2: =2*0.712/AZ2 -> 6.2129163 | BM2: =2*0.712/BA2 -> 2.7870914 | BN2: =BG2*BK2*BK2 -> 214.17304 | BO2: =BG2*BL2^2 -> 235.076 | BP2: =BG2*BM2^2 -> 47.306379 | BQ2: =1.5*BN2-BO2/2-2*BP2 -> 109.1088 | BR2: =(1-2*BI2)^(3.5)*($BA$26-$BA$39*BI2)+BH2*3 -> 240.65582 | BS2: =(1-2*BI2)^(3.5)*($BA$28-$BA$41*BI2)+BH2*1 -> 46.806856 | BT2: =(1-2*BI2)^(3.5)*($BA$27-$BA$40*BI2)+BH2*1 -> 118.55576 | BU2: =BR2-BO2 -> 5.5798217 | BV2: =BT2-BQ2 -> 9.4469679 | BW2: =BS2-BP2 -> -0.49952296 | BX2: =(BR2+2*BT2)/3 -> 159.25578 | BY2: =SQRT(BR2/BG2) -> 6.2862195 | BZ2: =SQRT(BS2/BG2) -> 2.7723374 | CA2: =SQRT((0.33333334*(BR2+2*BT2+4*BS2))/BG2) -> 6.0330906 | CB2: =SQRT((0.3333334*(BR2-BT2+BS2))/BG2) -> 3.0405663 | CC2: =(BR2-BT2+3*BS2)/5 -> 52.504125 | CD2: =((5*(BR2-BT2)*BS2)/(3*(BR2-BT2)+4*BS2)) -> 51.624525 | CE2: =(CC2+CD2)/2 -> 52.064325 | CF2: =BY2-AD2 -> 0.073303219 | CG2: =BZ2-AE2 -> -0.014753939 | CH2: =CA2-AC2 -> 0.10283038 | CO2: tttttttttttttttttttt | DO2: o | EH2: 0 | ET2: =(0.02/$B$40)^2+9*(0.001/$B$38)^2+(Q2/M2)^2 -> 3.0962042e-05 | EU2: =4*(AG2)^2*(0.0002/F2)^2 -> 0.1683091 | EV2: =4*(AH2)^2*(0.0002/G2)^2 -> 0.0013716453 | EW2: =4*(AF2)^2*(0.0002/H2)^2 -> 0.12728496 | EX2: =(AG2)^2*ET2+1*EU2 -> 1.879294 | EY2: =(AI2)^2*ET2+0.25*EU2+4*EV2+2.25*EW2 -> 0.70254974 | EZ2: =(AH2)^2*ET2+1*EV2 -> 0.070661396 | FA2: =(AG2)*(AI2)*ET2+-0.5*EU2 -> 0.7099865 | FB2: =(AG2)*(AH2)*ET2 -> 0.3443163 | FC2: =(AI2)*(AH2)*ET2+-2*EV2 -> 0.15706859 | FD2: =20*(AH2)^2/(3*((AG2)-(AI2))+4*(AH2))^2 -> 0.13915812 | FE2: =15*((AG2)-(AI2))^2/(3*((AG2)-(AI2))+4*(AH2))^2 -> 0.74002331 | FF2: =(0.2+FD2)/2 -> 0.16957906 | FG2: =(-0.2-FD2)/2 -> -0.16957906 | FH2: =(0.6+FE2)/2 -> 0.67001165 | FI2: =SQRT(EX2) -> 1.3708734 | FJ2: =SQRT(EY2) -> 0.8381824 | FK2: =SQRT(EZ2) -> 0.26582211 | FL2: =SQRT(EX2/9+4*EY2/9+(4/9)*FA2) -> 0.91466077 | FM2: =SQRT((EX2+EY2+9*EZ2)/25+(-2*FA2+6*FB2-6*FC2)/25) -> 0.34183678 | FN2: =SQRT(FD2^2*(EX2+EY2)-2*FD2^2*FA2+FE2^2*EZ2+2*FD2*FE2*(FB2-FC2)) -> 0.31585101 | FO2: =SQRT(FF2^2*EX2+FG2^2*EY2+FH2^2*EZ2+2*FF2*FG2*FA2+2*FF2*FH2*FB2+2*FG2*FH2*FC2) -> 0.32815109
A3: 0.12913291 | B3: 30 | C3: 0.2017768 | D3: 0.41395642 | E3: 0.12913291 | F3: 0.22474572 | G3: 0.50723365 | H3: =C3*$M$2/0.607 -> 0.2340212 | I3: =D3*$M$2/0.607 -> 0.48010762 | J3: =1/((1/(H3^2))-(1.33333333333333/(G3^2))) -> 0.076468796 | K3: =(J3*(E3-E2)+0.5*(E3-E2)*(J2-J3)) -> 0.010214304 | L3: =SUM(K$3:$K3) -> 0.010214304 | M3: =0.704/((L3*$B$43+1)) -> 0.70379815 | N3: =(6*F3*G3*SQRT(9*(G3^6)*(0.0002^2)+16*(F3^6)*(0.0002)^2))/((4*F3^2 - 3*G3^2)^2) -> 0.00016605784 | O3: =(((E3-E2)/2)^2)*(N3^2+N4^2) -> 2.216109e-10 | P3: =SUM(O$2:$O3) -> 2.216109e-10 | Q3: =SQRT(((M30*0.001)^2)+((N30*0.02)^2)+((O30*P3)^2)) -> 0.0010002868 | R3: =M3^3 -> 0.34861363 | S3: =3*Q3/M3*R3 -> 0.0014864217 | T3: =R3/$R$2 -> 0.9991401 | U3: =T3*3*SQRT((Q3/M3)^2)+(0.001/$M$2)^2 -> 0.0042621594 | V3: =$B$40/((M3/$M$2)^3) -> 6.0952413 | W3: =(SQRT((0.02/$V$2)^2+(9*(0.001/$M$2)^2)+(9*(Q3/M3)^2))*V3) -> 0.041842138 | X3: =(1-((V3/$B$40)^0.66666667))/2 -> -0.00028683825 | Y3: =(SQRT((Q3/M3)^2 + (0.0002/F3)^2))*AD3 -> 0.010502389 | Z3: =SQRT((Q3/M3)^2 + (0.0002/G3)^2)*AE3 -> 0.0040930513 | AA3: =SQRT((Q3/M3)^2 + (0.0002/H3)^2)*AC3 -> 0.0099751606 | AC3: =2*M3/H3 -> 6.014824 | AD3: =2*M3/F3 -> 6.2630617 | AE3: =2*M3/G3 -> 2.7750452 | AF3: =V3*AC3*AC3 -> 220.51429 | AG3: =V3*AD3^2 -> 239.09158 | AH3: =V3*AE3^2 -> 46.938697 | AI3: =1.5*AF3-AG3/2-2*AH3 -> 117.34826 | AK3: =M3 -> 0.70379815 | AL3: =AK3^3 -> 0.34861363 | AM3: =$AL$2/AL3 -> 1.0008606 | AN3: =$AN$2/((AK3/$AK$2)^3) -> 6.0952413 | AO3: =-3*$AW$32*((1-2*AP3)^2.5)*(1+3*(4-$AW$33)*AP3/2)*AP3 -> 0.13729876 | AP3: =0.5*(1-AM3^0.666666667) -> -0.00028683825 | AQ3: =(1-2*AP3)^(3.5)*($AW$26-$AW$39*AP3)+AO3*3 -> 241.50377 | AR3: =(1-2*AP3)^(3.5)*($AW$28-$AW$41*AP3)+AO3*1 -> 46.819694 | AS3: =(1-2*AP3)^(3.5)*($AW$27-$AW$40*AP3)+AO3*1 -> 119.05597 | AT3: =AQ3-AG3 -> 2.4121916 | AU3: =AR3-AH3 -> -0.11900329 | AV3: =AS3-AI3 -> 1.707717 | AW3: =AO3-A3 -> 0.0081658481 | AZ3: 0.22474572 | BA3: 0.50723365 | BB3: =C3*$BD$2/0.607 -> 0.2340212 | BC3: =D3*$BD$2/0.607 -> 0.48010762 | BD3: 0.70410933 | BE3: =BD3^3 -> 0.34907624 | BF3: =$BE$2/BE3 -> 0.99953426 | BG3: =$BG$2/((BD3/$BD$2)^3) -> 6.0871636 | BH3: =-3*$BA$32*((1-2*BI3)^2.5)*(1+3*(4-$BA$33)*BI3/2)*BI3 -> -0.074120163 | BI3: =0.5*(1-BF3^0.666666667) -> 0.00015526032 | BJ3: =BH3-E3 -> -0.20325307 | BK3: =2*BD3/BB3 -> 6.0174834 | BL3: =2*BD3/AZ3 -> 6.2658308 | BM3: =2*BD3/BA3 -> 2.7762722 | BN3: =BG3*BK3*BK3 -> 220.41684 | BO3: =BG3*BL3^2 -> 238.98591 | BP3: =BG3*BM3^2 -> 46.917953 | BQ3: =1.5*BN3-BO3/2-2*BP3 -> 117.2964 | BR3: =(1-2*BI3)^(3.5)*($BA$26-$BA$39*BI3)+BH3*3 -> 240.25161 | BS3: =(1-2*BI3)^(3.5)*($BA$28-$BA$41*BI3)+BH3*1 -> 46.788269 | BT3: =(1-2*BI3)^(3.5)*($BA$27-$BA$40*BI3)+BH3*1 -> 118.30934 | BU3: =BR3-BO3 -> 1.2656968 | BV3: =BT3-BQ3 -> 1.0129397 | BW3: =BS3-BP3 -> -0.1296835 | BX3: =(BR3+2*BT3)/3 -> 158.95676 | BY3: =SQRT(BR3/BG3) -> 6.2824012 | BZ3: =SQRT(BS3/BG3) -> 2.7724326 | CA3: =SQRT((0.33333334*(BR3+2*BT3+4*BS3))/BG3) -> 6.0300869 | CB3: =SQRT((0.3333334*(BR3-BT3+BS3))/BG3) -> 3.0396864 | CC3: =(BR3-BT3+3*BS3)/5 -> 52.461416 | CD3: =((5*(BR3-BT3)*BS3)/(3*(BR3-BT3)+4*BS3)) -> 51.588385 | CE3: =(CC3+CD3)/2 -> 52.024901 | CF3: =BY3-AD3 -> 0.019339508 | CG3: =BZ3-AE3 -> -0.0026125771 | CH3: =CA3-AC3 -> 0.015262894 | ET3: =(0.02/$B$40)^2+9*(0.001/$B$38)^2+(Q3/M3)^2 -> 3.0964357e-05 | EU3: =4*(AG3)^2*(0.0002/F3)^2 -> 0.181078 | EV3: =4*(AH3)^2*(0.0002/G3)^2 -> 0.0013701431 | EW3: =4*(AF3)^2*(0.0002/H3)^2 -> 0.14206369 | EX3: =(AG3)^2*ET3+1*EU3 -> 1.9511488 | EY3: =(AI3)^2*ET3+0.25*EU3+4*EV3+2.25*EW3 -> 0.79679157 | EZ3: =(AH3)^2*ET3+1*EV3 -> 0.069592093 | FA3: =(AG3)*(AI3)*ET3+-0.5*EU3 -> 0.77822736 | FB3: =(AG3)*(AH3)*ET3 -> 0.34750206 | FC3: =(AI3)*(AH3)*ET3+-2*EV3 -> 0.16781679 | FD3: =20*(AH3)^2/(3*((AG3)-(AI3))+4*(AH3))^2 -> 0.14410059 | FE3: =15*((AG3)-(AI3))^2/(3*((AG3)-(AI3))+4*(AH3))^2 -> 0.72703486 | FF3: =(0.2+FD3)/2 -> 0.17205029 | FG3: =(-0.2-FD3)/2 -> -0.17205029 | FH3: =(0.6+FE3)/2 -> 0.66351743 | FI3: =SQRT(EX3) -> 1.3968353 | FJ3: =SQRT(EY3) -> 0.89263182 | FK3: =SQRT(EZ3) -> 0.26380313 | FL3: =SQRT(EX3/9+4*EY3/9+(4/9)*FA3) -> 0.95749816 | FM3: =SQRT((EX3+EY3+9*EZ3)/25+(-2*FA3+6*FB3-6*FC3)/25) -> 0.34034841 | FN3: =SQRT(FD3^2*(EX3+EY3)-2*FD3^2*FA3+FE3^2*EZ3+2*FD3*FE3*(FB3-FC3)) -> 0.31492222 | FO3: =SQRT(FF3^2*EX3+FG3^2*EY3+FH3^2*EZ3+2*FF3*FG3*FA3+2*FF3*FH3*FB3+2*FG3*FH3*FC3) -> 0.32700608
A4: 1.6356835 | B4: 60 | C4: 0.19870445 | D4: 0.40424966 | E4: 1.6356835 | F4: 0.22094572 | G4: 0.50583365 | H4: =C4*$M$2/0.607 -> 0.23045788 | I4: =D4*$M$2/0.607 -> 0.46884969 | J4: =1/((1/(H4^2))-(1.33333333333333/(G4^2))) -> 0.073434797 | K4: =(J4*(E4-E3)+0.5*(E4-E3)*(J3-J4)) -> 0.11291867 | L4: =SUM(K$3:$K4) -> 0.12313298 | M4: =$B$38/((L4*$B$43+1)) -> 0.70157443 | N4: =(6*F4*G4*SQRT(9*(G4^6)*(0.0002^2)+16*(F4^6)*(0.0002)^2))/((4*F4^2 - 3*G4^2)^2) -> 0.00015994952 | O4: =(((E4-E3)/2)^2)*(N4^2+N5^2) -> 2.8357893e-08 | P4: =SUM(O$2:$O4) -> 2.8579504e-08 | Q4: =SQRT(((M31*0.001)^2)+((N31*0.02)^2)+((O31*P4)^2)) -> 0.0010034531 | R4: =M4^3 -> 0.34531962 | S4: =3*Q4/M4*R4 -> 0.0014817189 | T4: =R4/$R$2 -> 0.98969933 | U4: =T4*3*SQRT((Q4/M4)^2)+(0.001/$M$2)^2 -> 0.0042486812 | V4: =$B$40/((M4/$M$2)^3) -> 6.153384 | W4: =(SQRT((0.02/$V$2)^2+(9*(0.001/$M$2)^2)+(9*(Q4/M4)^2))*V4) -> 0.042344873 | X4: =(1-((V4/$B$40)^0.66666667))/2 -> -0.0034633029 | Y4: =(SQRT((Q4/M4)^2 + (0.0002/F4)^2))*AD4 -> 0.010749511 | Z4: =SQRT((Q4/M4)^2 + (0.0002/G4)^2)*AE4 -> 0.0041163274 | AA4: =SQRT((Q4/M4)^2 + (0.0002/H4)^2)*AC4 -> 0.010185986 | AC4: =2*M4/H4 -> 6.0885262 | AD4: =2*M4/F4 -> 6.3506496 | AE4: =2*M4/G4 -> 2.7739334 | AF4: =V4*AC4*AC4 -> 228.10687 | AG4: =V4*AD4^2 -> 248.1706 | AH4: =V4*AE4^2 -> 47.348484 | AI4: =1.5*AF4-AG4/2-2*AH4 -> 123.37804 | AK4: =M4 -> 0.70157443 | AL4: =AK4^3 -> 0.34531962 | AM4: =$AL$2/AL4 -> 1.0104079 | AN4: =$AN$2/((AK4/$AK$2)^3) -> 6.153384 | AO4: =-3*$AW$32*((1-2*AP4)^2.5)*(1+3*(4-$AW$33)*AP4/2)*AP4 -> 1.6838805 | AP4: =0.5*(1-AM4^0.666666667) -> -0.0034633029 | AQ4: =(1-2*AP4)^(3.5)*($AW$26-$AW$39*AP4)+AO4*3 -> 249.72378 | AR4: =(1-2*AP4)^(3.5)*($AW$28-$AW$41*AP4)+AO4*1 -> 47.185632 | AS4: =(1-2*AP4)^(3.5)*($AW$27-$AW$40*AP4)+AO4*1 -> 124.08541 | AT4: =AQ4-AG4 -> 1.5531868 | AU4: =AR4-AH4 -> -0.16285218 | AV4: =AS4-AI4 -> 0.70736286 | AW4: =AO4-A4 -> 0.048196969 | AZ4: 0.22094572 | BA4: 0.50583365 | BB4: =C4*$BD$2/0.607 -> 0.23045788 | BC4: =D4*$BD$2/0.607 -> 0.46884969 | BD4: 0.70169087 | BE4: =BD4^3 -> 0.34549159 | BF4: =$BE$2/BE4 -> 1.0099049 | BG4: =$BG$2/((BD4/$BD$2)^3) -> 6.1503211 | BH4: =-3*$BA$32*((1-2*BI4)^2.5)*(1+3*(4-$BA$33)*BI4/2)*BI4 -> 1.6011731 | BI4: =0.5*(1-BF4^0.666666667) -> -0.0032962187 | BJ4: =BH4-E4 -> -0.034510372 | BK4: =2*BD4/BB4 -> 6.0895367 | BL4: =2*BD4/AZ4 -> 6.3517037 | BM4: =2*BD4/BA4 -> 2.7743938 | BN4: =BG4*BK4*BK4 -> 228.06902 | BO4: =BG4*BL4^2 -> 248.12941 | BP4: =BG4*BM4^2 -> 47.340627 | BQ4: =1.5*BN4-BO4/2-2*BP4 -> 123.35757 | BR4: =(1-2*BI4)^(3.5)*($BA$26-$BA$39*BI4)+BH4*3 -> 249.32695 | BS4: =(1-2*BI4)^(3.5)*($BA$28-$BA$41*BI4)+BH4*1 -> 47.183323 | BT4: =(1-2*BI4)^(3.5)*($BA$27-$BA$40*BI4)+BH4*1 -> 123.86125 | BU4: =BR4-BO4 -> 1.1975423 | BV4: =BT4-BQ4 -> 0.50368514 | BW4: =BS4-BP4 -> -0.15730449 | BX4: =(BR4+2*BT4)/3 -> 165.68315 | BY4: =SQRT(BR4/BG4) -> 6.3670128 | BZ4: =SQRT(BS4/BG4) -> 2.7697806 | CA4: =SQRT((0.33333334*(BR4+2*BT4+4*BS4))/BG4) -> 6.0965447 | CB4: =SQRT((0.3333334*(BR4-BT4+BS4))/BG4) -> 3.0589515 | CC4: =(BR4-BT4+3*BS4)/5 -> 53.403134 | CD4: =((5*(BR4-BT4)*BS4)/(3*(BR4-BT4)+4*BS4)) -> 52.376308 | CE4: =(CC4+CD4)/2 -> 52.889721 | CF4: =BY4-AD4 -> 0.016363161 | CG4: =BZ4-AE4 -> -0.0041528374 | CH4: =CA4-AC4 -> 0.008018528 | ET4: =(0.02/$B$40)^2+9*(0.001/$B$38)^2+(Q4/M4)^2 -> 3.0990073e-05 | EU4: =4*(AG4)^2*(0.0002/F4)^2 -> 0.20185962 | EV4: =4*(AH4)^2*(0.0002/G4)^2 -> 0.001401899 | EW4: =4*(AF4)^2*(0.0002/H4)^2 -> 0.15675218 | EX4: =(AG4)^2*ET4+1*EU4 -> 2.1104962 | EY4: =(AI4)^2*ET4+0.25*EU4+4*EV4+2.25*EW4 -> 0.88050016 | EZ4: =(AH4)^2*ET4+1*EV4 -> 0.070877891 | FA4: =(AG4)*(AI4)*ET4+-0.5*EU4 -> 0.8479491 | FB4: =(AG4)*(AH4)*ET4 -> 0.3641489 | FC4: =(AI4)*(AH4)*ET4+-2*EV4 -> 0.17823287 | FD4: =20*(AH4)^2/(3*((AG4)-(AI4))+4*(AH4))^2 -> 0.14107036 | FE4: =15*((AG4)-(AI4))^2/(3*((AG4)-(AI4))+4*(AH4))^2 -> 0.73495748 | FF4: =(0.2+FD4)/2 -> 0.17053518 | FG4: =(-0.2-FD4)/2 -> -0.17053518 | FH4: =(0.6+FE4)/2 -> 0.66747874 | FI4: =SQRT(EX4) -> 1.4527547 | FJ4: =SQRT(EY4) -> 0.9383497 | FK4: =SQRT(EZ4) -> 0.26622902 | FL4: =SQRT(EX4/9+4*EY4/9+(4/9)*FA4) -> 1.0013487 | FM4: =SQRT((EX4+EY4+9*EZ4)/25+(-2*FA4+6*FB4-6*FC4)/25) -> 0.34919882 | FN4: =SQRT(FD4^2*(EX4+EY4)-2*FD4^2*FA4+FE4^2*EZ4+2*FD4*FE4*(FB4-FC4)) -> 0.32032943 | FO4: =SQRT(FF4^2*EX4+FG4^2*EY4+FH4^2*EZ4+2*FF4*FG4*FA4+2*FF4*FH4*FB4+2*FG4*FH4*FC4) -> 0.33401731
A5: 2.4965696 | B5: 90 | C5: 0.19712307 | D5: 0.40093724 | E5: 2.4965696 | F5: 0.21874572 | G5: 0.50583365 | H5: =C5*$M$2/0.607 -> 0.22862379 | I5: =D5*$M$2/0.607 -> 0.46500794 | J5: =1/((1/(H5^2))-(1.33333333333333/(G5^2))) -> 0.071834787 | K5: =(J5*(E5-E4)+0.5*(E5-E4)*(J4-J5)) -> 0.06253028 | L5: =SUM(K$3:$K5) -> 0.18566326 | M5: =$B$38/((L5*$B$43+1)) -> 0.70034904 | N5: =(6*F5*G5*SQRT(9*(G5^6)*(0.0002^2)+16*(F5^6)*(0.0002)^2))/((4*F5^2 - 3*G5^2)^2) -> 0.00015618171 | O5: =(((E5-E4)/2)^2)*(N5^2+N6^2) -> 8.8434243e-09 | P5: =SUM(O$2:$O5) -> 3.7422929e-08 | Q5: =SQRT(((M32*0.001)^2)+((N32*0.02)^2)+((O32*P5)^2)) -> 0.001005203 | R5: =M5^3 -> 0.34351335 | S5: =3*Q5/M5*R5 -> 0.0014791224 | T5: =R5/$R$2 -> 0.9845225 | U5: =T5*3*SQRT((Q5/M5)^2)+(0.001/$M$2)^2 -> 0.0042412394 | V5: =$B$40/((M5/$M$2)^3) -> 6.1857398 | W5: =(SQRT((0.02/$V$2)^2+(9*(0.001/$M$2)^2)+(9*(Q5/M5)^2))*V5) -> 0.042625462 | X5: =(1-((V5/$B$40)^0.66666667))/2 -> -0.0052266388 | Y5: =(SQRT((Q5/M5)^2 + (0.0002/F5)^2))*AD5 -> 0.010896941 | Z5: =SQRT((Q5/M5)^2 + (0.0002/G5)^2)*AE5 -> 0.0041224874 | AA5: =SQRT((Q5/M5)^2 + (0.0002/H5)^2)*AC5 -> 0.01029811 | AC5: =2*M5/H5 -> 6.1266507 | AD5: =2*M5/F5 -> 6.4033166 | AE5: =2*M5/G5 -> 2.7690884 | AF5: =V5*AC5*AC5 -> 232.18699 | AG5: =V5*AD5^2 -> 253.63057 | AH5: =V5*AE5^2 -> 47.431329 | AI5: =1.5*AF5-AG5/2-2*AH5 -> 126.60255 | AK5: =M5 -> 0.70034904 | AL5: =AK5^3 -> 0.34351335 | AM5: =$AL$2/AL5 -> 1.0157208 | AN5: =$AN$2/((AK5/$AK$2)^3) -> 6.1857398 | AO5: =-3*$AW$32*((1-2*AP5)^2.5)*(1+3*(4-$AW$33)*AP5/2)*AP5 -> 2.5632712 | AP5: =0.5*(1-AM5^0.666666667) -> -0.0052266388 | AQ5: =(1-2*AP5)^(3.5)*($AW$26-$AW$39*AP5)+AO5*3 -> 254.35161 | AR5: =(1-2*AP5)^(3.5)*($AW$28-$AW$41*AP5)+AO5*1 -> 47.374157 | AS5: =(1-2*AP5)^(3.5)*($AW$27-$AW$40*AP5)+AO5*1 -> 126.93215 | AT5: =AQ5-AG5 -> 0.72104394 | AU5: =AR5-AH5 -> -0.057172328 | AV5: =AS5-AI5 -> 0.32960276 | AW5: =AO5-A5 -> 0.066701662 | AZ5: 0.21874572 | BA5: 0.50583365 | BB5: =C5*$BD$2/0.607 -> 0.22862379 | BC5: =D5*$BD$2/0.607 -> 0.46500794 | BD5: 0.70031976 | BE5: =BD5^3 -> 0.34347026 | BF5: =$BE$2/BE5 -> 1.0158483 | BG5: =$BG$2/((BD5/$BD$2)^3) -> 6.1865159 | BH5: =-3*$BA$32*((1-2*BI5)^2.5)*(1+3*(4-$BA$33)*BI5/2)*BI5 -> 2.5848304 | BI5: =0.5*(1-BF5^0.666666667) -> -0.0052688963 | BJ5: =BH5-E5 -> 0.088260794 | BK5: =2*BD5/BB5 -> 6.1263945 | BL5: =2*BD5/AZ5 -> 6.4030488 | BM5: =2*BD5/BA5 -> 2.7689726 | BN5: =BG5*BK5*BK5 -> 232.1967 | BO5: =BG5*BL5^2 -> 253.64117 | BP5: =BG5*BM5^2 -> 47.433312 | BQ5: =1.5*BN5-BO5/2-2*BP5 -> 126.60784 | BR5: =(1-2*BI5)^(3.5)*($BA$26-$BA$39*BI5)+BH5*3 -> 254.59857 | BS5: =(1-2*BI5)^(3.5)*($BA$28-$BA$41*BI5)+BH5*1 -> 47.391637 | BT5: =(1-2*BI5)^(3.5)*($BA$27-$BA$40*BI5)+BH5*1 -> 127.10442 | BU5: =BR5-BO5 -> 0.95739504 | BV5: =BT5-BQ5 -> 0.49657805 | BW5: =BS5-BP5 -> -0.041675077 | BX5: =(BR5+2*BT5)/3 -> 169.60247 | BY5: =SQRT(BR5/BG5) -> 6.4151219 | BZ5: =SQRT(BS5/BG5) -> 2.7677559 | CA5: =SQRT((0.33333334*(BR5+2*BT5+4*BS5))/BG5) -> 6.1342339 | CB5: =SQRT((0.3333334*(BR5-BT5+BS5))/BG5) -> 3.0696835 | CC5: =(BR5-BT5+3*BS5)/5 -> 53.933812 | CD5: =((5*(BR5-BT5)*BS5)/(3*(BR5-BT5)+4*BS5)) -> 52.811529 | CE5: =(CC5+CD5)/2 -> 53.372671 | CF5: =BY5-AD5 -> 0.011805333 | CG5: =BZ5-AE5 -> -0.001332479 | CH5: =CA5-AC5 -> 0.007583179 | ET5: =(0.02/$B$40)^2+9*(0.001/$B$38)^2+(Q5/M5)^2 -> 3.1004404e-05 | EU5: =4*(AG5)^2*(0.0002/F5)^2 -> 0.2151018 | EV5: =4*(AH5)^2*(0.0002/G5)^2 -> 0.001406809 | EW5: =4*(AF5)^2*(0.0002/H5)^2 -> 0.16502621 | EX5: =(AG5)^2*ET5+1*EU5 -> 2.2095675 | EY5: =(AI5)^2*ET5+0.25*EU5+4*EV5+2.25*EW5 -> 0.9276566 | EZ5: =(AH5)^2*ET5+1*EV5 -> 0.071158377 | FA5: =(AG5)*(AI5)*ET5+-0.5*EU5 -> 0.88800907 | FB5: =(AG5)*(AH5)*ET5 -> 0.37298406 | FC5: =(AI5)*(AH5)*ET5+-2*EV5 -> 0.18336557 | FD5: =20*(AH5)^2/(3*((AG5)-(AI5))+4*(AH5))^2 -> 0.13809514 | FE5: =15*((AG5)-(AI5))^2/(3*((AG5)-(AI5))+4*(AH5))^2 -> 0.74286196 | FF5: =(0.2+FD5)/2 -> 0.16904757 | FG5: =(-0.2-FD5)/2 -> -0.16904757 | FH5: =(0.6+FE5)/2 -> 0.67143098 | FI5: =SQRT(EX5) -> 1.4864614 | FJ5: =SQRT(EY5) -> 0.96314931 | FK5: =SQRT(EZ5) -> 0.26675527 | FL5: =SQRT(EX5/9+4*EY5/9+(4/9)*FA5) -> 1.0258996 | FM5: =SQRT((EX5+EY5+9*EZ5)/25+(-2*FA5+6*FB5-6*FC5)/25) -> 0.35436378 | FN5: =SQRT(FD5^2*(EX5+EY5)-2*FD5^2*FA5+FE5^2*EZ5+2*FD5*FE5*(FB5-FC5)) -> 0.32269357 | FO5: =SQRT(FF5^2*EX5+FG5^2*EY5+FH5^2*EZ5+2*FF5*FG5*FA5+2*FF5*FH5*FB5+2*FG5*FH5*FC5) -> 0.33767397
A6: 3.4435442 | B6: 120 | C6: 0.19552144 | D6: 0.39786989 | E6: 3.4435442 | F6: 0.21654572 | G6: 0.50523365 | H6: =C6*$M$2/0.607 -> 0.22676622 | I6: =D6*$M$2/0.607 -> 0.46145042 | J6: =1/((1/(H6^2))-(1.33333333333333/(G6^2))) -> 0.07030781 | K6: =(J6*(E6-E5)+0.5*(E6-E5)*(J5-J6)) -> 0.067302719 | L6: =SUM(K$3:$K6) -> 0.25296598 | M6: =$B$38/((L6*$B$43+1)) -> 0.69903491 | N6: =(6*F6*G6*SQRT(9*(G6^6)*(0.0002^2)+16*(F6^6)*(0.0002)^2))/((4*F6^2 - 3*G6^2)^2) -> 0.00015276458 | O6: =(((E6-E5)/2)^2)*(N6^2+N7^2) -> 1.0265501e-08 | P6: =SUM(O$2:$O6) -> 4.768843e-08 | Q6: =SQRT(((M33*0.001)^2)+((N33*0.02)^2)+((O33*P6)^2)) -> 0.0010070834 | R6: =M6^3 -> 0.34158328 | S6: =3*Q6/M6*R6 -> 0.0014763333 | T6: =R6/$R$2 -> 0.97899082 | U6: =T6*3*SQRT((Q6/M6)^2)+(0.001/$M$2)^2 -> 0.0042332457 | V6: =$B$40/((M6/$M$2)^3) -> 6.2206916 | W6: =(SQRT((0.02/$V$2)^2+(9*(0.001/$M$2)^2)+(9*(Q6/M6)^2))*V6) -> 0.042929216 | X6: =(1-((V6/$B$40)^0.66666667))/2 -> -0.0071280005 | Y6: =(SQRT((Q6/M6)^2 + (0.0002/F6)^2))*AD6 -> 0.0110486 | Z6: =SQRT((Q6/M6)^2 + (0.0002/G6)^2)*AE6 -> 0.0041343591 | AA6: =SQRT((Q6/M6)^2 + (0.0002/H6)^2)*AC6 -> 0.010414365 | AC6: =2*M6/H6 -> 6.1652473 | AD6: =2*M6/F6 -> 6.4562339 | AE6: =2*M6/G6 -> 2.7671748 | AF6: =V6*AC6*AC6 -> 236.45019 | AG6: =V6*AD6^2 -> 259.29682 | AH6: =V6*AE6^2 -> 47.633431 | AI6: =1.5*AF6-AG6/2-2*AH6 -> 129.76002 | AK6: =M6 -> 0.69903491 | AL6: =AK6^3 -> 0.34158328 | AM6: =$AL$2/AL6 -> 1.02146 | AN6: =$AN$2/((AK6/$AK$2)^3) -> 6.2206916 | AO6: =-3*$AW$32*((1-2*AP6)^2.5)*(1+3*(4-$AW$33)*AP6/2)*AP6 -> 3.5283357 | AP6: =0.5*(1-AM6^0.666666667) -> -0.0071280005 | AQ6: =(1-2*AP6)^(3.5)*($AW$26-$AW$39*AP6)+AO6*3 -> 259.39365 | AR6: =(1-2*AP6)^(3.5)*($AW$28-$AW$41*AP6)+AO6*1 -> 47.565369 | AS6: =(1-2*AP6)^(3.5)*($AW$27-$AW$40*AP6)+AO6*1 -> 130.04603 | AT6: =AQ6-AG6 -> 0.096837033 | AU6: =AR6-AH6 -> -0.068062102 | AV6: =AS6-AI6 -> 0.28600493 | AW6: =AO6-A6 -> 0.084791495 | AZ6: 0.21654572 | BA6: 0.50523365 | BB6: =C6*$BD$2/0.607 -> 0.22676622 | BC6: =D6*$BD$2/0.607 -> 0.46145042 | BD6: 0.69915601 | BE6: =BD6^3 -> 0.34176084 | BF6: =$BE$2/BE6 -> 1.0209293 | BG6: =$BG$2/((BD6/$BD$2)^3) -> 6.2174596 | BH6: =-3*$BA$32*((1-2*BI6)^2.5)*(1+3*(4-$BA$33)*BI6/2)*BI6 -> 3.4394655 | BI6: =0.5*(1-BF6^0.666666667) -> -0.0069523332 | BJ6: =BH6-E6 -> -0.0040787274 | BK6: =2*BD6/BB6 -> 6.1663154 | BL6: =2*BD6/AZ6 -> 6.4573524 | BM6: =2*BD6/BA6 -> 2.7676542 | BN6: =BG6*BK6*BK6 -> 236.40924 | BO6: =BG6*BL6^2 -> 259.2519 | BP6: =BG6*BM6^2 -> 47.62518 | BQ6: =1.5*BN6-BO6/2-2*BP6 -> 129.73755 | BR6: =(1-2*BI6)^(3.5)*($BA$26-$BA$39*BI6)+BH6*3 -> 259.1462 | BS6: =(1-2*BI6)^(3.5)*($BA$28-$BA$41*BI6)+BH6*1 -> 47.559022 | BT6: =(1-2*BI6)^(3.5)*($BA$27-$BA$40*BI6)+BH6*1 -> 129.9128 | BU6: =BR6-BO6 -> -0.10570331 | BV6: =BT6-BQ6 -> 0.17525176 | BW6: =BS6-BP6 -> -0.066158669 | BX6: =(BR6+2*BT6)/3 -> 172.9906 | BY6: =SQRT(BR6/BG6) -> 6.4560359 | BZ6: =SQRT(BS6/BG6) -> 2.7657312 | CA6: =SQRT((0.33333334*(BR6+2*BT6+4*BS6))/BG6) -> 6.1662292 | CB6: =SQRT((0.3333334*(BR6-BT6+BS6))/BG6) -> 3.0786814 | CC6: =(BR6-BT6+3*BS6)/5 -> 54.382094 | CD6: =((5*(BR6-BT6)*BS6)/(3*(BR6-BT6)+4*BS6)) -> 53.173804 | CE6: =(CC6+CD6)/2 -> 53.777949 | CF6: =BY6-AD6 -> -0.00019804528 | CG6: =BZ6-AE6 -> -0.0014436216 | CH6: =CA6-AC6 -> 0.00098192388 | ET6: =(0.02/$B$40)^2+9*(0.001/$B$38)^2+(Q6/M6)^2 -> 3.10199e-05 | EU6: =4*(AG6)^2*(0.0002/F6)^2 -> 0.22941148 | EV6: =4*(AH6)^2*(0.0002/G6)^2 -> 0.0014221951 | EW6: =4*(AF6)^2*(0.0002/H6)^2 -> 0.17395728 | EX6: =(AG6)^2*ET6+1*EU6 -> 2.3150295 | EY6: =(AI6)^2*ET6+0.25*EU6+4*EV6+2.25*EW6 -> 0.97674817 | EZ6: =(AH6)^2*ET6+1*EV6 -> 0.071804604 | FA6: =(AG6)*(AI6)*ET6+-0.5*EU6 -> 0.92900101 | FB6: =(AG6)*(AH6)*ET6 -> 0.3831329 | FC6: =(AI6)*(AH6)*ET6+-2*EV6 -> 0.18888698 | FD6: =20*(AH6)^2/(3*((AG6)-(AI6))+4*(AH6))^2 -> 0.13529459 | FE6: =15*((AG6)-(AI6))^2/(3*((AG6)-(AI6))+4*(AH6))^2 -> 0.75041977 | FF6: =(0.2+FD6)/2 -> 0.1676473 | FG6: =(-0.2-FD6)/2 -> -0.1676473 | FH6: =(0.6+FE6)/2 -> 0.67520989 | FI6: =SQRT(EX6) -> 1.5215221 | FJ6: =SQRT(EY6) -> 0.98830571 | FK6: =SQRT(EZ6) -> 0.26796381 | FL6: =SQRT(EX6/9+4*EY6/9+(4/9)*FA6) -> 1.0508212 | FM6: =SQRT((EX6+EY6+9*EZ6)/25+(-2*FA6+6*FB6-6*FC6)/25) -> 0.36030502 | FN6: =SQRT(FD6^2*(EX6+EY6)-2*FD6^2*FA6+FE6^2*EZ6+2*FD6*FE6*(FB6-FC6)) -> 0.32576485 | FO6: =SQRT(FF6^2*EX6+FG6^2*EY6+FH6^2*EZ6+2*FF6*FG6*FA6+2*FF6*FH6*FB6+2*FG6*FH6*FC6) -> 0.34206669
A7: 4.4335632 | B7: 150 | C7: 0.19396667 | D7: 0.39485534 | E7: 4.4335632 | F7: 0.21474572 | G7: 0.50523365 | H7: =C7*$M$2/0.607 -> 0.224963 | I7: =D7*$M$2/0.607 -> 0.45795413 | J7: =1/((1/(H7^2))-(1.33333333333333/(G7^2))) -> 0.068793893 | K7: =(J7*(E7-E6)+0.5*(E7-E6)*(J6-J7)) -> 0.068856661 | L7: =SUM(K$3:$K7) -> 0.32182264 | M7: =$B$38/((L7*$B$43+1)) -> 0.69769553 | N7: =(6*F7*G7*SQRT(9*(G7^6)*(0.0002^2)+16*(F7^6)*(0.0002)^2))/((4*F7^2 - 3*G7^2)^2) -> 0.00014984065 | O7: =(((E7-E6)/2)^2)*(N7^2+N8^2) -> 1.0840844e-08 | P7: =SUM(O$2:$O7) -> 5.8529274e-08 | Q7: =SQRT(((M34*0.001)^2)+((N34*0.02)^2)+((O34*P7)^2)) -> 0.0010090035 | R7: =M7^3 -> 0.33962357 | S7: =3*Q7/M7*R7 -> 0.0014734853 | T7: =R7/$R$2 -> 0.97337423 | U7: =T7*3*SQRT((Q7/M7)^2)+(0.001/$M$2)^2 -> 0.0042250832 | V7: =$B$40/((M7/$M$2)^3) -> 6.2565864 | W7: =(SQRT((0.02/$V$2)^2+(9*(0.001/$M$2)^2)+(9*(Q7/M7)^2))*V7) -> 0.043241866 | X7: =(1-((V7/$B$40)^0.66666667))/2 -> -0.0090769582 | Y7: =(SQRT((Q7/M7)^2 + (0.0002/F7)^2))*AD7 -> 0.011177219 | Z7: =SQRT((Q7/M7)^2 + (0.0002/G7)^2)*AE7 -> 0.0041411342 | AA7: =SQRT((Q7/M7)^2 + (0.0002/H7)^2)*AC7 -> 0.010529832 | AC7: =2*M7/H7 -> 6.2027582 | AD7: =2*M7/F7 -> 6.497876 | AE7: =2*M7/G7 -> 2.7618728 | AF7: =V7*AC7*AC7 -> 240.71721 | AG7: =V7*AD7^2 -> 264.16805 | AH7: =V7*AE7^2 -> 47.724874 | AI7: =1.5*AF7-AG7/2-2*AH7 -> 133.54205 | AK7: =M7 -> 0.69769553 | AL7: =AK7^3 -> 0.33962357 | AM7: =$AL$2/AL7 -> 1.0273541 | AN7: =$AN$2/((AK7/$AK$2)^3) -> 6.2565864 | AO7: =-3*$AW$32*((1-2*AP7)^2.5)*(1+3*(4-$AW$33)*AP7/2)*AP7 -> 4.5358393 | AP7: =0.5*(1-AM7^0.666666667) -> -0.0090769582 | AQ7: =(1-2*AP7)^(3.5)*($AW$26-$AW$39*AP7)+AO7*3 -> 264.61808 | AR7: =(1-2*AP7)^(3.5)*($AW$28-$AW$41*AP7)+AO7*1 -> 47.748034 | AS7: =(1-2*AP7)^(3.5)*($AW$27-$AW$40*AP7)+AO7*1 -> 133.28598 | AT7: =AQ7-AG7 -> 0.45003091 | AU7: =AR7-AH7 -> 0.023160268 | AV7: =AS7-AI7 -> -0.25606195 | AW7: =AO7-A7 -> 0.10227608 | AZ7: 0.21474572 | BA7: 0.50523365 | BB7: =C7*$BD$2/0.607 -> 0.224963 | BC7: =D7*$BD$2/0.607 -> 0.45795413 | BD7: 0.69784471 | BE7: =BD7^3 -> 0.33984147 | BF7: =$BE$2/BE7 -> 1.0266954 | BG7: =$BG$2/((BD7/$BD$2)^3) -> 6.2525748 | BH7: =-3*$BA$32*((1-2*BI7)^2.5)*(1+3*(4-$BA$33)*BI7/2)*BI7 -> 4.4246516 | BI7: =0.5*(1-BF7^0.666666667) -> -0.0088593269 | BJ7: =BH7-E7 -> -0.0089115808 | BK7: =2*BD7/BB7 -> 6.2040844 | BL7: =2*BD7/AZ7 -> 6.4992654 | BM7: =2*BD7/BA7 -> 2.7624633 | BN7: =BG7*BK7*BK7 -> 240.66575 | BO7: =BG7*BL7^2 -> 264.11158 | BP7: =BG7*BM7^2 -> 47.714672 | BQ7: =1.5*BN7-BO7/2-2*BP7 -> 133.5135 | BR7: =(1-2*BI7)^(3.5)*($BA$26-$BA$39*BI7)+BH7*3 -> 264.35245 | BS7: =(1-2*BI7)^(3.5)*($BA$28-$BA$41*BI7)+BH7*1 -> 47.736785 | BT7: =(1-2*BI7)^(3.5)*($BA$27-$BA$40*BI7)+BH7*1 -> 133.13985 | BU7: =BR7-BO7 -> 0.24087742 | BV7: =BT7-BQ7 -> -0.37365023 | BW7: =BS7-BP7 -> 0.022113062 | BX7: =(BR7+2*BT7)/3 -> 176.87738 | BY7: =SQRT(BR7/BG7) -> 6.5022285 | BZ7: =SQRT(BS7/BG7) -> 2.7631034 | CA7: =SQRT((0.33333334*(BR7+2*BT7+4*BS7))/BG7) -> 6.2022884 | CB7: =SQRT((0.3333334*(BR7-BT7+BS7))/BG7) -> 3.0886954 | CC7: =(BR7-BT7+3*BS7)/5 -> 54.884592 | CD7: =((5*(BR7-BT7)*BS7)/(3*(BR7-BT7)+4*BS7)) -> 53.573632 | CE7: =(CC7+CD7)/2 -> 54.229112 | CF7: =BY7-AD7 -> 0.0043524558 | CG7: =BZ7-AE7 -> 0.0012305909 | CH7: =CA7-AC7 -> -0.00046972839 | ET7: =(0.02/$B$40)^2+9*(0.001/$B$38)^2+(Q7/M7)^2 -> 3.1035829e-05 | EU7: =4*(AG7)^2*(0.0002/F7)^2 -> 0.24212048 | EV7: =4*(AH7)^2*(0.0002/G7)^2 -> 0.0014276608 | EW7: =4*(AF7)^2*(0.0002/H7)^2 -> 0.18319436 | EX7: =(AG7)^2*ET7+1*EU7 -> 2.4079483 | EY7: =(AI7)^2*ET7+0.25*EU7+4*EV7+2.25*EW7 -> 1.0319048 | EZ7: =(AH7)^2*ET7+1*EV7 -> 0.072116839 | FA7: =(AG7)*(AI7)*ET7+-0.5*EU7 -> 0.97380752 | FB7: =(AG7)*(AH7)*ET7 -> 0.3912807 | FC7: =(AI7)*(AH7)*ET7+-2*EV7 -> 0.19494462 | FD7: =20*(AH7)^2/(3*((AG7)-(AI7))+4*(AH7))^2 -> 0.13412632 | FE7: =15*((AG7)-(AI7))^2/(3*((AG7)-(AI7))+4*(AH7))^2 -> 0.75360709 | FF7: =(0.2+FD7)/2 -> 0.16706316 | FG7: =(-0.2-FD7)/2 -> -0.16706316 | FH7: =(0.6+FE7)/2 -> 0.67680354 | FI7: =SQRT(EX7) -> 1.5517565 | FJ7: =SQRT(EY7) -> 1.0158272 | FK7: =SQRT(EZ7) -> 0.26854579 | FL7: =SQRT(EX7/9+4*EY7/9+(4/9)*FA7) -> 1.0765582 | FM7: =SQRT((EX7+EY7+9*EZ7)/25+(-2*FA7+6*FB7-6*FC7)/25) -> 0.36437926 | FN7: =SQRT(FD7^2*(EX7+EY7)-2*FD7^2*FA7+FE7^2*EZ7+2*FD7*FE7*(FB7-FC7)) -> 0.32786089 | FO7: =SQRT(FF7^2*EX7+FG7^2*EY7+FH7^2*EZ7+2*FF7*FG7*FA7+2*FF7*FH7*FB7+2*FG7*FH7*FC7) -> 0.34508202
A8: 5.122272 | B8: 180 | C8: 0.19293671 | D8: 0.3928225 | E8: 5.122272 | F8: 0.21334572 | G8: 0.50523365 | H8: =C8*$M$2/0.607 -> 0.22376844 | I8: =D8*$M$2/0.607 -> 0.45559644 | J8: =1/((1/(H8^2))-(1.33333333333333/(G8^2))) -> 0.067807165 | K8: =(J8*(E8-E7)+0.5*(E8-E7)*(J7-J8)) -> 0.047039178 | L8: =SUM(K$3:$K8) -> 0.36886182 | M8: =$B$38/((L8*$B$43+1)) -> 0.69678348 | N8: =(6*F8*G8*SQRT(9*(G8^6)*(0.0002^2)+16*(F8^6)*(0.0002)^2))/((4*F8^2 - 3*G8^2)^2) -> 0.00014761407 | O8: =(((E8-E7)/2)^2)*(N8^2+N9^2) -> 5.0935318e-09 | P8: =SUM(O$2:$O8) -> 6.3622806e-08 | Q8: =SQRT(((M35*0.001)^2)+((N35*0.02)^2)+((O35*P8)^2)) -> 0.0010103129 | R8: =M8^3 -> 0.33829342 | S8: =3*Q8/M8*R8 -> 0.0014715427 | T8: =R8/$R$2 -> 0.96956196 | U8: =T8*3*SQRT((Q8/M8)^2)+(0.001/$M$2)^2 -> 0.0042195156 | V8: =$B$40/((M8/$M$2)^3) -> 6.281187 | W8: =(SQRT((0.02/$V$2)^2+(9*(0.001/$M$2)^2)+(9*(Q8/M8)^2))*V8) -> 0.043456547 | X8: =(1-((V8/$B$40)^0.66666667))/2 -> -0.010410531 | Y8: =(SQRT((Q8/M8)^2 + (0.0002/F8)^2))*AD8 -> 0.011278206 | Z8: =SQRT((Q8/M8)^2 + (0.0002/G8)^2)*AE8 -> 0.0041457574 | AA8: =SQRT((Q8/M8)^2 + (0.0002/H8)^2)*AC8 -> 0.010607705 | AC8: =2*M8/H8 -> 6.2277189 | AD8: =2*M8/F8 -> 6.5319659 | AE8: =2*M8/G8 -> 2.7582624 | AF8: =V8*AC8*AC8 -> 243.61259 | AG8: =V8*AD8^2 -> 267.99676 | AH8: =V8*AE8^2 -> 47.787343 | AI8: =1.5*AF8-AG8/2-2*AH8 -> 135.84582 | AK8: =M8 -> 0.69678348 | AL8: =AK8^3 -> 0.33829342 | AM8: =$AL$2/AL8 -> 1.0313936 | AN8: =$AN$2/((AK8/$AK$2)^3) -> 6.281187 | AO8: =-3*$AW$32*((1-2*AP8)^2.5)*(1+3*(4-$AW$33)*AP8/2)*AP8 -> 5.2359656 | AP8: =0.5*(1-AM8^0.666666667) -> -0.010410531 | AQ8: =(1-2*AP8)^(3.5)*($AW$26-$AW$39*AP8)+AO8*3 -> 268.22575 | AR8: =(1-2*AP8)^(3.5)*($AW$28-$AW$41*AP8)+AO8*1 -> 47.865062 | AS8: =(1-2*AP8)^(3.5)*($AW$27-$AW$40*AP8)+AO8*1 -> 135.53123 | AT8: =AQ8-AG8 -> 0.22899286 | AU8: =AR8-AH8 -> 0.07771904 | AV8: =AS8-AI8 -> -0.31458896 | AW8: =AO8-A8 -> 0.11369358 | AZ8: 0.21334572 | BA8: 0.50523365 | BB8: =C8*$BD$2/0.607 -> 0.22376844 | BC8: =D8*$BD$2/0.607 -> 0.45559644 | BD8: 0.69690163 | BE8: =BD8^3 -> 0.33846552 | BF8: =$BE$2/BE8 -> 1.0308691 | BG8: =$BG$2/((BD8/$BD$2)^3) -> 6.2779931 | BH8: =-3*$BA$32*((1-2*BI8)^2.5)*(1+3*(4-$BA$33)*BI8/2)*BI8 -> 5.1479982 | BI8: =0.5*(1-BF8^0.666666667) -> -0.010237491 | BJ8: =BH8-E8 -> 0.025726142 | BK8: =2*BD8/BB8 -> 6.2287748 | BL8: =2*BD8/AZ8 -> 6.5330734 | BM8: =2*BD8/BA8 -> 2.7587301 | BN8: =BG8*BK8*BK8 -> 243.57129 | BO8: =BG8*BL8^2 -> 267.95133 | BP8: =BG8*BM8^2 -> 47.779242 | BQ8: =1.5*BN8-BO8/2-2*BP8 -> 135.82279 | BR8: =(1-2*BI8)^(3.5)*($BA$26-$BA$39*BI8)+BH8*3 -> 268.15127 | BS8: =(1-2*BI8)^(3.5)*($BA$28-$BA$41*BI8)+BH8*1 -> 47.857241 | BT8: =(1-2*BI8)^(3.5)*($BA$27-$BA$40*BI8)+BH8*1 -> 135.50248 | BU8: =BR8-BO8 -> 0.19993991 | BV8: =BT8-BQ8 -> -0.32030452 | BW8: =BS8-BP8 -> 0.077999351 | BX8: =(BR8+2*BT8)/3 -> 179.71875 | BY8: =SQRT(BR8/BG8) -> 6.5355104 | BZ8: =SQRT(BS8/BG8) -> 2.760981 | CA8: =SQRT((0.33333334*(BR8+2*BT8+4*BS8))/BG8) -> 6.2282264 | CB8: =SQRT((0.3333334*(BR8-BT8+BS8))/BG8) -> 3.0958139 | CC8: =(BR8-BT8+3*BS8)/5 -> 55.244101 | CD8: =((5*(BR8-BT8)*BS8)/(3*(BR8-BT8)+4*BS8)) -> 53.855367 | CE8: =(CC8+CD8)/2 -> 54.549734 | CF8: =BY8-AD8 -> 0.0035444879 | CG8: =BZ8-AE8 -> 0.0027185608 | CH8: =CA8-AC8 -> 0.00050755625 | ET8: =(0.02/$B$40)^2+9*(0.001/$B$38)^2+(Q8/M8)^2 -> 3.1046754e-05 | EU8: =4*(AG8)^2*(0.0002/F8)^2 -> 0.25247083 | EV8: =4*(AH8)^2*(0.0002/G8)^2 -> 0.0014314007 | EW8: =4*(AF8)^2*(0.0002/H8)^2 -> 0.18963642 | EX8: =(AG8)^2*ET8+1*EU8 -> 2.482319 | EY8: =(AI8)^2*ET8+0.25*EU8+4*EV8+2.25*EW8 -> 1.0684647 | EZ8: =(AH8)^2*ET8+1*EV8 -> 0.072330704 | FA8: =(AG8)*(AI8)*ET8+-0.5*EU8 -> 1.0040601 | FB8: =(AG8)*(AH8)*ET8 -> 0.39761122 | FC8: =(AI8)*(AH8)*ET8+-2*EV8 -> 0.19868374 | FD8: =20*(AH8)^2/(3*((AG8)-(AI8))+4*(AH8))^2 -> 0.1322784 | FE8: =15*((AG8)-(AI8))^2/(3*((AG8)-(AI8))+4*(AH8))^2 -> 0.75869105 | FF8: =(0.2+FD8)/2 -> 0.1661392 | FG8: =(-0.2-FD8)/2 -> -0.1661392 | FH8: =(0.6+FE8)/2 -> 0.67934553 | FI8: =SQRT(EX8) -> 1.5755377 | FJ8: =SQRT(EY8) -> 1.0336657 | FK8: =SQRT(EZ8) -> 0.26894368 | FL8: =SQRT(EX8/9+4*EY8/9+(4/9)*FA8) -> 1.0940454 | FM8: =SQRT((EX8+EY8+9*EZ8)/25+(-2*FA8+6*FB8-6*FC8)/25) -> 0.3680872 | FN8: =SQRT(FD8^2*(EX8+EY8)-2*FD8^2*FA8+FE8^2*EZ8+2*FD8*FE8*(FB8-FC8)) -> 0.32947747 | FO8: =SQRT(FF8^2*EX8+FG8^2*EY8+FH8^2*EZ8+2*FF8*FG8*FA8+2*FF8*FH8*FB8+2*FG8*FH8*FC8) -> 0.34765873
A9: 5.7679366 | B9: 210 | C9: 0.1919993 | D9: 0.39099582 | E9: 5.7679366 | F9: 0.21174572 | G9: 0.50423365 | H9: =C9*$M$2/0.607 -> 0.22268123 | I9: =D9*$M$2/0.607 -> 0.45347786 | J9: =1/((1/(H9^2))-(1.33333333333333/(G9^2))) -> 0.067013107 | K9: =(J9*(E9-E8)+0.5*(E9-E8)*(J8-J9)) -> 0.043524335 | L9: =SUM(K$3:$K9) -> 0.41238615 | M9: =$B$38/((L9*$B$43+1)) -> 0.69594171 | N9: =(6*F9*G9*SQRT(9*(G9^6)*(0.0002^2)+16*(F9^6)*(0.0002)^2))/((4*F9^2 - 3*G9^2)^2) -> 0.00014548021 | O9: =(((E9-E8)/2)^2)*(N9^2+N10^2) -> 4.3650511e-09 | P9: =SUM(O$2:$O9) -> 6.7987857e-08 | Q9: =SQRT(((M36*0.001)^2)+((N36*0.02)^2)+((O36*P9)^2)) -> 0.0010115228 | R9: =M9^3 -> 0.33706883 | S9: =3*Q9/M9*R9 -> 0.0014697472 | T9: =R9/$R$2 -> 0.96605226 | U9: =T9*3*SQRT((Q9/M9)^2)+(0.001/$M$2)^2 -> 0.0042143698 | V9: =$B$40/((M9/$M$2)^3) -> 6.3040068 | W9: =(SQRT((0.02/$V$2)^2+(9*(0.001/$M$2)^2)+(9*(Q9/M9)^2))*V9) -> 0.043655982 | X9: =(1-((V9/$B$40)^0.66666667))/2 -> -0.01164601 | Y9: =(SQRT((Q9/M9)^2 + (0.0002/F9)^2))*AD9 -> 0.011394289 | Z9: =SQRT((Q9/M9)^2 + (0.0002/G9)^2)*AE9 -> 0.0041588313 | AA9: =SQRT((Q9/M9)^2 + (0.0002/H9)^2)*AC9 -> 0.010679519 | AC9: =2*M9/H9 -> 6.2505645 | AD9: =2*M9/F9 -> 6.5733721 | AE9: =2*M9/G9 -> 2.7603938 | AF9: =V9*AC9*AC9 -> 246.29475 | AG9: =V9*AD9^2 -> 272.39123 | AH9: =V9*AE9^2 -> 48.035106 | AI9: =1.5*AF9-AG9/2-2*AH9 -> 137.1763 | AK9: =M9 -> 0.69594171 | AL9: =AK9^3 -> 0.33706883 | AM9: =$AL$2/AL9 -> 1.0351407 | AN9: =$AN$2/((AK9/$AK$2)^3) -> 6.3040068 | AO9: =-3*$AW$32*((1-2*AP9)^2.5)*(1+3*(4-$AW$33)*AP9/2)*AP9 -> 5.8924325 | AP9: =0.5*(1-AM9^0.666666667) -> -0.01164601 | AQ9: =(1-2*AP9)^(3.5)*($AW$26-$AW$39*AP9)+AO9*3 -> 271.59196 | AR9: =(1-2*AP9)^(3.5)*($AW$28-$AW$41*AP9)+AO9*1 -> 47.967593 | AS9: =(1-2*AP9)^(3.5)*($AW$27-$AW$40*AP9)+AO9*1 -> 137.63199 | AT9: =AQ9-AG9 -> -0.79927046 | AU9: =AR9-AH9 -> -0.067513176 | AV9: =AS9-AI9 -> 0.45568864 | AW9: =AO9-A9 -> 0.12449599 | AZ9: 0.21174572 | BA9: 0.50423365 | BB9: =C9*$BD$2/0.607 -> 0.22268123 | BC9: =D9*$BD$2/0.607 -> 0.45347786 | BD9: 0.69597634 | BE9: =BD9^3 -> 0.33711916 | BF9: =$BE$2/BE9 -> 1.0349862 | BG9: =$BG$2/((BD9/$BD$2)^3) -> 6.3030657 | BH9: =-3*$BA$32*((1-2*BI9)^2.5)*(1+3*(4-$BA$33)*BI9/2)*BI9 -> 5.8699359 | BI9: =0.5*(1-BF9^0.666666667) -> -0.011595087 | BJ9: =BH9-E9 -> 0.10199939 | BK9: =2*BD9/BB9 -> 6.2508756 | BL9: =2*BD9/AZ9 -> 6.5736993 | BM9: =2*BD9/BA9 -> 2.7605312 | BN9: =BG9*BK9*BK9 -> 246.2825 | BO9: =BG9*BL9^2 -> 272.37767 | BP9: =BG9*BM9^2 -> 48.032715 | BQ9: =1.5*BN9-BO9/2-2*BP9 -> 137.16948 | BR9: =(1-2*BI9)^(3.5)*($BA$26-$BA$39*BI9)+BH9*3 -> 271.92328 | BS9: =(1-2*BI9)^(3.5)*($BA$28-$BA$41*BI9)+BH9*1 -> 47.969192 | BT9: =(1-2*BI9)^(3.5)*($BA$27-$BA$40*BI9)+BH9*1 -> 137.85506 | BU9: =BR9-BO9 -> -0.4543857 | BV9: =BT9-BQ9 -> 0.6855776 | BW9: =BS9-BP9 -> -0.063523238 | BX9: =(BR9+2*BT9)/3 -> 182.54447 | BY9: =SQRT(BR9/BG9) -> 6.5682138 | BZ9: =SQRT(BS9/BG9) -> 2.7587051 | CA9: =SQRT((0.33333334*(BR9+2*BT9+4*BS9))/BG9) -> 6.2536783 | CB9: =SQRT((0.3333334*(BR9-BT9+BS9))/BG9) -> 3.1027289 | CC9: =(BR9-BT9+3*BS9)/5 -> 55.595161 | CD9: =((5*(BR9-BT9)*BS9)/(3*(BR9-BT9)+4*BS9)) -> 54.126792 | CE9: =(CC9+CD9)/2 -> 54.860976 | CF9: =BY9-AD9 -> -0.005158333 | CG9: =BZ9-AE9 -> -0.0016886258 | CH9: =CA9-AC9 -> 0.0031137338 | ET9: =(0.02/$B$40)^2+9*(0.001/$B$38)^2+(Q9/M9)^2 -> 3.1056894e-05 | EU9: =4*(AG9)^2*(0.0002/F9)^2 -> 0.26477497 | EV9: =4*(AH9)^2*(0.0002/G9)^2 -> 0.0014520242 | EW9: =4*(AF9)^2*(0.0002/H9)^2 -> 0.19573255 | EX9: =(AG9)^2*ET9+1*EU9 -> 2.5691027 | EY9: =(AI9)^2*ET9+0.25*EU9+4*EV9+2.25*EW9 -> 1.0968082 | EZ9: =(AH9)^2*ET9+1*EV9 -> 0.073111812 | FA9: =(AG9)*(AI9)*ET9+-0.5*EU9 -> 1.0280727 | FB9: =(AG9)*(AH9)*ET9 -> 0.406359 | FC9: =(AI9)*(AH9)*ET9+-2*EV9 -> 0.20173847 | FD9: =20*(AH9)^2/(3*((AG9)-(AI9))+4*(AH9))^2 -> 0.12913893 | FE9: =15*((AG9)-(AI9))^2/(3*((AG9)-(AI9))+4*(AH9))^2 -> 0.76745019 | FF9: =(0.2+FD9)/2 -> 0.16456947 | FG9: =(-0.2-FD9)/2 -> -0.16456947 | FH9: =(0.6+FE9)/2 -> 0.6837251 | FI9: =SQRT(EX9) -> 1.6028421 | FJ9: =SQRT(EY9) -> 1.0472861 | FK9: =SQRT(EZ9) -> 0.27039196 | FL9: =SQRT(EX9/9+4*EY9/9+(4/9)*FA9) -> 1.1089848 | FM9: =SQRT((EX9+EY9+9*EZ9)/25+(-2*FA9+6*FB9-6*FC9)/25) -> 0.37392486 | FN9: =SQRT(FD9^2*(EX9+EY9)-2*FD9^2*FA9+FE9^2*EZ9+2*FD9*FE9*(FB9-FC9)) -> 0.3323645 | FO9: =SQRT(FF9^2*EX9+FG9^2*EY9+FH9^2*EZ9+2*FF9*FG9*FA9+2*FF9*FH9*FB9+2*FG9*FH9*FC9) -> 0.3518859
A10: 6.5857783 | B10: 240 | C10: 0.19084422 | D10: 0.38885471 | E10: 6.5857783 | F10: 0.21074572 | G10: 0.50423365 | H10: =C10*$M$2/0.607 -> 0.22134157 | I10: =D10*$M$2/0.607 -> 0.45099459 | J10: =1/((1/(H10^2))-(1.33333333333333/(G10^2))) -> 0.065931277 | K10: =(J10*(E10-E9)+0.5*(E10-E9)*(J9-J10)) -> 0.054363734 | L10: =SUM(K$3:$K10) -> 0.46674988 | M10: =$B$38/((L10*$B$43+1)) -> 0.69489315 | N10: =(6*F10*G10*SQRT(9*(G10^6)*(0.0002^2)+16*(F10^6)*(0.0002)^2))/((4*F10^2 - 3*G10^2)^2) -> 0.00014393848 | O10: =(((E10-E9)/2)^2)*(N10^2+N11^2) -> 6.8066341e-09 | P10: =SUM(O$2:$O10) -> 7.4794491e-08 | Q10: =SQRT(((M37*0.001)^2)+((N37*0.02)^2)+((O37*P10)^2)) -> 0.0010130314 | R10: =M10^3 -> 0.33554756 | S10: =3*Q10/M10*R10 -> 0.0014675072 | T10: =R10/$R$2 -> 0.96169224 | U10: =T10*3*SQRT((Q10/M10)^2)+(0.001/$M$2)^2 -> 0.0042079497 | V10: =$B$40/((M10/$M$2)^3) -> 6.3325872 | W10: =(SQRT((0.02/$V$2)^2+(9*(0.001/$M$2)^2)+(9*(Q10/M10)^2))*V10) -> 0.043906156 | X10: =(1-((V10/$B$40)^0.66666667))/2 -> -0.013191274 | Y10: =(SQRT((Q10/M10)^2 + (0.0002/F10)^2))*AD10 -> 0.011471347 | Z10: =SQRT((Q10/M10)^2 + (0.0002/G10)^2)*AE10 -> 0.0041641711 | AA10: =SQRT((Q10/M10)^2 + (0.0002/H10)^2)*AC10 -> 0.010769232 | AC10: =2*M10/H10 -> 6.2789213 | AD10: =2*M10/F10 -> 6.5946122 | AE10: =2*M10/G10 -> 2.7562347 | AF10: =V10*AC10*AC10 -> 249.66132 | AG10: =V10*AD10^2 -> 275.39732 | AH10: =V10*AE10^2 -> 48.107589 | AI10: =1.5*AF10-AG10/2-2*AH10 -> 140.57814 | AK10: =M10 -> 0.69489315 | AL10: =AK10^3 -> 0.33554756 | AM10: =$AL$2/AL10 -> 1.0398337 | AN10: =$AN$2/((AK10/$AK$2)^3) -> 6.3325872 | AO10: =-3*$AW$32*((1-2*AP10)^2.5)*(1+3*(4-$AW$33)*AP10/2)*AP10 -> 6.7241769 | AP10: =0.5*(1-AM10^0.666666667) -> -0.013191274 | AQ10: =(1-2*AP10)^(3.5)*($AW$26-$AW$39*AP10)+AO10*3 -> 275.83463 | AR10: =(1-2*AP10)^(3.5)*($AW$28-$AW$41*AP10)+AO10*1 -> 48.087715 | AS10: =(1-2*AP10)^(3.5)*($AW$27-$AW$40*AP10)+AO10*1 -> 140.28767 | AT10: =AQ10-AG10 -> 0.43731404 | AU10: =AR10-AH10 -> -0.019873468 | AV10: =AS10-AI10 -> -0.29047533 | AW10: =AO10-A10 -> 0.13839856 | AZ10: 0.21074572 | BA10: 0.50423365 | BB10: =C10*$BD$2/0.607 -> 0.22134157 | BC10: =D10*$BD$2/0.607 -> 0.45099459 | BD10: 0.69508992 | BE10: =BD10^3 -> 0.33583269 | BF10: =$BE$2/BE10 -> 1.0389509 | BG10: =$BG$2/((BD10/$BD$2)^3) -> 6.3272107 | BH10: =-3*$BA$32*((1-2*BI10)^2.5)*(1+3*(4-$BA$33)*BI10/2)*BI10 -> 6.5731019 | BI10: =0.5*(1-BF10^0.666666667) -> -0.012900757 | BJ10: =BH10-E10 -> -0.012676451 | BK10: =2*BD10/BB10 -> 6.2806993 | BL10: =2*BD10/AZ10 -> 6.5964796 | BM10: =2*BD10/BA10 -> 2.7570152 | BN10: =BG10*BK10*BK10 -> 249.59064 | BO10: =BG10*BL10^2 -> 275.31935 | BP10: =BG10*BM10^2 -> 48.09397 | BQ10: =1.5*BN10-BO10/2-2*BP10 -> 140.53835 | BR10: =(1-2*BI10)^(3.5)*($BA$26-$BA$39*BI10)+BH10*3 -> 275.5791 | BS10: =(1-2*BI10)^(3.5)*($BA$28-$BA$41*BI10)+BH10*1 -> 48.07047 | BT10: =(1-2*BI10)^(3.5)*($BA$27-$BA$40*BI10)+BH10*1 -> 140.14139 | BU10: =BR10-BO10 -> 0.25974994 | BV10: =BT10-BQ10 -> -0.39695904 | BW10: =BS10-BP10 -> -0.023500235 | BX10: =(BR10+2*BT10)/3 -> 185.28729 | BY10: =SQRT(BR10/BG10) -> 6.5995906 | BZ10: =SQRT(BS10/BG10) -> 2.7563416 | CA10: =SQRT((0.33333334*(BR10+2*BT10+4*BS10))/BG10) -> 6.2780643 | CB10: =SQRT((0.3333334*(BR10-BT10+BS10))/BG10) -> 3.1092883 | CC10: =(BR10-BT10+3*BS10)/5 -> 55.929825 | CD10: =((5*(BR10-BT10)*BS10)/(3*(BR10-BT10)+4*BS10)) -> 54.381964 | CE10: =(CC10+CD10)/2 -> 55.155895 | CF10: =BY10-AD10 -> 0.0049783804 | CG10: =BZ10-AE10 -> 0.00010681599 | CH10: =CA10-AC10 -> -0.0008570343 | ET10: =(0.02/$B$40)^2+9*(0.001/$B$38)^2+(Q10/M10)^2 -> 3.1069599e-05 | EU10: =4*(AG10)^2*(0.0002/F10)^2 -> 0.2732259 | EV10: =4*(AH10)^2*(0.0002/G10)^2 -> 0.0014564095 | EW10: =4*(AF10)^2*(0.0002/H10)^2 -> 0.20356192 | EX10: =(AG10)^2*ET10+1*EU10 -> 2.6296587 | EY10: =(AI10)^2*ET10+0.25*EU10+4*EV10+2.25*EW10 -> 1.1461505 | EZ10: =(AH10)^2*ET10+1*EV10 -> 0.073362028 | FA10: =(AG10)*(AI10)*ET10+-0.5*EU10 -> 1.0662417 | FB10: =(AG10)*(AH10)*ET10 -> 0.41163183 | FC10: =(AI10)*(AH10)*ET10+-2*EV10 -> 0.20720701 | FD10: =20*(AH10)^2/(3*((AG10)-(AI10))+4*(AH10))^2 -> 0.1299187 | FE10: =15*((AG10)-(AI10))^2/(3*((AG10)-(AI10))+4*(AH10))^2 -> 0.7652601 | FF10: =(0.2+FD10)/2 -> 0.16495935 | FG10: =(-0.2-FD10)/2 -> -0.16495935 | FH10: =(0.6+FE10)/2 -> 0.68263005 | FI10: =SQRT(EX10) -> 1.6216222 | FJ10: =SQRT(EY10) -> 1.0705842 | FK10: =SQRT(EZ10) -> 0.27085426 | FL10: =SQRT(EX10/9+4*EY10/9+(4/9)*FA10) -> 1.129367 | FM10: =SQRT((EX10+EY10+9*EZ10)/25+(-2*FA10+6*FB10-6*FC10)/25) -> 0.37577296 | FN10: =SQRT(FD10^2*(EX10+EY10)-2*FD10^2*FA10+FE10^2*EZ10+2*FD10*FE10*(FB10-FC10)) -> 0.33368916 | FO10: =SQRT(FF10^2*EX10+FG10^2*EY10+FH10^2*EZ10+2*FF10*FG10*FA10+2*FF10*FH10*FB10+2*FG10*FH10*FC10) -> 0.35347139
A11: 7.2744872 | B11: 270 | C11: 0.18989876 | D11: 0.38724285 | E11: 7.2744872 | F11: 0.20914572 | G11: 0.50463365 | H11: =C11*$M$2/0.607 -> 0.22024501 | I11: =D11*$M$2/0.607 -> 0.44912515 | J11: =1/((1/(H11^2))-(1.33333333333333/(G11^2))) -> 0.065022155 | K11: =(J11*(E11-E10)+0.5*(E11-E10)*(J10-J11)) -> 0.045094393 | L11: =SUM(K$3:$K11) -> 0.51184428 | M11: =$B$38/((L11*$B$43+1)) -> 0.69402577 | N11: =(6*F11*G11*SQRT(9*(G11^6)*(0.0002^2)+16*(F11^6)*(0.0002)^2))/((4*F11^2 - 3*G11^2)^2) -> 0.00014137639 | O11: =(((E11-E10)/2)^2)*(N11^2+N12^2) -> 4.6994312e-09 | P11: =SUM(O$2:$O11) -> 7.9493922e-08 | Q11: =SQRT(((M38*0.001)^2)+((N38*0.02)^2)+((O38*P11)^2)) -> 0.0010142807 | R11: =M11^3 -> 0.33429262 | S11: =3*Q11/M11*R11 -> 0.0014656511 | T11: =R11/$R$2 -> 0.95809552 | U11: =T11*3*SQRT((Q11/M11)^2)+(0.001/$M$2)^2 -> 0.0042026301 | V11: =$B$40/((M11/$M$2)^3) -> 6.35636 | W11: =(SQRT((0.02/$V$2)^2+(9*(0.001/$M$2)^2)+(9*(Q11/M11)^2))*V11) -> 0.044114581 | X11: =(1-((V11/$B$40)^0.66666667))/2 -> -0.014474829 | Y11: =(SQRT((Q11/M11)^2 + (0.0002/F11)^2))*AD11 -> 0.011591142 | Z11: =SQRT((Q11/M11)^2 + (0.0002/G11)^2)*AE11 -> 0.0041650642 | AA11: =SQRT((Q11/M11)^2 + (0.0002/H11)^2)*AC11 -> 0.010843687 | AC11: =2*M11/H11 -> 6.3023063 | AD11: =2*M11/F11 -> 6.6367676 | AE11: =2*M11/G11 -> 2.7506123 | AF11: =V11*AC11*AC11 -> 252.46867 | AG11: =V11*AD11^2 -> 279.97658 | AH11: =V11*AE11^2 -> 48.091382 | AI11: =1.5*AF11-AG11/2-2*AH11 -> 142.53195 | AK11: =M11 -> 0.69402577 | AL11: =AK11^3 -> 0.33429262 | AM11: =$AL$2/AL11 -> 1.0437373 | AN11: =$AN$2/((AK11/$AK$2)^3) -> 6.35636 | AO11: =-3*$AW$32*((1-2*AP11)^2.5)*(1+3*(4-$AW$33)*AP11/2)*AP11 -> 7.4241271 | AP11: =0.5*(1-AM11^0.666666667) -> -0.014474829 | AQ11: =(1-2*AP11)^(3.5)*($AW$26-$AW$39*AP11)+AO11*3 -> 279.38623 | AR11: =(1-2*AP11)^(3.5)*($AW$28-$AW$41*AP11)+AO11*1 -> 48.180513 | AS11: =(1-2*AP11)^(3.5)*($AW$27-$AW$40*AP11)+AO11*1 -> 142.51752 | AT11: =AQ11-AG11 -> -0.59035034 | AU11: =AR11-AH11 -> 0.089130651 | AV11: =AS11-AI11 -> -0.014429458 | AW11: =AO11-A11 -> 0.14963997 | AZ11: 0.20914572 | BA11: 0.50463365 | BB11: =C11*$BD$2/0.607 -> 0.22024501 | BC11: =D11*$BD$2/0.607 -> 0.44912515 | BD11: 0.69408576 | BE11: =BD11^3 -> 0.33437931 | BF11: =$BE$2/BE11 -> 1.0434667 | BG11: =$BG$2/((BD11/$BD$2)^3) -> 6.354712 | BH11: =-3*$BA$32*((1-2*BI11)^2.5)*(1+3*(4-$BA$33)*BI11/2)*BI11 -> 7.3835269 | BI11: =0.5*(1-BF11^0.666666667) -> -0.014385903 | BJ11: =BH11-E11 -> 0.10903977 | BK11: =2*BD11/BB11 -> 6.302851 | BL11: =2*BD11/AZ11 -> 6.6373412 | BM11: =2*BD11/BA11 -> 2.7508501 | BN11: =BG11*BK11*BK11 -> 252.44685 | BO11: =BG11*BL11^2 -> 279.95238 | BP11: =BG11*BM11^2 -> 48.087226 | BQ11: =1.5*BN11-BO11/2-2*BP11 -> 142.51963 | BR11: =(1-2*BI11)^(3.5)*($BA$26-$BA$39*BI11)+BH11*3 -> 279.77102 | BS11: =(1-2*BI11)^(3.5)*($BA$28-$BA$41*BI11)+BH11*1 -> 48.177912 | BT11: =(1-2*BI11)^(3.5)*($BA$27-$BA$40*BI11)+BH11*1 -> 142.77049 | BU11: =BR11-BO11 -> -0.18136018 | BV11: =BT11-BQ11 -> 0.2508534 | BW11: =BS11-BP11 -> 0.090686782 | BX11: =(BR11+2*BT11)/3 -> 188.43733 | BY11: =SQRT(BR11/BG11) -> 6.635191 | BZ11: =SQRT(BS11/BG11) -> 2.7534428 | CA11: =SQRT((0.33333334*(BR11+2*BT11+4*BS11))/BG11) -> 6.3056929 | CB11: =SQRT((0.3333334*(BR11-BT11+BS11))/BG11) -> 3.1166404 | CC11: =(BR11-BT11+3*BS11)/5 -> 56.306855 | CD11: =((5*(BR11-BT11)*BS11)/(3*(BR11-BT11)+4*BS11)) -> 54.665023 | CE11: =(CC11+CD11)/2 -> 55.485939 | CF11: =BY11-AD11 -> -0.0015766211 | CG11: =BZ11-AE11 -> 0.0028304137 | CH11: =CA11-AC11 -> 0.0033866304 | ET11: =(0.02/$B$40)^2+9*(0.001/$B$38)^2+(Q11/M11)^2 -> 3.1080173e-05 | EU11: =4*(AG11)^2*(0.0002/F11)^2 -> 0.28672491 | EV11: =4*(AH11)^2*(0.0002/G11)^2 -> 0.001453122 | EW11: =4*(AF11)^2*(0.0002/H11)^2 -> 0.2102436 | EX11: =(AG11)^2*ET11+1*EU11 -> 2.7230028 | EY11: =(AI11)^2*ET11+0.25*EU11+4*EV11+2.25*EW11 -> 1.1819466 | EZ11: =(AH11)^2*ET11+1*EV11 -> 0.073334756 | FA11: =(AG11)*(AI11)*ET11+-0.5*EU11 -> 1.0969107 | FB11: =(AG11)*(AH11)*ET11 -> 0.41847776 | FC11: =(AI11)*(AH11)*ET11+-2*EV11 -> 0.21013462 | FD11: =20*(AH11)^2/(3*((AG11)-(AI11))+4*(AH11))^2 -> 0.12649851 | FE11: =15*((AG11)-(AI11))^2/(3*((AG11)-(AI11))+4*(AH11))^2 -> 0.77493934 | FF11: =(0.2+FD11)/2 -> 0.16324926 | FG11: =(-0.2-FD11)/2 -> -0.16324926 | FH11: =(0.6+FE11)/2 -> 0.68746967 | FI11: =SQRT(EX11) -> 1.6501524 | FJ11: =SQRT(EY11) -> 1.0871737 | FK11: =SQRT(EZ11) -> 0.27080391 | FL11: =SQRT(EX11/9+4*EY11/9+(4/9)*FA11) -> 1.1469008 | FM11: =SQRT((EX11+EY11+9*EZ11)/25+(-2*FA11+6*FB11-6*FC11)/25) -> 0.380589 | FN11: =SQRT(FD11^2*(EX11+EY11)-2*FD11^2*FA11+FE11^2*EZ11+2*FD11*FE11*(FB11-FC11)) -> 0.33506455 | FO11: =SQRT(FF11^2*EX11+FG11^2*EY11+FH11^2*EZ11+2*FF11*FG11*FA11+2*FF11*FH11*FB11+2*FG11*FH11*FC11) -> 0.35640627
A12: 7.8340631 | B12: 300 | C12: 0.18915085 | D12: 0.3860701 | E12: 7.8340631 | F12: 0.20814572 | G12: 0.50383365 | H12: =C12*$M$2/0.607 -> 0.2193776 | I12: =D12*$M$2/0.607 -> 0.44776499 | J12: =1/((1/(H12^2))-(1.33333333333333/(G12^2))) -> 0.064407756 | K12: =(J12*(E12-E11)+0.5*(E12-E11)*(J11-J12)) -> 0.036212932 | L12: =SUM(K$3:$K12) -> 0.54805721 | M12: =$B$38/((L12*$B$43+1)) -> 0.69333079 | N12: =(6*F12*G12*SQRT(9*(G12^6)*(0.0002^2)+16*(F12^6)*(0.0002)^2))/((4*F12^2 - 3*G12^2)^2) -> 0.00014015569 | O12: =(((E12-E11)/2)^2)*(N12^2+N13^2) -> 3.0482081e-09 | P12: =SUM(O$2:$O12) -> 8.254213e-08 | Q12: =SQRT(((M39*0.001)^2)+((N39*0.02)^2)+((O39*P12)^2)) -> 0.0010152824 | R12: =M12^3 -> 0.33328937 | S12: =3*Q12/M12*R12 -> 0.0014641618 | T12: =R12/$R$2 -> 0.95522016 | U12: =T12*3*SQRT((Q12/M12)^2)+(0.001/$M$2)^2 -> 0.0041983618 | V12: =$B$40/((M12/$M$2)^3) -> 6.3754936 | W12: =(SQRT((0.02/$V$2)^2+(9*(0.001/$M$2)^2)+(9*(Q12/M12)^2))*V12) -> 0.044282551 | X12: =(1-((V12/$B$40)^0.66666667))/2 -> -0.015506745 | Y12: =(SQRT((Q12/M12)^2 + (0.0002/F12)^2))*AD12 -> 0.011668155 | Z12: =SQRT((Q12/M12)^2 + (0.0002/G12)^2)*AE12 -> 0.0041756825 | AA12: =SQRT((Q12/M12)^2 + (0.0002/H12)^2)*AC12 -> 0.010903265 | AC12: =2*M12/H12 -> 6.3208896 | AD12: =2*M12/F12 -> 6.661975 | AE12: =2*M12/G12 -> 2.7522211 | AF12: =V12*AC12*AC12 -> 254.72421 | AG12: =V12*AD12^2 -> 282.95659 | AH12: =V12*AE12^2 -> 48.292584 | AI12: =1.5*AF12-AG12/2-2*AH12 -> 144.02286 | AK12: =M12 -> 0.69333079 | AL12: =AK12^3 -> 0.33328937 | AM12: =$AL$2/AL12 -> 1.0468791 | AN12: =$AN$2/((AK12/$AK$2)^3) -> 6.3754936 | AO12: =-3*$AW$32*((1-2*AP12)^2.5)*(1+3*(4-$AW$33)*AP12/2)*AP12 -> 7.9928552 | AP12: =0.5*(1-AM12^0.666666667) -> -0.015506745 | AQ12: =(1-2*AP12)^(3.5)*($AW$26-$AW$39*AP12)+AO12*3 -> 282.25966 | AR12: =(1-2*AP12)^(3.5)*($AW$28-$AW$41*AP12)+AO12*1 -> 48.250447 | AS12: =(1-2*AP12)^(3.5)*($AW$27-$AW$40*AP12)+AO12*1 -> 144.32607 | AT12: =AQ12-AG12 -> -0.69692652 | AU12: =AR12-AH12 -> -0.042136566 | AV12: =AS12-AI12 -> 0.30321194 | AW12: =AO12-A12 -> 0.15879211 | AZ12: 0.20814572 | BA12: 0.50383365 | BB12: =C12*$BD$2/0.607 -> 0.2193776 | BC12: =D12*$BD$2/0.607 -> 0.44776499 | BD12: 0.69342327 | BE12: =BD12^3 -> 0.33342275 | BF12: =$BE$2/BE12 -> 1.0464603 | BG12: =$BG$2/((BD12/$BD$2)^3) -> 6.372943 | BH12: =-3*$BA$32*((1-2*BI12)^2.5)*(1+3*(4-$BA$33)*BI12/2)*BI12 -> 7.9263695 | BI12: =0.5*(1-BF12^0.666666667) -> -0.015369248 | BJ12: =BH12-E12 -> 0.092306394 | BK12: =2*BD12/BB12 -> 6.3217328 | BL12: =2*BD12/AZ12 -> 6.6628636 | BM12: =2*BD12/BA12 -> 2.7525882 | BN12: =BG12*BK12*BK12 -> 254.69024 | BO12: =BG12*BL12^2 -> 282.91885 | BP12: =BG12*BM12^2 -> 48.286143 | BQ12: =1.5*BN12-BO12/2-2*BP12 -> 144.00365 | BR12: =(1-2*BI12)^(3.5)*($BA$26-$BA$39*BI12)+BH12*3 -> 282.56629 | BS12: =(1-2*BI12)^(3.5)*($BA$28-$BA$41*BI12)+BH12*1 -> 48.244436 | BT12: =(1-2*BI12)^(3.5)*($BA$27-$BA$40*BI12)+BH12*1 -> 144.52805 | BU12: =BR12-BO12 -> -0.35255842 | BV12: =BT12-BQ12 -> 0.52439892 | BW12: =BS12-BP12 -> -0.041706669 | BX12: =(BR12+2*BT12)/3 -> 190.5408 | BY12: =SQRT(BR12/BG12) -> 6.6587108 | BZ12: =SQRT(BS12/BG12) -> 2.7513992 | CA12: =SQRT((0.33333334*(BR12+2*BT12+4*BS12))/BG12) -> 6.3239226 | CB12: =SQRT((0.3333334*(BR12-BT12+BS12))/BG12) -> 3.1214446 | CC12: =(BR12-BT12+3*BS12)/5 -> 56.55431 | CD12: =((5*(BR12-BT12)*BS12)/(3*(BR12-BT12)+4*BS12)) -> 54.848128 | CE12: =(CC12+CD12)/2 -> 55.701219 | CF12: =BY12-AD12 -> -0.0032641255 | CG12: =BZ12-AE12 -> -0.00082190605 | CH12: =CA12-AC12 -> 0.0030329246 | ET12: =(0.02/$B$40)^2+9*(0.001/$B$38)^2+(Q12/M12)^2 -> 3.1088686e-05 | EU12: =4*(AG12)^2*(0.0002/F12)^2 -> 0.29568182 | EV12: =4*(AH12)^2*(0.0002/G12)^2 -> 0.0014699634 | EW12: =4*(AF12)^2*(0.0002/H12)^2 -> 0.21571279 | EX12: =(AG12)^2*ET12+1*EU12 -> 2.7847797 | EY12: =(AI12)^2*ET12+0.25*EU12+4*EV12+2.25*EW12 -> 1.2100138 | EZ12: =(AH12)^2*ET12+1*EV12 -> 0.073974178 | FA12: =(AG12)*(AI12)*ET12+-0.5*EU12 -> 1.1190919 | FB12: =(AG12)*(AH12)*ET12 -> 0.42481771 | FC12: =(AI12)*(AH12)*ET12+-2*EV12 -> 0.21328922 | FD12: =20*(AH12)^2/(3*((AG12)-(AI12))+4*(AH12))^2 -> 0.12536369 | FE12: =15*((AG12)-(AI12))^2/(3*((AG12)-(AI12))+4*(AH12))^2 -> 0.77819336 | FF12: =(0.2+FD12)/2 -> 0.16268185 | FG12: =(-0.2-FD12)/2 -> -0.16268185 | FH12: =(0.6+FE12)/2 -> 0.68909668 | FI12: =SQRT(EX12) -> 1.6687659 | FJ12: =SQRT(EY12) -> 1.1000063 | FK12: =SQRT(EZ12) -> 0.27198194 | FL12: =SQRT(EX12/9+4*EY12/9+(4/9)*FA12) -> 1.1595594 | FM12: =SQRT((EX12+EY12+9*EZ12)/25+(-2*FA12+6*FB12-6*FC12)/25) -> 0.38426804 | FN12: =SQRT(FD12^2*(EX12+EY12)-2*FD12^2*FA12+FE12^2*EZ12+2*FD12*FE12*(FB12-FC12)) -> 0.33716001 | FO12: =SQRT(FF12^2*EX12+FG12^2*EY12+FH12^2*EZ12+2*FF12*FG12*FA12+2*FF12*FH12*FB12+2*FG12*FH12*FC12) -> 0.35922482
A13: 8.5227719 | B13: 330 | C13: 0.18825875 | D13: 0.38477686 | E13: 8.5227719 | F13: 0.20734572 | G13: 0.50403365 | H13: =C13*$M$2/0.607 -> 0.21834293 | I13: =D13*$M$2/0.607 -> 0.44626509 | J13: =1/((1/(H13^2))-(1.33333333333333/(G13^2))) -> 0.063582325 | K13: =(J13*(E13-E12)+0.5*(E13-E12)*(J12-J13)) -> 0.044073951 | L13: =SUM(K$3:$K13) -> 0.59213116 | M13: =$B$38/((L13*$B$43+1)) -> 0.69248682 | N13: =(6*F13*G13*SQRT(9*(G13^6)*(0.0002^2)+16*(F13^6)*(0.0002)^2))/((4*F13^2 - 3*G13^2)^2) -> 0.00013890838 | O13: =(((E13-E12)/2)^2)*(N13^2+N14^2) -> 4.5241559e-09 | P13: =SUM(O$2:$O13) -> 8.7066286e-08 | Q13: =SQRT(((M40*0.001)^2)+((N40*0.02)^2)+((O40*P13)^2)) -> 0.0010164997 | R13: =M13^3 -> 0.33207374 | S13: =3*Q13/M13*R13 -> 0.0014623506 | T13: =R13/$R$2 -> 0.95173612 | U13: =T13*3*SQRT((Q13/M13)^2)+(0.001/$M$2)^2 -> 0.0041931709 | V13: =$B$40/((M13/$M$2)^3) -> 6.3988325 | W13: =(SQRT((0.02/$V$2)^2+(9*(0.001/$M$2)^2)+(9*(Q13/M13)^2))*V13) -> 0.0444877 | X13: =(1-((V13/$B$40)^0.66666667))/2 -> -0.016764062 | Y13: =(SQRT((Q13/M13)^2 + (0.0002/F13)^2))*AD13 -> 0.011732288 | Z13: =SQRT((Q13/M13)^2 + (0.0002/G13)^2)*AE13 -> 0.0041782275 | AA13: =SQRT((Q13/M13)^2 + (0.0002/H13)^2)*AC13 -> 0.010975162 | AC13: =2*M13/H13 -> 6.3431118 | AD13: =2*M13/F13 -> 6.6795381 | AE13: =2*M13/G13 -> 2.7477801 | AF13: =V13*AC13*AC13 -> 257.45745 | AG13: =V13*AD13^2 -> 285.49178 | AH13: =V13*AE13^2 -> 48.313077 | AI13: =1.5*AF13-AG13/2-2*AH13 -> 146.81414 | AK13: =M13 -> 0.69248682 | AL13: =AK13^3 -> 0.33207374 | AM13: =$AL$2/AL13 -> 1.0507114 | AN13: =$AN$2/((AK13/$AK$2)^3) -> 6.3988325 | AO13: =-3*$AW$32*((1-2*AP13)^2.5)*(1+3*(4-$AW$33)*AP13/2)*AP13 -> 8.6930763 | AP13: =0.5*(1-AM13^0.666666667) -> -0.016764061 | AQ13: =(1-2*AP13)^(3.5)*($AW$26-$AW$39*AP13)+AO13*3 -> 285.7826 | AR13: =(1-2*AP13)^(3.5)*($AW$28-$AW$41*AP13)+AO13*1 -> 48.329946 | AS13: =(1-2*AP13)^(3.5)*($AW$27-$AW$40*AP13)+AO13*1 -> 146.54887 | AT13: =AQ13-AG13 -> 0.29082517 | AU13: =AR13-AH13 -> 0.016869117 | AV13: =AS13-AI13 -> -0.26527164 | AW13: =AO13-A13 -> 0.17030441 | AZ13: 0.20734572 | BA13: 0.50403365 | BB13: =C13*$BD$2/0.607 -> 0.21834293 | BC13: =D13*$BD$2/0.607 -> 0.44626509 | BD13: 0.69270792 | BE13: =BD13^3 -> 0.33239193 | BF13: =$BE$2/BE13 -> 1.0497056 | BG13: =$BG$2/((BD13/$BD$2)^3) -> 6.3927071 | BH13: =-3*$BA$32*((1-2*BI13)^2.5)*(1+3*(4-$BA$33)*BI13/2)*BI13 -> 8.5199138 | BI13: =0.5*(1-BF13^0.666666667) -> -0.01643422 | BJ13: =BH13-E13 -> -0.0028581285 | BK13: =2*BD13/BB13 -> 6.3451371 | BL13: =2*BD13/AZ13 -> 6.6816708 | BM13: =2*BD13/BA13 -> 2.7486575 | BN13: =BG13*BK13*BK13 -> 257.37527 | BO13: =BG13*BL13^2 -> 285.40065 | BP13: =BG13*BM13^2 -> 48.297655 | BQ13: =1.5*BN13-BO13/2-2*BP13 -> 146.76727 | BR13: =(1-2*BI13)^(3.5)*($BA$26-$BA$39*BI13)+BH13*3 -> 285.61136 | BS13: =(1-2*BI13)^(3.5)*($BA$28-$BA$41*BI13)+BH13*1 -> 48.312272 | BT13: =(1-2*BI13)^(3.5)*($BA$27-$BA$40*BI13)+BH13*1 -> 146.44668 | BU13: =BR13-BO13 -> 0.21070898 | BV13: =BT13-BQ13 -> -0.32059612 | BW13: =BS13-BP13 -> 0.014616289 | BX13: =(BR13+2*BT13)/3 -> 192.8349 | BY13: =SQRT(BR13/BG13) -> 6.6841369 | BZ13: =SQRT(BS13/BG13) -> 2.7490733 | CA13: =SQRT((0.33333334*(BR13+2*BT13+4*BS13))/BG13) -> 6.3436084 | CB13: =SQRT((0.3333334*(BR13-BT13+BS13))/BG13) -> 3.1265901 | CC13: =(BR13-BT13+3*BS13)/5 -> 56.820299 | CD13: =((5*(BR13-BT13)*BS13)/(3*(BR13-BT13)+4*BS13)) -> 55.042468 | CE13: =(CC13+CD13)/2 -> 55.931383 | CF13: =BY13-AD13 -> 0.0045987921 | CG13: =BZ13-AE13 -> 0.0012932301 | CH13: =CA13-AC13 -> 0.0004966201 | ET13: =(0.02/$B$40)^2+9*(0.001/$B$38)^2+(Q13/M13)^2 -> 3.1099074e-05 | EU13: =4*(AG13)^2*(0.0002/F13)^2 -> 0.30333117 | EV13: =4*(AH13)^2*(0.0002/G13)^2 -> 0.0014700439 | EW13: =4*(AF13)^2*(0.0002/H13)^2 -> 0.22246036 | EX13: =(AG13)^2*ET13+1*EU13 -> 2.8380784 | EY13: =(AI13)^2*ET13+0.25*EU13+4*EV13+2.25*EW13 -> 1.2525704 | EZ13: =(AH13)^2*ET13+1*EV13 -> 0.074060051 | FA13: =(AG13)*(AI13)*ET13+-0.5*EU13 -> 1.1518281 | FB13: =(AG13)*(AH13)*ET13 -> 0.42894909 | FC13: =(AI13)*(AH13)*ET13+-2*EV13 -> 0.21764697 | FD13: =20*(AH13)^2/(3*((AG13)-(AI13))+4*(AH13))^2 -> 0.12575293 | FE13: =15*((AG13)-(AI13))^2/(3*((AG13)-(AI13))+4*(AH13))^2 -> 0.77707484 | FF13: =(0.2+FD13)/2 -> 0.16287646 | FG13: =(-0.2-FD13)/2 -> -0.16287646 | FH13: =(0.6+FE13)/2 -> 0.68853742 | FI13: =SQRT(EX13) -> 1.6846597 | FJ13: =SQRT(EY13) -> 1.1191829 | FK13: =SQRT(EZ13) -> 0.27213976 | FL13: =SQRT(EX13/9+4*EY13/9+(4/9)*FA13) -> 1.1764198 | FM13: =SQRT((EX13+EY13+9*EZ13)/25+(-2*FA13+6*FB13-6*FC13)/25) -> 0.3858158 | FN13: =SQRT(FD13^2*(EX13+EY13)-2*FD13^2*FA13+FE13^2*EZ13+2*FD13*FE13*(FB13-FC13)) -> 0.33804822 | FO13: =SQRT(FF13^2*EX13+FG13^2*EY13+FH13^2*EZ13+2*FF13*FG13*FA13+2*FF13*FH13*FB13+2*FG13*FH13*FC13) -> 0.3604316
A14: 9.1253922 | B14: 360 | C14: 0.18750572 | D14: 0.38374368 | E14: 9.1253922 | F14: 0.20634572 | G14: 0.50443365 | H14: =C14*$M$2/0.607 -> 0.21746957 | I14: =D14*$M$2/0.607 -> 0.44506681 | J14: =1/((1/(H14^2))-(1.33333333333333/(G14^2))) -> 0.062874178 | K14: =(J14*(E14-E13)+0.5*(E14-E13)*(J13-J14)) -> 0.038102624 | L14: =SUM(K$3:$K14) -> 0.63023378 | M14: =$B$38/((L14*$B$43+1)) -> 0.69175885 | N14: =(6*F14*G14*SQRT(9*(G14^6)*(0.0002^2)+16*(F14^6)*(0.0002)^2))/((4*F14^2 - 3*G14^2)^2) -> 0.00013732168 | O14: =(((E14-E13)/2)^2)*(N14^2+N15^2) -> 3.4000951e-09 | P14: =SUM(O$2:$O14) -> 9.0466381e-08 | Q14: =SQRT(((M41*0.001)^2)+((N41*0.02)^2)+((O41*P14)^2)) -> 0.0010175503 | R14: =M14^3 -> 0.33102757 | S14: =3*Q14/M14*R14 -> 0.001460786 | T14: =R14/$R$2 -> 0.94873776 | U14: =T14*3*SQRT((Q14/M14)^2)+(0.001/$M$2)^2 -> 0.0041886867 | V14: =$B$40/((M14/$M$2)^3) -> 6.4190552 | W14: =(SQRT((0.02/$V$2)^2+(9*(0.001/$M$2)^2)+(9*(Q14/M14)^2))*V14) -> 0.044665689 | X14: =(1-((V14/$B$40)^0.66666667))/2 -> -0.017852266 | Y14: =(SQRT((Q14/M14)^2 + (0.0002/F14)^2))*AD14 -> 0.011811139 | Z14: =SQRT((Q14/M14)^2 + (0.0002/G14)^2)*AE14 -> 0.0041784128 | AA14: =SQRT((Q14/M14)^2 + (0.0002/H14)^2)*AC14 -> 0.011036584 | AC14: =2*M14/H14 -> 6.3618911 | AD14: =2*M14/F14 -> 6.7048529 | AE14: =2*M14/G14 -> 2.7427149 | AF14: =V14*AC14*AC14 -> 259.80264 | AG14: =V14*AD14^2 -> 288.56896 | AH14: =V14*AE14^2 -> 48.287247 | AI14: =1.5*AF14-AG14/2-2*AH14 -> 148.84499 | AK14: =M14 -> 0.69175885 | AL14: =AK14^3 -> 0.33102757 | AM14: =$AL$2/AL14 -> 1.054032 | AN14: =$AN$2/((AK14/$AK$2)^3) -> 6.4190552 | AO14: =-3*$AW$32*((1-2*AP14)^2.5)*(1+3*(4-$AW$33)*AP14/2)*AP14 -> 9.3055896 | AP14: =0.5*(1-AM14^0.666666667) -> -0.017852266 | AQ14: =(1-2*AP14)^(3.5)*($AW$26-$AW$39*AP14)+AO14*3 -> 288.85113 | AR14: =(1-2*AP14)^(3.5)*($AW$28-$AW$41*AP14)+AO14*1 -> 48.393614 | AS14: =(1-2*AP14)^(3.5)*($AW$27-$AW$40*AP14)+AO14*1 -> 148.48981 | AT14: =AQ14-AG14 -> 0.28217189 | AU14: =AR14-AH14 -> 0.10636661 | AV14: =AS14-AI14 -> -0.35518345 | AW14: =AO14-A14 -> 0.18019746 | AZ14: 0.20634572 | BA14: 0.50443365 | BB14: =C14*$BD$2/0.607 -> 0.21746957 | BC14: =D14*$BD$2/0.607 -> 0.44506681 | BD14: 0.69198306 | BE14: =BD14^3 -> 0.33134955 | BF14: =$BE$2/BE14 -> 1.0530078 | BG14: =$BG$2/((BD14/$BD$2)^3) -> 6.4128176 | BH14: =-3*$BA$32*((1-2*BI14)^2.5)*(1+3*(4-$BA$33)*BI14/2)*BI14 -> 9.129277 | BI14: =0.5*(1-BF14^0.666666667) -> -0.017516741 | BJ14: =BH14-E14 -> 0.0038848454 | BK14: =2*BD14/BB14 -> 6.3639531 | BL14: =2*BD14/AZ14 -> 6.707026 | BM14: =2*BD14/BA14 -> 2.7436039 | BN14: =BG14*BK14*BK14 -> 259.71846 | BO14: =BG14*BL14^2 -> 288.47546 | BP14: =BG14*BM14^2 -> 48.271601 | BQ14: =1.5*BN14-BO14/2-2*BP14 -> 148.79676 | BR14: =(1-2*BI14)^(3.5)*($BA$26-$BA$39*BI14)+BH14*3 -> 288.72558 | BS14: =(1-2*BI14)^(3.5)*($BA$28-$BA$41*BI14)+BH14*1 -> 48.376678 | BT14: =(1-2*BI14)^(3.5)*($BA$27-$BA$40*BI14)+BH14*1 -> 148.41317 | BU14: =BR14-BO14 -> 0.2501217 | BV14: =BT14-BQ14 -> -0.38359241 | BW14: =BS14-BP14 -> 0.10507658 | BX14: =(BR14+2*BT14)/3 -> 195.18397 | BY14: =SQRT(BR14/BG14) -> 6.709933 | BZ14: =SQRT(BS14/BG14) -> 2.7465884 | CA14: =SQRT((0.33333334*(BR14+2*BT14+4*BS14))/BG14) -> 6.363558 | CB14: =SQRT((0.3333334*(BR14-BT14+BS14))/BG14) -> 3.1317592 | CC14: =(BR14-BT14+3*BS14)/5 -> 57.088488 | CD14: =((5*(BR14-BT14)*BS14)/(3*(BR14-BT14)+4*BS14)) -> 55.2357 | CE14: =(CC14+CD14)/2 -> 56.162094 | CF14: =BY14-AD14 -> 0.0050801729 | CG14: =BZ14-AE14 -> 0.0038734436 | CH14: =CA14-AC14 -> 0.0016668993 | ET14: =(0.02/$B$40)^2+9*(0.001/$B$38)^2+(Q14/M14)^2 -> 3.1108077e-05 | EU14: =4*(AG14)^2*(0.0002/F14)^2 -> 0.31291636 | EV14: =4*(AH14)^2*(0.0002/G14)^2 -> 0.0014661445 | EW14: =4*(AF14)^2*(0.0002/H14)^2 -> 0.22835479 | EX14: =(AG14)^2*ET14+1*EU14 -> 2.9033495 | EY14: =(AI14)^2*ET14+0.25*EU14+4*EV14+2.25*EW14 -> 1.2870862 | EZ14: =(AH14)^2*ET14+1*EV14 -> 0.073999549 | FA14: =(AG14)*(AI14)*ET14+-0.5*EU14 -> 1.1796973 | FB14: =(AG14)*(AH14)*ET14 -> 0.43346618 | FC14: =(AI14)*(AH14)*ET14+-2*EV14 -> 0.22065126 | FD14: =20*(AH14)^2/(3*((AG14)-(AI14))+4*(AH14))^2 -> 0.12437604 | FE14: =15*((AG14)-(AI14))^2/(3*((AG14)-(AI14))+4*(AH14))^2 -> 0.78104296 | FF14: =(0.2+FD14)/2 -> 0.16218802 | FG14: =(-0.2-FD14)/2 -> -0.16218802 | FH14: =(0.6+FE14)/2 -> 0.69052148 | FI14: =SQRT(EX14) -> 1.7039218 | FJ14: =SQRT(EY14) -> 1.1344982 | FK14: =SQRT(EZ14) -> 0.27202858 | FL14: =SQRT(EX14/9+4*EY14/9+(4/9)*FA14) -> 1.1911938 | FM14: =SQRT((EX14+EY14+9*EZ14)/25+(-2*FA14+6*FB14-6*FC14)/25) -> 0.38853193 | FN14: =SQRT(FD14^2*(EX14+EY14)-2*FD14^2*FA14+FE14^2*EZ14+2*FD14*FE14*(FB14-FC14)) -> 0.33884198 | FO14: =SQRT(FF14^2*EX14+FG14^2*EY14+FH14^2*EZ14+2*FF14*FG14*FA14+2*FF14*FH14*FB14+2*FG14*FH14*FC14) -> 0.36210224
A15: 9.5558352 | B15: 390 | C15: 0.18698292 | D15: 0.38303389 | E15: 9.5558352 | F15: 0.20554572 | G15: 0.50383365 | H15: =C15*$M$2/0.607 -> 0.21686322 | I15: =D15*$M$2/0.607 -> 0.44424359 | J15: =1/((1/(H15^2))-(1.33333333333333/(G15^2))) -> 0.062458238 | K15: =(J15*(E15-E14)+0.5*(E15-E14)*(J14-J15)) -> 0.026974232 | L15: =SUM(K$3:$K15) -> 0.65720802 | M15: =$B$38/((L15*$B$43+1)) -> 0.69124441 | N15: =(6*F15*G15*SQRT(9*(G15^6)*(0.0002^2)+16*(F15^6)*(0.0002)^2))/((4*F15^2 - 3*G15^2)^2) -> 0.00013635899 | O15: =(((E15-E14)/2)^2)*(N15^2+N16^2) -> 1.7104901e-09 | P15: =SUM(O$2:$O15) -> 9.2176871e-08 | Q15: =SQRT(((M42*0.001)^2)+((N42*0.02)^2)+((O42*P15)^2)) -> 0.0010182932 | R15: =M15^3 -> 0.3302896 | S15: =3*Q15/M15*R15 -> 0.001459679 | T15: =R15/$R$2 -> 0.94662272 | U15: =T15*3*SQRT((Q15/M15)^2)+(0.001/$M$2)^2 -> 0.0041855139 | V15: =$B$40/((M15/$M$2)^3) -> 6.4333973 | W15: =(SQRT((0.02/$V$2)^2+(9*(0.001/$M$2)^2)+(9*(Q15/M15)^2))*V15) -> 0.04479205 | X15: =(1-((V15/$B$40)^0.66666667))/2 -> -0.018623337 | Y15: =(SQRT((Q15/M15)^2 + (0.0002/F15)^2))*AD15 -> 0.011874443 | Z15: =SQRT((Q15/M15)^2 + (0.0002/G15)^2)*AE15 -> 0.0041863624 | AA15: =SQRT((Q15/M15)^2 + (0.0002/H15)^2)*AC15 -> 0.011079629 | AC15: =2*M15/H15 -> 6.3749344 | AD15: =2*M15/F15 -> 6.7259431 | AE15: =2*M15/G15 -> 2.7439391 | AF15: =V15*AC15*AC15 -> 261.4519 | AG15: =V15*AD15^2 -> 291.03603 | AH15: =V15*AE15^2 -> 48.438345 | AI15: =1.5*AF15-AG15/2-2*AH15 -> 149.78315 | AK15: =M15 -> 0.69124441 | AL15: =AK15^3 -> 0.3302896 | AM15: =$AL$2/AL15 -> 1.0563871 | AN15: =$AN$2/((AK15/$AK$2)^3) -> 6.4333973 | AO15: =-3*$AW$32*((1-2*AP15)^2.5)*(1+3*(4-$AW$33)*AP15/2)*AP15 -> 9.7432514 | AP15: =0.5*(1-AM15^0.666666667) -> -0.018623337 | AQ15: =(1-2*AP15)^(3.5)*($AW$26-$AW$39*AP15)+AO15*3 -> 291.03634 | AR15: =(1-2*AP15)^(3.5)*($AW$28-$AW$41*AP15)+AO15*1 -> 48.435804 | AS15: =(1-2*AP15)^(3.5)*($AW$27-$AW$40*AP15)+AO15*1 -> 149.87477 | AT15: =AQ15-AG15 -> 0.0003110259 | AU15: =AR15-AH15 -> -0.002541271 | AV15: =AS15-AI15 -> 0.091615937 | AW15: =AO15-A15 -> 0.18741616 | AZ15: 0.20554572 | BA15: 0.50383365 | BB15: =C15*$BD$2/0.607 -> 0.21686322 | BC15: =D15*$BD$2/0.607 -> 0.44424359 | BD15: 0.69148023 | BE15: =BD15^3 -> 0.33062775 | BF15: =$BE$2/BE15 -> 1.0553067 | BG15: =$BG$2/((BD15/$BD$2)^3) -> 6.4268176 | BH15: =-3*$BA$32*((1-2*BI15)^2.5)*(1+3*(4-$BA$33)*BI15/2)*BI15 -> 9.5567132 | BI15: =0.5*(1-BF15^0.666666667) -> -0.018269667 | BJ15: =BH15-E15 -> 0.0008779871 | BK15: =2*BD15/BB15 -> 6.3771091 | BL15: =2*BD15/AZ15 -> 6.7282377 | BM15: =2*BD15/BA15 -> 2.7448751 | BN15: =BG15*BK15*BK15 -> 261.36274 | BO15: =BG15*BL15^2 -> 290.93677 | BP15: =BG15*BM15^2 -> 48.421826 | BQ15: =1.5*BN15-BO15/2-2*BP15 -> 149.73207 | BR15: =(1-2*BI15)^(3.5)*($BA$26-$BA$39*BI15)+BH15*3 -> 290.90292 | BS15: =(1-2*BI15)^(3.5)*($BA$28-$BA$41*BI15)+BH15*1 -> 48.418739 | BT15: =(1-2*BI15)^(3.5)*($BA$27-$BA$40*BI15)+BH15*1 -> 149.79063 | BU15: =BR15-BO15 -> -0.0338506 | BV15: =BT15-BQ15 -> 0.058560891 | BW15: =BS15-BP15 -> -0.0030870146 | BX15: =(BR15+2*BT15)/3 -> 196.82806 | BY15: =SQRT(BR15/BG15) -> 6.7278462 | BZ15: =SQRT(BS15/BG15) -> 2.7447876 | CA15: =SQRT((0.33333334*(BR15+2*BT15+4*BS15))/BG15) -> 6.3773976 | CB15: =SQRT((0.3333334*(BR15-BT15+BS15))/BG15) -> 3.135318 | CC15: =(BR15-BT15+3*BS15)/5 -> 57.273702 | CD15: =((5*(BR15-BT15)*BS15)/(3*(BR15-BT15)+4*BS15)) -> 55.36749 | CE15: =(CC15+CD15)/2 -> 56.320596 | CF15: =BY15-AD15 -> 0.0019030904 | CG15: =BZ15-AE15 -> 0.00084858181 | CH15: =CA15-AC15 -> 0.0024632451 | ET15: =(0.02/$B$40)^2+9*(0.001/$B$38)^2+(Q15/M15)^2 -> 3.1114464e-05 | EU15: =4*(AG15)^2*(0.0002/F15)^2 -> 0.32077212 | EV15: =4*(AH15)^2*(0.0002/G15)^2 -> 0.0014788504 | EW15: =4*(AF15)^2*(0.0002/H15)^2 -> 0.23255826 | EX15: =(AG15)^2*ET15+1*EU15 -> 2.9562285 | EY15: =(AI15)^2*ET15+0.25*EU15+4*EV15+2.25*EW15 -> 1.3074173 | EZ15: =(AH15)^2*ET15+1*EV15 -> 0.074481885 | FA15: =(AG15)*(AI15)*ET15+-0.5*EU15 -> 1.1959648 | FB15: =(AG15)*(AH15)*ET15 -> 0.43863004 | FC15: =(AI15)*(AH15)*ET15+-2*EV15 -> 0.22278545 | FD15: =20*(AH15)^2/(3*((AG15)-(AI15))+4*(AH15))^2 -> 0.12306025 | FE15: =15*((AG15)-(AI15))^2/(3*((AG15)-(AI15))+4*(AH15))^2 -> 0.78486514 | FF15: =(0.2+FD15)/2 -> 0.16153012 | FG15: =(-0.2-FD15)/2 -> -0.16153012 | FH15: =(0.6+FE15)/2 -> 0.69243257 | FI15: =SQRT(EX15) -> 1.7193686 | FJ15: =SQRT(EY15) -> 1.1434235 | FK15: =SQRT(EZ15) -> 0.27291369 | FL15: =SQRT(EX15/9+4*EY15/9+(4/9)*FA15) -> 1.2004516 | FM15: =SQRT((EX15+EY15+9*EZ15)/25+(-2*FA15+6*FB15-6*FC15)/25) -> 0.3917714 | FN15: =SQRT(FD15^2*(EX15+EY15)-2*FD15^2*FA15+FE15^2*EZ15+2*FD15*FE15*(FB15-FC15)) -> 0.34047286 | FO15: =SQRT(FF15^2*EX15+FG15^2*EY15+FH15^2*EZ15+2*FF15*FG15*FA15+2*FF15*FH15*FB15+2*FG15*FH15*FC15) -> 0.36446119
... A23: 12.482848 | B23: 630 | C23: 0.18327563 | D23: 0.377551 | E23: 12.482848 | F23: 0.19974572 | G23: 0.50683365 | H23: =C23*$M$2/0.607 -> 0.21256349 | I23: =D23*$M$2/0.607 -> 0.43788452 | J23: =1/((1/(H23^2))-(1.33333333333333/(G23^2))) -> 0.059026243 | K23: =(J23*(E23-E22)+0.5*(E23-E22)*(J22-J23)) -> 0.01018118 | L23: =SUM(K$3:$K23) -> 0.83525486 | M23: =$B$38/((L23*$B$43+1)) -> 0.68786793 | N23: =(6*F23*G23*SQRT(9*(G23^6)*(0.0002^2)+16*(F23^6)*(0.0002)^2))/((4*F23^2 - 3*G23^2)^2) -> 0.00012750678 | O23: =(((E23-E22)/2)^2)*(N23^2+N24^2) -> 1.2049191e-10 | P23: =SUM(O$2:$O23) -> 1.0272515e-07 | Q23: =SQRT(((M50*0.001)^2)+((N50*0.02)^2)+((O50*P23)^2)) -> 0.001023175 | R23: =M23^3 -> 0.32547317 | S23: =3*Q23/M23*R23 -> 0.0014523835 | T23: =R23/$R$2 -> 0.93281863 | U23: =T23*3*SQRT((Q23/M23)^2)+(0.001/$M$2)^2 -> 0.0041646046 | V23: =$B$40/((M23/$M$2)^3) -> 6.5286003 | W23: =(SQRT((0.02/$V$2)^2+(9*(0.001/$M$2)^2)+(9*(Q23/M23)^2))*V23) -> 0.045633536 | X23: =(1-((V23/$B$40)^0.66666667))/2 -> -0.023727281 | Y23: =(SQRT((Q23/M23)^2 + (0.0002/F23)^2))*AD23 -> 0.012349617 | Z23: =SQRT((Q23/M23)^2 + (0.0002/G23)^2)*AE23 -> 0.0041771795 | AA23: =SQRT((Q23/M23)^2 + (0.0002/H23)^2)*AC23 -> 0.011391325 | AC23: =2*M23/H23 -> 6.4721173 | AD23: =2*M23/F23 -> 6.887436 | AE23: =2*M23/G23 -> 2.7143736 | AF23: =V23*AC23*AC23 -> 273.47198 | AG23: =V23*AD23^2 -> 309.69574 | AH23: =V23*AE23^2 -> 48.101578 | AI23: =1.5*AF23-AG23/2-2*AH23 -> 159.15695 | AK23: =M23 -> 0.68786793 | AL23: =AK23^3 -> 0.32547317 | AM23: =$AL$2/AL23 -> 1.0720198 | AN23: =$AN$2/((AK23/$AK$2)^3) -> 6.5286003 | AO23: =-3*$AW$32*((1-2*AP23)^2.5)*(1+3*(4-$AW$33)*AP23/2)*AP23 -> 12.717377 | AP23: =0.5*(1-AM23^0.666666667) -> -0.023727281 | AQ23: =(1-2*AP23)^(3.5)*($AW$26-$AW$39*AP23)+AO23*3 -> 305.73045 | AR23: =(1-2*AP23)^(3.5)*($AW$28-$AW$41*AP23)+AO23*1 -> 48.652136 | AS23: =(1-2*AP23)^(3.5)*($AW$27-$AW$40*AP23)+AO23*1 -> 159.24647 | AT23: =AQ23-AG23 -> -3.9652937 | AU23: =AR23-AH23 -> 0.55055832 | AV23: =AS23-AI23 -> 0.089515168 | AW23: =AO23-A23 -> 0.23452907 | AZ23: 0.19974572 | BA23: 0.50683365 | BB23: =C23*$BD$2/0.607 -> 0.21256349 | BC23: =D23*$BD$2/0.607 -> 0.43788452 | BD23: 0.69905315 | BE23: =BD23^3 -> 0.34161002 | BF23: =$BE$2/BE23 -> 1.0213801 | BG23: =$BG$2/((BD23/$BD$2)^3) -> 6.2202046 | BH23: =-3*$BA$32*((1-2*BI23)^2.5)*(1+3*(4-$BA$33)*BI23/2)*BI23 -> 3.5158903 | BI23: =0.5*(1-BF23^0.666666667) -> -0.0071015345 | BJ23: =BH23-E23 -> -8.9669575 | BK23: =2*BD23/BB23 -> 6.5773585 | BL23: =2*BD23/AZ23 -> 6.9994306 | BM23: =2*BD23/BA23 -> 2.7585112 | BN23: =BG23*BK23*BK23 -> 269.09629 | BO23: =BG23*BL23^2 -> 304.74045 | BP23: =BG23*BM23^2 -> 47.331927 | BQ23: =1.5*BN23-BO23/2-2*BP23 -> 156.61035 | BR23: =(1-2*BI23)^(3.5)*($BA$26-$BA$39*BI23)+BH23*3 -> 259.55143 | BS23: =(1-2*BI23)^(3.5)*($BA$28-$BA$41*BI23)+BH23*1 -> 47.573387 | BT23: =(1-2*BI23)^(3.5)*($BA$27-$BA$40*BI23)+BH23*1 -> 130.16352 | BU23: =BR23-BO23 -> -45.189011 | BV23: =BT23-BQ23 -> -26.446833 | BW23: =BS23-BP23 -> 0.24146025 | BX23: =(BR23+2*BT23)/3 -> 173.29283 | BY23: =SQRT(BR23/BG23) -> 6.4596558 | BZ23: =SQRT(BS23/BG23) -> 2.7655384 | CA23: =SQRT((0.33333334*(BR23+2*BT23+4*BS23))/BG23) -> 6.1690575 | CB23: =SQRT((0.3333334*(BR23-BT23+BS23))/BG23) -> 3.0794718 | CC23: =(BR23-BT23+3*BS23)/5 -> 54.421615 | CD23: =((5*(BR23-BT23)*BS23)/(3*(BR23-BT23)+4*BS23)) -> 53.205495 | CE23: =(CC23+CD23)/2 -> 53.813555 | CF23: =BY23-AD23 -> -0.42778016 | CG23: =BZ23-AE23 -> 0.051164863 | CH23: =CA23-AC23 -> -0.30305977 | ET23: =(0.02/$B$40)^2+9*(0.001/$B$38)^2+(Q23/M23)^2 -> 3.1156883e-05 | EU23: =4*(AG23)^2*(0.0002/F23)^2 -> 0.38462321 | EV23: =4*(AH23)^2*(0.0002/G23)^2 -> 0.0014411452 | EW23: =4*(AF23)^2*(0.0002/H23)^2 -> 0.26483069 | EX23: =(AG23)^2*ET23+1*EU23 -> 3.3729251 | EY23: =(AI23)^2*ET23+0.25*EU23+4*EV23+2.25*EW23 -> 1.4870224 | EZ23: =(AH23)^2*ET23+1*EV23 -> 0.073530751 | FA23: =(AG23)*(AI23)*ET23+-0.5*EU23 -> 1.3434183 | FB23: =(AG23)*(AH23)*ET23 -> 0.46413954 | FC23: =(AI23)*(AH23)*ET23+-2*EV23 -> 0.23564547 | FD23: =20*(AH23)^2/(3*((AG23)-(AI23))+4*(AH23))^2 -> 0.11156971 | FE23: =15*((AG23)-(AI23))^2/(3*((AG23)-(AI23))+4*(AH23))^2 -> 0.81956948 | FF23: =(0.2+FD23)/2 -> 0.15578486 | FG23: =(-0.2-FD23)/2 -> -0.15578486 | FH23: =(0.6+FE23)/2 -> 0.70978474 | FI23: =SQRT(EX23) -> 1.8365525 | FJ23: =SQRT(EY23) -> 1.2194353 | FK23: =SQRT(EZ23) -> 0.27116554 | FL23: =SQRT(EX23/9+4*EY23/9+(4/9)*FA23) -> 1.2777884 | FM23: =SQRT((EX23+EY23+9*EZ23)/25+(-2*FA23+6*FB23-6*FC23)/25) -> 0.41016348 | FN23: =SQRT(FD23^2*(EX23+EY23)-2*FD23^2*FA23+FE23^2*EZ23+2*FD23*FE23*(FB23-FC23)) -> 0.34384186 | FO23: =SQRT(FF23^2*EX23+FG23^2*EY23+FH23^2*EZ23+2*FF23*FG23*FA23+2*FF23*FH23*FB23+2*FG23*FH23*FC23) -> 0.37458552
AV25: CK No Vs111 | AZ25: FS No Vs111
AV26: C11 | AW26: 240.76885 | AZ26: C11 | BA26: 240.65582
B27: v111 | AV27: C12 | AW27: 118.60801 | AZ27: C12 | BA27: 118.55576
A28: Width then radius | B28: 2.34 | J28: D | K28: K | L28: I | M28: L term | N28: rho term | O28: Int term | X28: =1.42/0.2298 -> 6.1792863 | AV28: C44 | AW28: 46.785023 | AZ28: C44 | BA28: 46.806856
A29: Length initial | B29: 0.623 | C29: 0.607 | J29: =12*$B$31*$B$38^2+$K$29*L2 -> 36.219617 | K29: =C34 -> 1.016974 | L29: sum cook | M29: =36*$B$40*($B$38^2)*(4*$B$40*$B$38^2 + $K$29*L2)/J29^2 -> 1 | N29: =36*$B$40*($B$38^2)*(4*$B$40*$B$38^2 + $K$29*M2)/K29^2 -> 1343.6535 | O29: =-(12*$B$40*$K$29*$D$38^3)/(J29^2) -> -0.019766904 | AV29: C11' | AW29: 5.3558862 | AZ29: C11' | BA29: 5.451739
A30: alpha thermal expansion | B30: =0.000046 -> 4.6e-05 | F30: Value | G30: VP100 or 110 or VS110 | H30: bench | J30: =12*$B$31*$B$38^2+$K$29*L3 -> 36.230005 | M30: =36*$B$40*($B$38^2)*(4*$B$40*$B$38^2 + $K$29*L3)/J30^2 -> 1.0002866 | N30: =(12*$K$29*L3*$D$38^3)/(J30^2) -> 3.313455e-05 | O30: =-(12*$B$40*$K$29*$D$38^3)/(J30^2) -> -0.019755571 | AV30: C12' | AW30: 3.263623 | AZ30: C12' | BA30: 3.324186
A31: density OG | B31: 6.09 | E31: C11 | F31: 231 | G31: 6.1588176 | H31: 0.23121321 | J31: =12*$B$31*$B$38^2+$K$29*L4 -> 36.34484 | M31: =36*$B$40*($B$38^2)*(4*$B$40*$B$38^2 + $K$29*L4)/J31^2 -> 1.0034217 | N31: =(12*$K$29*L4*$D$38^3)/(J31^2) -> 0.00039691538 | O31: =-(12*$B$40*$K$29*$D$38^3)/(J31^2) -> -0.019630928 | AV31: C44' | AW31: 0.25384815 | AZ31: C44' | BA31: 0.25005403
A32: Gamma gruneisen | B32: 1.23 | E32: C12 VP | F32: 120 | G32: 5.9398555 | H32: 0.23973647 | J32: =12*$B$31*$B$38^2+$K$29*L5 -> 36.408432 | M32: =36*$B$40*($B$38^2)*(4*$B$40*$B$38^2 + $K$29*L5)/J32^2 -> 1.0051322 | N32: =(12*$K$29*L5*$D$38^3)/(J32^2) -> 0.00059639101 | O32: =-(12*$B$40*$K$29*$D$38^3)/(J32^2) -> -0.019562413 | AV32: KS0 | AW32: =(AW26+2*AW27)/3 -> 159.32829 | AZ32: KS0 | BA32: =(BA26+2*BA27)/3 -> 159.25578
A33: T temp K | B33: 300 | E33: C12 VS | F33: 120 | G33: 2.9070625 | H33: 0.48984154 | J33: =12*$B$31*$B$38^2+$K$29*L6 -> 36.476877 | M33: =36*$B$40*($B$38^2)*(4*$B$40*$B$38^2 + $K$29*L6)/J33^2 -> 1.0069532 | N33: =(12*$K$29*L6*$D$38^3)/(J33^2) -> 0.00080953548 | O33: =-(12*$B$40*$K$29*$D$38^3)/(J33^2) -> -0.019489068 | AV33: K'S0 | AW33: =(AW29+2*AW30)/3 -> 3.9610441 | AZ33: K'S0 | BA33: =(BA29+2*BA30)/3 -> 4.0333704
A34: >scalar> | B34: =C34/C35 -> 0.035853802 | C34: =1+B30*B32*B33 -> 1.016974 | E34: C44 | F34: 43.4 | G34: 2.6695387 | H34: 0.5334255 | J34: =12*$B$31*$B$38^2+$K$29*L7 -> 36.546903 | M34: =36*$B$40*($B$38^2)*(4*$B$40*$B$38^2 + $K$29*L7)/J34^2 -> 1.0087948 | N34: =(12*$K$29*L7*$D$38^3)/(J34^2) -> 0.001025946 | O34: =-(12*$B$40*$K$29*$D$38^3)/(J34^2) -> -0.019414456 | AV34: All sumsq | AW34: =AW38+AW36+AW37+AW35 -> 3.4005152 | AZ34: All sumsq | BA34: =BA38+BA36+BA37+BA35 -> 2.2359344
C35: =12*B31*(B29^2) -> 28.364467 | J35: =12*$B$31*$B$38^2+$K$29*L8 -> 36.59474 | M35: =36*$B$40*($B$38^2)*(4*$B$40*$B$38^2 + $K$29*L8)/J35^2 -> 1.0100406 | N35: =(12*$K$29*L8*$D$38^3)/(J35^2) -> 0.001172831 | O35: =-(12*$B$40*$K$29*$D$38^3)/(J35^2) -> -0.019363731 | AV35: FSP | AW35: =SUMSQ(AW6:AW16) -> 0.24841943 | AZ35: FSP | BA35: =SUMSQ(BJ6:BJ16) -> 0.035791135
B36: V100 | J36: =12*$B$31*$B$38^2+$K$29*L9 -> 36.639003 | M36: =36*$B$40*($B$38^2)*(4*$B$40*$B$38^2 + $K$29*L9)/J36^2 -> 1.0111844 | N36: =(12*$K$29*L9*$D$38^3)/(J36^2) -> 0.0013080545 | O36: =-(12*$B$40*$K$29*$D$38^3)/(J36^2) -> -0.019316973 | AV36: C11 | AW36: =SUMSQ(AT6:AT16) -> 2.1685167 | AZ36: C11 | BA36: =SUMSQ(BU6:BU16) -> 0.65011772
A37: Width then radius | B37: 2.34 | C37: =B37/2 -> 1.17 | J37: =12*$B$31*$B$38^2+$K$29*L10 -> 36.69429 | M37: =36*$B$40*($B$38^2)*(4*$B$40*$B$38^2 + $K$29*L10)/J37^2 -> 1.0126012 | N37: =(12*$K$29*L10*$D$38^3)/(J37^2) -> 0.0014760339 | O37: =-(12*$B$40*$K$29*$D$38^3)/(J37^2) -> -0.019258808 | AV37: C12 | AW37: =SUMSQ(AV6:AV16) -> 0.93313013 | AZ37: C12 | BA37: =SUMSQ(BV6:BV16) -> 1.5003587
A38: Length initial | B38: 0.704 | C38: mm | D38: 0.704 | J38: =12*$B$31*$B$38^2+$K$29*L11 -> 36.74015 | M38: =36*$B$40*($B$38^2)*(4*$B$40*$B$38^2 + $K$29*L11)/J38^2 -> 1.0137665 | N38: =(12*$K$29*L11*$D$38^3)/(J38^2) -> 0.0016146005 | O38: =-(12*$B$40*$K$29*$D$38^3)/(J38^2) -> -0.019210759 | AV38: C44 | AW38: =SUMSQ(AU6:AU16) -> 0.050448932 | AZ38: C44 | BA38: =SUMSQ(BW6:BW16) -> 0.04966692
A39: alpha thermal expansion | B39: =0.000046 -> 4.6e-05 | C39: m/m C | J39: =12*$B$31*$B$38^2+$K$29*L12 -> 36.776977 | M39: =36*$B$40*($B$38^2)*(4*$B$40*$B$38^2 + $K$29*L12)/J39^2 -> 1.0146958 | N39: =(12*$K$29*L12*$D$38^3)/(J39^2) -> 0.0017253726 | O39: =-(12*$B$40*$K$29*$D$38^3)/(J39^2) -> -0.019172304 | AV39: C11a | AW39: =3*AW32*(AW29-3)-7*AW26 -> -559.30397 | AZ39: C11a | BA39: =3*BA32*(BA29-3)-7*BA26 -> -513.22991
A40: density OG | B40: 6.09 | C40: g/cm^3 | J40: =12*$B$31*$B$38^2+$K$29*L13 -> 36.821799 | M40: =36*$B$40*($B$38^2)*(4*$B$40*$B$38^2 + $K$29*L13)/J40^2 -> 1.015819 | N40: =(12*$K$29*L13*$D$38^3)/(J40^2) -> 0.001859589 | O40: =-(12*$B$40*$K$29*$D$38^3)/(J40^2) -> -0.019125657 | AV40: C12a | AW40: =3*AW32*(AW30-1)-7*AW27 -> 251.72147 | AZ40: C12a | BA40: =3*BA32*(BA30-1)-7*BA27 -> 280.52986
A41: Gamma gruneisen | B41: 1.23 | J41: =12*$B$31*$B$38^2+$K$29*L14 -> 36.860549 | M41: =36*$B$40*($B$38^2)*(4*$B$40*$B$38^2 + $K$29*L14)/J41^2 -> 1.0167833 | N41: =(12*$K$29*L14*$D$38^3)/(J41^2) -> 0.0019750912 | O41: =-(12*$B$40*$K$29*$D$38^3)/(J41^2) -> -0.019085466 | AV41: C44a | AW41: =3*AW32*(AW31-1)-7*AW28 -> -684.14445 | AZ41: C44a | BA41: =3*BA32*(BA31-1)-7*BA28 -> -685.94769
A42: T temp K | B42: 300 | J42: =12*$B$31*$B$38^2+$K$29*L15 -> 36.887981 | M42: =36*$B$40*($B$38^2)*(4*$B$40*$B$38^2 + $K$29*L15)/J42^2 -> 1.0174622 | N42: =(12*$K$29*L15*$D$38^3)/(J42^2) -> 0.0020565637 | O42: =-(12*$B$40*$K$29*$D$38^3)/(J42^2) -> -0.019057091 | GR42: CK FIT COVARIANCE (SolverAid) - valid at current optimum
A43: >scalar> | B43: =C43/C44 -> 0.028077989 | C43: =1+B39*B41*B42 -> 1.016974 | J43: =12*$B$31*$B$38^2+$K$29*L16 -> 36.923371 | M43: =36*$B$40*($B$38^2)*(4*$B$40*$B$38^2 + $K$29*L16)/J43^2 -> 1.0183333 | N43: =(12*$K$29*L16*$D$38^3)/(J43^2) -> 0.0021613096 | O43: =-(12*$B$40*$K$29*$D$38^3)/(J43^2) -> -0.019020577 | GR43: param | GS43: value | GT43: SE(1sigma)
C44: =12*B40*(B38^2) -> 36.219617 | J44: =12*$B$31*$B$38^2+$K$29*L17 -> 36.955732 | M44: =36*$B$40*($B$38^2)*(4*$B$40*$B$38^2 + $K$29*L17)/J44^2 -> 1.0191253 | N44: =(12*$K$29*L17*$D$38^3)/(J44^2) -> 0.0022567364 | O44: =-(12*$B$40*$K$29*$D$38^3)/(J44^2) -> -0.01898728 | GR44: C11_0 | GS44: 240.76885 | GT44: 0.30564719
A45: delta C11 | B45: 3 | J45: =12*$B$31*$B$38^2+$K$29*L18 -> 36.974455 | M45: =36*$B$40*($B$38^2)*(4*$B$40*$B$38^2 + $K$29*L18)/J45^2 -> 1.0195816 | N45: =(12*$K$29*L18*$D$38^3)/(J45^2) -> 0.002311796 | O45: =-(12*$B$40*$K$29*$D$38^3)/(J45^2) -> -0.018968055 | GR45: C12_0 | GS45: 118.60801 | GT45: 0.3068991
A46: delta C12/C44 | B46: 1 | J46: =12*$B$31*$B$38^2+$K$29*L19 -> 36.987761 | M46: =36*$B$40*($B$38^2)*(4*$B$40*$B$38^2 + $K$29*L19)/J46^2 -> 1.0199049 | N46: =(12*$K$29*L19*$D$38^3)/(J46^2) -> 0.002350854 | O46: =-(12*$B$40*$K$29*$D$38^3)/(J46^2) -> -0.01895441 | GR46: C44_0 | GS46: 46.785023 | GT46: 0.31079847
J47: =12*$B$31*$B$38^2+$K$29*L20 -> 37.011585 | M47: =36*$B$40*($B$38^2)*(4*$B$40*$B$38^2 + $K$29*L20)/J47^2 -> 1.0204821 | N47: =(12*$K$29*L20*$D$38^3)/(J47^2) -> 0.0024206474 | O47: =-(12*$B$40*$K$29*$D$38^3)/(J47^2) -> -0.018930016 | GR47: C11' | GS47: 5.3558862 | GT47: 0.041322696
A48: K | B48: 151.14 | J48: =12*$B$31*$B$38^2+$K$29*L21 -> 37.043084 | M48: =36*$B$40*($B$38^2)*(4*$B$40*$B$38^2 + $K$29*L21)/J48^2 -> 1.0212416 | N48: =(12*$K$29*L21*$D$38^3)/(J48^2) -> 0.0025126429 | O48: =-(12*$B$40*$K$29*$D$38^3)/(J48^2) -> -0.018897837 | GR48: C12' | GS48: 3.263623 | GT48: 0.042465282
A49: K' | B49: 3.47 | J49: =12*$B$31*$B$38^2+$K$29*L22 -> 37.058696 | M49: =36*$B$40*($B$38^2)*(4*$B$40*$B$38^2 + $K$29*L22)/J49^2 -> 1.0216166 | N49: =(12*$K$29*L22*$D$38^3)/(J49^2) -> 0.0025581237 | O49: =-(12*$B$40*$K$29*$D$38^3)/(J49^2) -> -0.018881918 | GR49: C44' | GS49: 0.25384815 | GT49: 0.039705174
J50: =12*$B$31*$B$38^2+$K$29*L23 -> 37.06905 | M50: =36*$B$40*($B$38^2)*(4*$B$40*$B$38^2 + $K$29*L23)/J50^2 -> 1.0218647 | N50: =(12*$K$29*L23*$D$38^3)/(J50^2) -> 0.0025882438 | O50: =-(12*$B$40*$K$29*$D$38^3)/(J50^2) -> -0.018871371 | BI50: 0.704 and more | BP50: 0.704 and less | GR50: s^2 | GS50: 0.089487241
B51: Ratio 0.71/ 0.623 | BH51: C11 | BI51: 239.24771 | BJ51: C11' | BK51: 5.6424432 | BL51: C11a | BM51: -420.63831 | BO51: C11 | BP51: 240.65352 | BQ51: C11' | BR51: 5.4562611 | BS51: C11a | BT51: -511.10857 | GR51: RMS res | GS51: 0.27800078
B52: =B38/B29 -> 1.1300161 | E52: Value | F52: VP100 or 110 or VS110 | G52: Travel time | H52: correction | I52: Bench correct | J52: predited measured time | BH52: C12 | BI52: 117.67466 | BJ52: C12' | BK52: 3.4472129 | BL52: C12a | BM52: 337.71736 | BO52: C12 | BP52: 118.54566 | BQ52: C12' | BR52: 3.3285789 | BS52: C12a | BT52: 282.64694 | GR52: dof | GS52: 38
D53: C11 | E53: 235 | F53: 6.2119119 | G53: 0.22923699 | H53: 0.0023427945 | I53: -0.012658141 | J53: 0.2268942 | BH53: C44 | BI53: 46.817623 | BJ53: C44' | BK53: 0.25007223 | BL53: C44a | BM53: -683.63685 | BO53: C44 | BP53: 46.8077 | BQ53: C44' | BR53: 0.24985841 | BS53: C44a | BT53: -686.03017 | GR53: N_res | GS53: 44
D54: C12 VP | E54: 120 | F54: 5.9509029 | G54: 0.20400266 | H54: 0.0019882247 | I54: -0.012665076 | J54: 0.20201443 | GR54: sigma(K0) | GS54: 0.22478066
D55: C12 VS | E55: 120 | F55: 2.9407579 | G55: 0.41281875 | H55: -0.00046133081 | I55: -0.0125 | J55: 0.41328008 | GR55: sigma(GV0) | GS55: 0.20669964
D56: C44 | E56: 43 | F56: 2.6572082 | G56: 0.5359008 | H56: -0.00035202667 | I56: -0.0125 | J56: 0.53625283 | BH56: KS0 | BI56: 158.19901 | BJ56: K'S0 | BK56: 4.1789563 | BO56: KS0 | BP56: 159.24828 | BQ56: K'S0 | BR56: 4.0378063 | GR56: sigma(GR0) | GS56: 0.23585681
GR57: sigma(GH0) | GS57: 0.22047411
BL58: All sumsq | BM58: 2.5014687 | BS58: All sumsq | BT58: 2.2338494
BL59: FSP | BM59: 0.16902744 | BS59: FSP | BT59: 0.033737922 | GR59: Cov(theta) 6x6:
BL60: C11 | BM60: 0.66973379 | BS60: C11 | BT60: 0.65061083 | GR60: 0.093420203 | GS60: -0.0038578327 | GT60: -0.00049221224 | GU60: -0.012058582 | GV60: 1.3661569e-05 | GW60: 0.00011422275
BL61: C12 | BM61: 1.5708438 | BS61: C12 | BT61: 1.4998887 | GR61: -0.0038578327 | GS61: 0.094187055 | GT61: -0.001064614 | GU61: -0.00094626716 | GV61: -0.012541854 | GW61: 0.00024750861
BL62: C44 | BM62: 0.091863684 | BS62: C44 | BT62: 0.04961195 | GR62: -0.00049221224 | GS62: -0.001064614 | GT62: 0.096595688 | GU62: 8.4628045e-05 | GV62: 0.00015443184 | GW62: -0.011800831
GR63: -0.012058582 | GS63: -0.00094626716 | GT63: 8.4628045e-05 | GU63: 0.0017075652 | GV63: 0.00018388697 | GW63: -2.0055366e-05
BI64: 0.712 and more | BO64: 0.712 and less | GR64: 1.3661569e-05 | GS64: -0.012541854 | GT64: 0.00015443184 | GU64: 0.00018388697 | GV64: 0.0018033001 | GW64: -3.6803903e-05
BH65: C11 | BI65: 244.86222 | BJ65: C11' | BK65: 5.7581451 | BL65: C11a | BM65: -415.99 | BO65: C11 | BP65: 246.41853 | BQ65: C11' | BR65: 5.5543154 | BS65: C11a | BT65: -514.15174 | GR65: 0.00011422275 | GS65: 0.00024750861 | GT65: -0.011800831 | GU65: -2.0055366e-05 | GV65: -3.6803903e-05 | GW65: 0.0015765009
BH66: C12 | BI66: 112.88021 | BJ66: C12' | BK66: 3.3660752 | BL66: C12a | BM66: 323.3671 | BO66: C12 | BP66: 113.79709 | BQ66: C12' | BR66: 3.2428507 | BS66: C12a | BT66: 266.5601
BH67: C44 | BI67: 47.97538 | BJ67: C44' | BK67: 0.24258014 | BL67: C44a | BM67: -692.28661 | BO67: C44 | BP67: 47.87963 | BQ67: C44' | BR67: 0.25659939 | BS67: C44a | BT67: -687.53874 | GR67: NOTE: SEs valid at current converged params; recompute after any re-fit.
GR68: FS FIT COVARIANCE (SolverAid) - valid at current optimum
GR69: param | GS69: value | GT69: SE(1sigma)
BH70: KS0 | BI70: 156.87422 | BJ70: K'S0 | BK70: 4.1634319 | BO70: KS0 | BP70: 158.00424 | BQ70: K'S0 | BR70: 4.0133389 | GR70: C11_0 | GS70: 240.65582 | GT70: 0.24929594
GR71: C12_0 | GS71: 118.55576 | GT71: 0.25029012
BL72: All sumsq | BM72: 2.5366877 | BS72: All sumsq | BT72: 2.2978425 | GR72: C44_0 | GS72: 46.806856 | GT72: 0.25337724
BL73: FSP | BM73: 0.16482004 | BS73: FSP | BT73: 0.031890737 | GR73: C11' | GS73: 5.451739 | GT73: 0.034413927
BL74: C11 | BM74: 0.65198352 | BS74: C11 | BT74: 0.63259187 | GR74: C12' | GS74: 3.324186 | GT74: 0.035351218
BL75: C12 | BM75: 1.6513184 | BS75: C12 | BT75: 1.581114 | GR75: C44' | GS75: 0.25005403 | GT75: 0.033030556
BL76: C44 | BM76: 0.068565721 | BS76: C44 | BT76: 0.052245879 | GR76: s^2 | GS76: 0.05884038
GR77: RMS res | GS77: 0.22542558
GR78: dof | GS78: 38
GR79: N_res | GS79: 44
GR80: sigma(K0) | GS80: 0.18341424
GR81: sigma(GV0) | GS81: 0.16849774
GR82: sigma(GR0) | GS82: 0.19217439
GR83: sigma(GH0) | GS83: 0.17968457
GR85: Cov(theta) 6x6:
GR86: 0.062148464 | GS86: -0.0024905014 | GT86: -0.00031850786 | GU86: -0.0081945348 | GV86: -2.5123447e-06 | GW86: 7.6166015e-05
GR87: -0.0024905014 | GS87: 0.062645146 | GT87: -0.00068723291 | GU87: -0.00065869697 | GV87: -0.0085188364 | GW87: 0.00016462767
GR88: -0.00031850786 | GS88: -0.00068723291 | GT88: 0.064200028 | GU88: 5.5942564e-05 | GV88: 0.00010175382 | GW88: -0.0080075018
GR89: -0.0081945348 | GS89: -0.00065869697 | GT89: 5.5942564e-05 | GU89: 0.0011843184 | GV89: 0.0001300829 | GW89: -1.3654596e-05
GR90: -2.5123447e-06 | GS90: -0.0085188364 | GT90: 0.00010175382 | GU90: 0.0001300829 | GV90: 0.0012497086 | GW90: -2.4972942e-05
GR91: 7.6166015e-05 | GS91: 0.00016462767 | GT91: -0.0080075018 | GU91: -1.3654596e-05 | GV91: -2.4972942e-05 | GW91: 0.0010910177
M92: Pressure (GPa) | N92: Density | O92: C11 | P92: C44 | Q92: C12 | R92: GV | S92: GR | T92: GH | U92: Bulk mod
M93: 0 | N93: 6.09 | O93: 231.75 | P93: 44.88 | Q93: 118.9 | R93: 49.827575 | S93: 49.126282 | T93: 49.476928 | U93: 155.51436 | GR93: NOTE: SEs valid at current converged params; recompute after any re-fit.
M94: 2.4965696 | N94: 6.1835554 | O94: 253.82 | P94: 47.35 | Q94: 130.76 | R94: 53.022846 | S94: 52.159293 | T94: 52.59107 | U94: 169.40814
M95: 3.4435442 | N95: 6.2176196 | O95: 259.48 | P95: 47.55 | Q95: 132.75 | R95: 53.878163 | S95: 52.825601 | T95: 53.351882 | U95: 173.40014
M96: 4.4335632 | N96: 6.2526865 | O96: 264.35 | P96: 47.64 | Q96: 135.77 | R96: 54.299319 | S96: 53.145293 | T96: 53.722306 | U96: 176.66717
M97: 5.122272 | N97: 6.2767501 | O97: 268.17 | P97: 47.7 | Q97: 137.56 | R97: 54.743656 | S97: 53.467032 | T97: 54.105344 | U97: 179.89406
M98: 5.7679366 | N98: 6.299003 | O98: 272.57 | P98: 47.95 | Q98: 139.48 | R98: 55.384688 | S98: 53.980934 | T98: 54.682811 | U98: 182.91443
M99: 6.5857783 | N99: 6.326811 | O99: 275.56 | P99: 48.02 | Q99: 142.68 | R99: 55.387254 | S99: 54.008279 | T99: 54.697767 | U99: 186.30645
M100: 7.2744872 | N100: 6.3498266 | O100: 280.14 | P100: 48 | Q100: 145.84 | R100: 55.65948 | S100: 54.180211 | T100: 54.919846 | U100: 190.89599
M101: 7.8340631 | N101: 6.3682562 | O101: 283.11 | P101: 48.2 | Q101: 147.26 | R101: 56.090017 | S101: 54.53424 | T101: 55.312129 | U101: 193.05125
M102: 8.5227719 | N102: 6.3907722 | O102: 285.64 | P102: 48.22 | Q102: 149.14 | R102: 56.229761 | S102: 54.631136 | T102: 55.430449 | U102: 194.98038
M103: 9.1253922 | N103: 6.4102593 | O103: 288.7 | P103: 48.19 | Q103: 151.86 | R103: 56.283087 | S103: 54.654581 | T103: 55.468834 | U103: 198.63342
M104: 9.5558352 | N104: 6.4240466 | O104: 291.17 | P104: 48.34 | Q104: 152.44 | R104: 56.748959 | S104: 55.008589 | T104: 55.878774 | U104: 199.75558
M105: 10.115411 | N105: 6.4418607 | O105: 293.72 | P105: 48.5 | Q105: 154.21 | R105: 57.00052 | S105: 55.230678 | T105: 56.115599 | U105: 202.07636
... M112: 12.482848 | N112: 6.5146528 | O112: 309.77 | P112: 47.99 | Q112: 167.4 | R112: 57.269049 | S112: 55.184091 | T112: 56.22657 | U112: 218.82038

Sheet No Vp 111
A1: V100 Pressure | B1: Oil P | C1: 2TP Au pressure corrected 111 | D1: 2TS Au pressure corrected 111 | E1: V100 Pressure | F1: 2TP Au 100 | G1: 2TS Au 100 high C44 | H1: L corrected v111 TP | I1: L correct v111 TS | J1: f(x) for cook | K1: rect+triang | L1: Sum Cook (I) | M1: Cook's Length | N1: integ unc | O1: trap uncert | P1: Trap add | Q1: L uncert | R1: Volume | S1: V ncrt | T1: V/v0 | U1: v/v0 ncrt | V1: New density | W1: rho ncrt | X1: Strain | Y1: VP100 ncrt | Z1: VS100 ncrt | AA1: VP111 ncrt | AB1: VS111 ncrt | AC1: Vs 111 | AD1: Vp100 | AE1: Vs100 | AF1: pvs111^^2 | AG1: pvp111^2 | AH1: C11 pVP100^2 | AI1: C44 pVS100^2 | AJ1: C12 vs calc | AL1: L | AM1: V | AN1: V0/V calc | AO1: density | AP1: FS Pressure | AQ1: finite strain f | AR1: C11 fit | AS1: C44 fit | AT1: C12 fit | AV1: C11 diff | AW1: C44 diff | AX1: C12 diff | AY1: FSP diff | BB1: 2TP Au 100 | BC1: 2TS Au 100 high C44 | BD1: L corrected v111 TP | BE1: L correct v111 TS | BF1: L | BG1: V | BH1: V0/V calc | BI1: density | BJ1: FS Pressure | BK1: finite strain f | BL1: delta P | BM1: Vs 111 | BN1: Vp100 | BO1: Vs100 | BP1: rho vs111^2 | BQ1: C11 pVP100^2 | BR1: C44 pVS100^2 | BS1: C12 vs calc | BT1: C11 fit | BU1: C44 fit | BV1: C12 fit | BW1: C11 diff | BX1: C44 diff | BY1: C12 diff | BZ1: K | CA1: Vp100 | CB1: Vs100 | CC1: Vp111 | CD1: Vs111 | CE1: GV | CF1: GR | CG1: GH | CH1: VP100 diff | CI1: VS100 diff | CK1: VS 111 diff | ET1: UNCERTAINTY BLOCK (per-point, 1sigma) --> | EU1: B1 | EV1: B2 | EW1: B3 | EX1: VarC11 | EY1: VarC12 | EZ1: VarC44 | FA1: Cov1112 | FB1: Cov1144 | FC1: Cov1244 | FD1: GRg1 | FE1: GRg3 | FF1: GHg1 | FG1: GHg2 | FH1: GHg3 | FI1: sigC11 | FJ1: sigC12 | FK1: sigC44 | FL1: sigK | FM1: sigGV | FN1: sigGR | FO1: sigGH
A2: 0 | B2: 0 | C2: 0.21010882 | D2: 0.41441731 | E2: 0 | F2: =0.229199934662983 -> 0.22919993 | G2: =0.510926917293233 -> 0.51092692 | H2: =C2*0.712/0.623 -> 0.24012437 | I2: =D2*0.712/0.623 -> 0.47361979 | J2: =1/((-2/(I2^2))+(1/(F2^2))+(0.6666/(G2^2))) -> 0.078905675 | L2: =SUM(K2:$K$2) -> 0 | M2: 0.704 | N2: =(6*F2*G2*SQRT(9*(G2^6)*(0.0002^2)+16*(F2^6)*(0.0002)^2))/((4*F2^2 - 3*G2^2)^2) -> 0.00017248585 | O2: =(((E2-E2)/2)^2)*(N2^2+N3^2) -> 0 | P2: =SUM(O2:$O$2) -> 0 | Q2: 0.001 | R2: =M2^3 -> 0.34891366 | S2: =3*Q2/M2*R2 -> 0.001486848 | T2: =R2/$R$2 -> 1 | U2: =T2*3*SQRT((Q2/M2)^2)+(0.001/$M$2)^2 -> 0.0042633813 | V2: =$B$40/((M2/$M$2)^3) -> 6.09 | W2: 0.01 | X2: =(1-((V2/$B$40)^0.66666667))/2 -> 0 | Y2: =(SQRT((Q2/M2)^2 + (0.0002/F2)^2))*AD2 -> 0.010357367 | Z2: =SQRT((Q2/M2)^2 + (0.0002/G2)^2)*AE2 -> 0.0041065128 | AA2: =SQRT((Q2/M2)^2 + (0.0002/H2)^2)*#REF! -> #REF! | AB2: =SQRT((Q2/M2)^2+(0.0002/I2)^2)*AC2 -> 0.00445551 | AC2: =2*0.712/I2 -> 3.0066311 | AD2: =2*0.712/F2 -> 6.2129163 | AE2: =2*0.712/G2 -> 2.7870914 | AF2: =V2*AC2^2 -> 55.052569 | AG2: =V2*#REF!*#REF! -> #REF! | AH2: =V2*AD2^2 -> 235.076 | AI2: =V2*AE2^2 -> 47.306379 | AJ2: =AH2+AI2-3*AF2 -> 117.22467 | AL2: =M2 -> 0.704 | AM2: =AL2^3 -> 0.34891366 | AN2: =$BG$2/AM2 -> 1 | AO2: 6.09 | AP2: =-3*$AY$33*((1-2*AQ2)^2.5)*(1+3*(4-$AY$34)*AQ2/2)*AQ2 -> 0 | AQ2: =0.5*(1-AN2^0.666666667) -> 0 | AR2: =(1-2*AQ2)^(3.5)*($AY$27-$AY$40*AQ2)+AP2*3 -> 240.99641 | AS2: =(1-2*AQ2)^(3.5)*($AY$29-$AY$42*AQ2)+AP2*1 -> 46.764414 | AT2: =(1-2*AQ2)^(3.5)*($AY$28-$AY$41*AQ2)+AP2*1 -> 125.17213 | AV2: =AR2-AH2 -> 5.9204144 | AW2: =AS2-AI2 -> -0.54196452 | AX2: =AT2-AJ2 -> 7.947464 | AY2: =AP2-A2 -> 0 | BB2: 0.22919993 | BC2: 0.51092692 | BD2: =C2*0.712/0.623 -> 0.24012437 | BE2: =D2*0.712/0.623 -> 0.47361979 | BF2: 0.704 | BG2: =BF2^3 -> 0.34891366 | BH2: =$BG$2/BG2 -> 1 | BI2: 6.09 | BJ2: =-3*$BC$33*((1-2*BK2)^2.5)*(1+3*(4-$BC$34)*BK2/2)*BK2 -> 0 | BK2: =0.5*(1-BH2^0.666666667) -> 0 | BL2: =BJ2-E2 -> 0 | BM2: =2*0.712/BE2 -> 3.0066311 | BN2: =2*0.712/BB2 -> 6.2129163 | BO2: =2*0.712/BC2 -> 2.7870914 | BP2: =BI2*BM2^2 -> 55.052569 | BQ2: =BI2*BN2^2 -> 235.076 | BR2: =BI2*BO2^2 -> 47.306379 | BS2: =BQ2+BR2-3*BP2 -> 117.22467 | BT2: =(1-2*BK2)^(3.5)*($BC$27-$BC$40*BK2)+BJ2*3 -> 240.82149 | BU2: =(1-2*BK2)^(3.5)*($BC$29-$BC$42*BK2)+BJ2*1 -> 46.788062 | BV2: =(1-2*BK2)^(3.5)*($BC$28-$BC$41*BK2)+BJ2*1 -> 125.06155 | BW2: =BT2-BQ2 -> 5.7454934 | BX2: =BU2-BR2 -> -0.5183163 | BY2: =BV2-BS2 -> 7.8368805 | BZ2: =(BT2+2*BV2)/3 -> 163.6482 | CA2: =SQRT(BT2/BI2) -> 6.2883829 | CB2: =SQRT(BU2/BI2) -> 2.7717808 | CC2: =SQRT((0.33333334*(BT2+2*BV2+4*BU2))/BI2) -> 6.0922342 | CD2: =SQRT((0.3333334*(BT2-BV2+BU2))/BI2) -> 2.9827825 | CE2: =(BT2-BV2+3*BU2)/5 -> 51.224826 | CF2: =((5*(BT2-BV2)*BU2)/(3*(BT2-BV2)+4*BU2)) -> 50.672327 | CG2: =(CE2+CF2)/2 -> 50.948577 | CH2: =CA2-AD2 -> 0.075466619 | CI2: =CB2-AE2 -> -0.015310553 | CK2: =CD2-AC2 -> -0.0238486 | DQ2: o | EJ2: 0 | ET2: =(0.02/$B$40)^2+9*(0.001/$B$38)^2+(Q2/M2)^2 -> 3.0962042e-05 | EU2: =4*(AH2)^2*(0.0002/F2)^2 -> 0.1683091 | EV2: =4*(AI2)^2*(0.0002/G2)^2 -> 0.0013716453 | EW2: =4*(AF2)^2*(0.0002/I2)^2 -> 0.0021617999 | EX2: =(AH2)^2*ET2+1*EU2 -> 1.879294 | EY2: =(AJ2)^2*ET2+1*EU2+1*EV2+9*EW2 -> 0.61460566 | EZ2: =(AI2)^2*ET2+1*EV2 -> 0.070661396 | FA2: =(AH2)*(AJ2)*ET2+1*EU2 -> 1.021521 | FB2: =(AH2)*(AI2)*ET2 -> 0.3443163 | FC2: =(AJ2)*(AI2)*ET2+1*EV2 -> 0.17307086 | FD2: =20*(AI2)^2/(3*((AH2)-(AJ2))+4*(AI2))^2 -> 0.15192265 | FE2: =15*((AH2)-(AJ2))^2/(3*((AH2)-(AJ2))+4*(AI2))^2 -> 0.70715294 | FF2: =(0.2+FD2)/2 -> 0.17596133 | FG2: =(-0.2-FD2)/2 -> -0.17596133 | FH2: =(0.6+FE2)/2 -> 0.65357647 | FI2: =SQRT(EX2) -> 1.3708734 | FJ2: =SQRT(EY2) -> 0.78396789 | FK2: =SQRT(EZ2) -> 0.26582211 | FL2: =SQRT(EX2/9+4*EY2/9+(4/9)*FA2) -> 0.96745948 | FM2: =SQRT((EX2+EY2+9*EZ2)/25+(-2*FA2+6*FB2-6*FC2)/25) -> 0.29081148 | FN2: =SQRT(FD2^2*(EX2+EY2)-2*FD2^2*FA2+FE2^2*EZ2+2*FD2*FE2*(FB2-FC2)) -> 0.28729079 | FO2: =SQRT(FF2^2*EX2+FG2^2*EY2+FH2^2*EZ2+2*FF2*FG2*FA2+2*FF2*FH2*FB2+2*FG2*FH2*FC2) -> 0.28901798
A3: 0.12913291 | B3: 30 | C3: 0.2017768 | D3: 0.41395642 | E3: 0.12913291 | F3: 0.22474572 | G3: 0.50723365 | H3: =C3*0.704/0.607 -> 0.2340212 | I3: =D3*0.704/0.607 -> 0.48010762 | J3: =1/((-2/(I3^2))+(1/(F3^2))+(0.6666/(G3^2))) -> 0.072928628 | K3: =(J3*(E3-E2)+0.5*(E3-E2)*(J2-J3)) -> 0.0098034026 | L3: =SUM(K$3:$K3) -> 0.0098034026 | M3: =$B$38/((L3*$B$43+1)) -> 0.70380627 | N3: =(6*F3*G3*SQRT(9*(G3^6)*(0.0002^2)+16*(F3^6)*(0.0002)^2))/((4*F3^2 - 3*G3^2)^2) -> 0.00016605784 | O3: =(((E3-E2)/2)^2)*(N3^2+N4^2) -> 2.216109e-10 | P3: =SUM(O$2:$O3) -> 2.216109e-10 | Q3: =SQRT(((M30*0.001)^2)+((N30*0.02)^2)+((O30*P3)^2)) -> 0.0010002752 | R3: =M3^3 -> 0.3486257 | S3: =3*Q3/M3*R3 -> 0.0014864388 | T3: =R3/$R$2 -> 0.99917467 | U3: =T3*3*SQRT((Q3/M3)^2)+(0.001/$M$2)^2 -> 0.0042622086 | V3: =$B$40/((M3/$M$2)^3) -> 6.0950304 | W3: =(SQRT((0.02/$V$2)^2+(9*(0.001/$M$2)^2)+(9*(Q3/M3)^2))*V3) -> 0.041840318 | X3: =(1-((V3/$B$40)^0.66666667))/2 -> -0.00027529771 | Y3: =(SQRT((Q3/M3)^2 + (0.0002/F3)^2))*AD3 -> 0.010502336 | Z3: =SQRT((Q3/M3)^2 + (0.0002/G3)^2)*AE3 -> 0.0040930108 | AA3: =SQRT((Q3/M3)^2 + (0.0002/H3)^2)*#REF! -> #REF! | AB3: =SQRT((Q3/M3)^2+(0.0002/I3)^2)*AC3 -> 0.0043421826 | AC3: =2*M3/I3 -> 2.9318688 | AD3: =2*M3/F3 -> 6.2631339 | AE3: =2*M3/G3 -> 2.7750772 | AF3: =V3*AC3^2 -> 52.391995 | AG3: =V3*#REF!*#REF! -> #REF! | AH3: =V3*AD3^2 -> 239.08882 | AI3: =V3*AE3^2 -> 46.938156 | AJ3: =AH3+AI3-3*AF3 -> 128.85099 | AL3: =M3 -> 0.70380627 | AM3: =AL3^3 -> 0.3486257 | AN3: =$BG$2/AM3 -> 1.000826 | AO3: =$AO$2/((AL3/$AL$2)^3) -> 6.0950304 | AP3: =-3*$AY$33*((1-2*AQ3)^2.5)*(1+3*(4-$AY$34)*AQ3/2)*AQ3 -> 0.13543235 | AQ3: =0.5*(1-AN3^0.666666667) -> -0.00027529771 | AR3: =(1-2*AQ3)^(3.5)*($AY$27-$AY$40*AQ3)+AP3*3 -> 241.71494 | AS3: =(1-2*AQ3)^(3.5)*($AY$29-$AY$42*AQ3)+AP3*1 -> 46.799165 | AT3: =(1-2*AQ3)^(3.5)*($AY$28-$AY$41*AQ3)+AP3*1 -> 125.55659 | AV3: =AR3-AH3 -> 2.6261202 | AW3: =AS3-AI3 -> -0.13899047 | AX3: =AT3-AJ3 -> -3.294403 | AY3: =AP3-A3 -> 0.0062994443 | BB3: 0.22474572 | BC3: 0.50723365 | BD3: =C3*$BF$2/0.607 -> 0.2340212 | BE3: =D3*$BF$2/0.607 -> 0.48010762 | BF3: 0.70380627 | BG3: =BF3^3 -> 0.3486257 | BH3: =$BG$2/BG3 -> 1.000826 | BI3: =$BI$2/((BF3/$BF$2)^3) -> 6.0950304 | BJ3: =-3*$BC$33*((1-2*BK3)^2.5)*(1+3*(4-$BC$34)*BK3/2)*BK3 -> 0.13532693 | BK3: =0.5*(1-BH3^0.666666667) -> -0.00027529771 | BL3: =BJ3-E3 -> 0.0061940178 | BM3: =2*BF3/BE3 -> 2.9318688 | BN3: =2*BF3/BB3 -> 6.2631339 | BO3: =2*BF3/BC3 -> 2.7750772 | BP3: =BI3*BM3^2 -> 52.391995 | BQ3: =BI3*BN3^2 -> 239.08882 | BR3: =BI3*BO3^2 -> 46.938156 | BS3: =BQ3+BR3-3*BP3 -> 128.85099 | BT3: =(1-2*BK3)^(3.5)*($BC$27-$BC$40*BK3)+BJ3*3 -> 241.55158 | BU3: =(1-2*BK3)^(3.5)*($BC$29-$BC$42*BK3)+BJ3*1 -> 46.822424 | BV3: =(1-2*BK3)^(3.5)*($BC$28-$BC$41*BK3)+BJ3*1 -> 125.45327 | BW3: =BT3-BQ3 -> 2.4627556 | BX3: =BV3-AJ3 -> -3.3977237 | BY3: =BU3-AI3 -> -0.11573203 | BZ3: =(BT3+2*BV3)/3 -> 164.1527 | CA3: =SQRT(BT3/BI3) -> 6.2953083 | CB3: =SQRT(BU3/BI3) -> 2.771654 | CC3: =SQRT((0.33333334*(BT3+2*BV3+4*BU3))/BI3) -> 6.0971285 | CD3: =SQRT((0.3333334*(BT3-BV3+BU3))/BI3) -> 2.9849678 | CE3: =(BT3-BV3+3*BU3)/5 -> 51.313116 | CF3: =((5*(BT3-BV3)*BU3)/(3*(BT3-BV3)+4*BU3)) -> 50.748322 | CG3: =(CE3+CF3)/2 -> 51.030719 | CH3: =CA3-AD3 -> 0.032174341 | CI3: =CB3-AE3 -> -0.0034232653 | CK3: =CD3-AC3 -> 0.053099041 | ET3: =(0.02/$B$40)^2+9*(0.001/$B$38)^2+(Q3/M3)^2 -> 3.0964264e-05 | EU3: =4*(AH3)^2*(0.0002/F3)^2 -> 0.18107382 | EV3: =4*(AI3)^2*(0.0002/G3)^2 -> 0.0013701115 | EW3: =4*(AF3)^2*(0.0002/I3)^2 -> 0.0019053408 | EX3: =(AH3)^2*ET3+1*EU3 -> 1.9510984 | EY3: =(AJ3)^2*ET3+1*EU3+1*EV3+9*EW3 -> 0.7136786 | EZ3: =(AI3)^2*ET3+1*EV3 -> 0.069590283 | FA3: =(AH3)*(AJ3)*ET3+1*EU3 -> 1.1349847 | FB3: =(AH3)*(AI3)*ET3 -> 0.34749299 | FC3: =(AJ3)*(AI3)*ET3+1*EV3 -> 0.18864284 | FD3: =20*(AI3)^2/(3*((AH3)-(AJ3))+4*(AI3))^2 -> 0.16392353 | FE3: =15*((AH3)-(AJ3))^2/(3*((AH3)-(AJ3))+4*(AI3))^2 -> 0.67812822 | FF3: =(0.2+FD3)/2 -> 0.18196176 | FG3: =(-0.2-FD3)/2 -> -0.18196176 | FH3: =(0.6+FE3)/2 -> 0.63906411 | FI3: =SQRT(EX3) -> 1.3968172 | FJ3: =SQRT(EY3) -> 0.844795 | FK3: =SQRT(EZ3) -> 0.2637997 | FL3: =SQRT(EX3/9+4*EY3/9+(4/9)*FA3) -> 1.0190274 | FM3: =SQRT((EX3+EY3+9*EZ3)/25+(-2*FA3+6*FB3-6*FC3)/25) -> 0.28101396 | FN3: =SQRT(FD3^2*(EX3+EY3)-2*FD3^2*FA3+FE3^2*EZ3+2*FD3*FE3*(FB3-FC3)) -> 0.27915305 | FO3: =SQRT(FF3^2*EX3+FG3^2*EY3+FH3^2*EZ3+2*FF3*FG3*FA3+2*FF3*FH3*FB3+2*FG3*FH3*FC3) -> 0.28006578
A4: 1.6356835 | B4: 60 | C4: 0.19870445 | D4: 0.40424966 | E4: 1.6356835 | F4: 0.22094572 | G4: 0.50583365 | H4: =C4*0.704/0.607 -> 0.23045788 | I4: =D4*0.704/0.607 -> 0.46884969 | J4: =1/((-2/(I4^2))+(1/(F4^2))+(0.6666/(G4^2))) -> 0.07147164 | K4: =(J4*(E4-E3)+0.5*(E4-E3)*(J3-J4)) -> 0.10877316 | L4: =SUM(K$3:$K4) -> 0.11857656 | M4: =$B$38/((L4*$B$43+1)) -> 0.70166389 | N4: =(6*F4*G4*SQRT(9*(G4^6)*(0.0002^2)+16*(F4^6)*(0.0002)^2))/((4*F4^2 - 3*G4^2)^2) -> 0.00015994952 | O4: =(((E4-E3)/2)^2)*(N4^2+N5^2) -> 2.8357893e-08 | P4: =SUM(O$2:$O4) -> 2.8579504e-08 | Q4: =SQRT(((M31*0.001)^2)+((N31*0.02)^2)+((O31*P4)^2)) -> 0.0010033255 | R4: =M4^3 -> 0.34545173 | S4: =3*Q4/M4*R4 -> 0.0014819083 | T4: =R4/$R$2 -> 0.99007797 | U4: =T4*3*SQRT((Q4/M4)^2)+(0.001/$M$2)^2 -> 0.004249224 | V4: =$B$40/((M4/$M$2)^3) -> 6.1510307 | W4: =(SQRT((0.02/$V$2)^2+(9*(0.001/$M$2)^2)+(9*(Q4/M4)^2))*V4) -> 0.042324488 | X4: =(1-((V4/$B$40)^0.66666667))/2 -> -0.0033349337 | Y4: =(SQRT((Q4/M4)^2 + (0.0002/F4)^2))*AD4 -> 0.010748927 | Z4: =SQRT((Q4/M4)^2 + (0.0002/G4)^2)*AE4 -> 0.0041158783 | AA4: =SQRT((Q4/M4)^2 + (0.0002/H4)^2)*#REF! -> #REF! | AB4: =SQRT((Q4/M4)^2+(0.0002/I4)^2)*AC4 -> 0.0044663341 | AC4: =2*M4/I4 -> 2.9931293 | AD4: =2*M4/F4 -> 6.3514594 | AE4: =2*M4/G4 -> 2.7742871 | AF4: =V4*AC4^2 -> 55.105997 | AG4: =V4*#REF!*#REF! -> #REF! | AH4: =V4*AD4^2 -> 248.13896 | AI4: =V4*AE4^2 -> 47.342448 | AJ4: =AH4+AI4-3*AF4 -> 130.16341 | AL4: =M4 -> 0.70166389 | AM4: =AL4^3 -> 0.34545173 | AN4: =$BG$2/AM4 -> 1.0100215 | AO4: =$AO$2/((AL4/$AL$2)^3) -> 6.1510307 | AP4: =-3*$AY$33*((1-2*AQ4)^2.5)*(1+3*(4-$AY$34)*AQ4/2)*AQ4 -> 1.6632352 | AQ4: =0.5*(1-AN4^0.666666667) -> -0.0033349337 | AR4: =(1-2*AQ4)^(3.5)*($AY$27-$AY$40*AQ4)+AP4*3 -> 249.77178 | AS4: =(1-2*AQ4)^(3.5)*($AY$29-$AY$42*AQ4)+AP4*1 -> 47.166513 | AT4: =(1-2*AQ4)^(3.5)*($AY$28-$AY$41*AQ4)+AP4*1 -> 129.87641 | AV4: =AR4-AH4 -> 1.632822 | AW4: =AS4-AI4 -> -0.17593441 | AX4: =AT4-AJ4 -> -0.28700383 | AY4: =AP4-A4 -> 0.027551682 | BB4: 0.22094572 | BC4: 0.50583365 | BD4: =C4*$BF$2/0.607 -> 0.23045788 | BE4: =D4*$BF$2/0.607 -> 0.46884969 | BF4: 0.70166389 | BG4: =BF4^3 -> 0.34545173 | BH4: =$BG$2/BG4 -> 1.0100215 | BI4: =$BI$2/((BF4/$BF$2)^3) -> 6.1510307 | BJ4: =-3*$BC$33*((1-2*BK4)^2.5)*(1+3*(4-$BC$34)*BK4/2)*BK4 -> 1.6624532 | BK4: =0.5*(1-BH4^0.666666667) -> -0.0033349337 | BL4: =BJ4-E4 -> 0.026769723 | BM4: =2*BF4/BE4 -> 2.9931293 | BN4: =2*BF4/BB4 -> 6.3514594 | BO4: =2*BF4/BC4 -> 2.7742871 | BP4: =BI4*BM4^2 -> 55.105997 | BQ4: =BI4*BN4^2 -> 248.13896 | BR4: =BI4*BO4^2 -> 47.342448 | BS4: =BQ4+BR4-3*BP4 -> 130.16341 | BT4: =(1-2*BK4)^(3.5)*($BC$27-$BC$40*BK4)+BJ4*3 -> 249.74149 | BU4: =(1-2*BK4)^(3.5)*($BC$29-$BC$42*BK4)+BJ4*1 -> 47.185853 | BV4: =(1-2*BK4)^(3.5)*($BC$28-$BC$41*BK4)+BJ4*1 -> 129.85626 | BW4: =BT4-BQ4 -> 1.6025391 | BX4: =BV4-AJ4 -> -0.30715036 | BY4: =BU4-AI4 -> -0.15659483 | BZ4: =(BT4+2*BV4)/3 -> 169.81801 | CA4: =SQRT(BT4/BI4) -> 6.371936 | CB4: =SQRT(BU4/BI4) -> 2.7696951 | CC4: =SQRT((0.33333334*(BT4+2*BV4+4*BU4))/BI4) -> 6.151125 | CD4: =SQRT((0.3333334*(BT4-BV4+BU4))/BI4) -> 3.0089579 | CE4: =(BT4-BV4+3*BU4)/5 -> 52.288558 | CF4: =((5*(BT4-BV4)*BU4)/(3*(BT4-BV4)+4*BU4)) -> 51.576369 | CG4: =(CE4+CF4)/2 -> 51.932464 | CH4: =CA4-AD4 -> 0.020476594 | CI4: =CB4-AE4 -> -0.0045920615 | CK4: =CD4-AC4 -> 0.015828588 | ET4: =(0.02/$B$40)^2+9*(0.001/$B$38)^2+(Q4/M4)^2 -> 3.0989031e-05 | EU4: =4*(AH4)^2*(0.0002/F4)^2 -> 0.20180815 | EV4: =4*(AI4)^2*(0.0002/G4)^2 -> 0.0014015415 | EW4: =4*(AF4)^2*(0.0002/I4)^2 -> 0.002210296 | EX4: =(AH4)^2*ET4+1*EU4 -> 2.1098939 | EY4: =(AJ4)^2*ET4+1*EU4+1*EV4+9*EW4 -> 0.74813444 | EZ4: =(AI4)^2*ET4+1*EV4 -> 0.070857485 | FA4: =(AH4)*(AJ4)*ET4+1*EU4 -> 1.2027109 | FB4: =(AH4)*(AI4)*ET4 -> 0.36404381 | FC4: =(AJ4)*(AI4)*ET4+1*EV4 -> 0.19236384 | FD4: =20*(AI4)^2/(3*((AH4)-(AJ4))+4*(AI4))^2 -> 0.15186501 | FE4: =15*((AH4)-(AJ4))^2/(3*((AH4)-(AJ4))+4*(AI4))^2 -> 0.70729655 | FF4: =(0.2+FD4)/2 -> 0.17593251 | FG4: =(-0.2-FD4)/2 -> -0.17593251 | FH4: =(0.6+FE4)/2 -> 0.65364828 | FI4: =SQRT(EX4) -> 1.4525474 | FJ4: =SQRT(EY4) -> 0.86494765 | FK4: =SQRT(EZ4) -> 0.26619069 | FL4: =SQRT(EX4/9+4*EY4/9+(4/9)*FA4) -> 1.0495118 | FM4: =SQRT((EX4+EY4+9*EZ4)/25+(-2*FA4+6*FB4-6*FC4)/25) -> 0.29123213 | FN4: =SQRT(FD4^2*(EX4+EY4)-2*FD4^2*FA4+FE4^2*EZ4+2*FD4*FE4*(FB4-FC4)) -> 0.28769384 | FO4: =SQRT(FF4^2*EX4+FG4^2*EY4+FH4^2*EZ4+2*FF4*FG4*FA4+2*FF4*FH4*FB4+2*FG4*FH4*FC4) -> 0.28942906
A5: 2.4965696 | B5: 90 | C5: 0.19712307 | D5: 0.40093724 | E5: 2.4965696 | F5: 0.21874572 | G5: 0.50583365 | H5: =C5*0.704/0.607 -> 0.22862379 | I5: =D5*0.704/0.607 -> 0.46500794 | J5: =1/((-2/(I5^2))+(1/(F5^2))+(0.6666/(G5^2))) -> 0.070152195 | K5: =(J5*(E5-E4)+0.5*(E5-E4)*(J4-J5)) -> 0.060960992 | L5: =SUM(K$3:$K5) -> 0.17953755 | M5: =$B$38/((L5*$B$43+1)) -> 0.7004689 | N5: =(6*F5*G5*SQRT(9*(G5^6)*(0.0002^2)+16*(F5^6)*(0.0002)^2))/((4*F5^2 - 3*G5^2)^2) -> 0.00015618171 | O5: =(((E5-E4)/2)^2)*(N5^2+N6^2) -> 8.8434243e-09 | P5: =SUM(O$2:$O5) -> 3.7422929e-08 | Q5: =SQRT(((M32*0.001)^2)+((N32*0.02)^2)+((O32*P5)^2)) -> 0.0010050317 | R5: =M5^3 -> 0.34368974 | S5: =3*Q5/M5*R5 -> 0.0014793765 | T5: =R5/$R$2 -> 0.98502804 | U5: =T5*3*SQRT((Q5/M5)^2)+(0.001/$M$2)^2 -> 0.0042419678 | V5: =$B$40/((M5/$M$2)^3) -> 6.1825651 | W5: =(SQRT((0.02/$V$2)^2+(9*(0.001/$M$2)^2)+(9*(Q5/M5)^2))*V5) -> 0.042597905 | X5: =(1-((V5/$B$40)^0.66666667))/2 -> -0.0050537594 | Y5: =(SQRT((Q5/M5)^2 + (0.0002/F5)^2))*AD5 -> 0.010896158 | Z5: =SQRT((Q5/M5)^2 + (0.0002/G5)^2)*AE5 -> 0.0041218842 | AA5: =SQRT((Q5/M5)^2 + (0.0002/H5)^2)*#REF! -> #REF! | AB5: =SQRT((Q5/M5)^2+(0.0002/I5)^2)*AC5 -> 0.0045126783 | AC5: =2*M5/I5 -> 3.012718 | AD5: =2*M5/F5 -> 6.4044124 | AE5: =2*M5/G5 -> 2.7695623 | AF5: =V5*AC5^2 -> 56.115866 | AG5: =V5*#REF!*#REF! -> #REF! | AH5: =V5*AD5^2 -> 253.58717 | AI5: =V5*AE5^2 -> 47.423213 | AJ5: =AH5+AI5-3*AF5 -> 132.66278 | AL5: =M5 -> 0.7004689 | AM5: =AL5^3 -> 0.34368974 | AN5: =$BG$2/AM5 -> 1.0151995 | AO5: =$AO$2/((AL5/$AL$2)^3) -> 6.1825651 | AP5: =-3*$AY$33*((1-2*AQ5)^2.5)*(1+3*(4-$AY$34)*AQ5/2)*AQ5 -> 2.5398239 | AQ5: =0.5*(1-AN5^0.666666667) -> -0.0050537594 | AR5: =(1-2*AQ5)^(3.5)*($AY$27-$AY$40*AQ5)+AP5*3 -> 254.35529 | AS5: =(1-2*AQ5)^(3.5)*($AY$29-$AY$42*AQ5)+AP5*1 -> 47.357318 | AT5: =(1-2*AQ5)^(3.5)*($AY$28-$AY$41*AQ5)+AP5*1 -> 132.34126 | AV5: =AR5-AH5 -> 0.76811654 | AW5: =AS5-AI5 -> -0.06589547 | AX5: =AT5-AJ5 -> -0.3215273 | AY5: =AP5-A5 -> 0.04325436 | BB5: 0.21874572 | BC5: 0.50583365 | BD5: =C5*$BF$2/0.607 -> 0.22862379 | BE5: =D5*$BF$2/0.607 -> 0.46500794 | BF5: 0.7004689 | BG5: =BF5^3 -> 0.34368974 | BH5: =$BG$2/BG5 -> 1.0151995 | BI5: =$BI$2/((BF5/$BF$2)^3) -> 6.1825651 | BJ5: =-3*$BC$33*((1-2*BK5)^2.5)*(1+3*(4-$BC$34)*BK5/2)*BK5 -> 2.5390708 | BK5: =0.5*(1-BH5^0.666666667) -> -0.0050537594 | BL5: =BJ5-E5 -> 0.042501232 | BM5: =2*BF5/BE5 -> 3.012718 | BN5: =2*BF5/BB5 -> 6.4044124 | BO5: =2*BF5/BC5 -> 2.7695623 | BP5: =BI5*BM5^2 -> 56.115866 | BQ5: =BI5*BN5^2 -> 253.58717 | BR5: =BI5*BO5^2 -> 47.423213 | BS5: =BQ5+BR5-3*BP5 -> 132.66278 | BT5: =(1-2*BK5)^(3.5)*($BC$27-$BC$40*BK5)+BJ5*3 -> 254.40357 | BU5: =(1-2*BK5)^(3.5)*($BC$29-$BC$42*BK5)+BJ5*1 -> 47.374798 | BV5: =(1-2*BK5)^(3.5)*($BC$28-$BC$41*BK5)+BJ5*1 -> 132.36984 | BW5: =BT5-BQ5 -> 0.81639741 | BX5: =BV5-AJ5 -> -0.2929411 | BY5: =BU5-AI5 -> -0.048415368 | BZ5: =(BT5+2*BV5)/3 -> 173.04775 | CA5: =SQRT(BT5/BI5) -> 6.4147133 | CB5: =SQRT(BU5/BI5) -> 2.7681482 | CC5: =SQRT((0.33333334*(BT5+2*BV5+4*BU5))/BI5) -> 6.1811404 | CD5: =SQRT((0.3333334*(BT5-BV5+BU5))/BI5) -> 3.0221965 | CE5: =(BT5-BV5+3*BU5)/5 -> 52.831623 | CF5: =((5*(BT5-BV5)*BU5)/(3*(BT5-BV5)+4*BU5)) -> 52.027711 | CG5: =(CE5+CF5)/2 -> 52.429667 | CH5: =CA5-AD5 -> 0.010300884 | CI5: =CB5-AE5 -> -0.0014141136 | CK5: =CD5-AC5 -> 0.0094784368 | ET5: =(0.02/$B$40)^2+9*(0.001/$B$38)^2+(Q5/M5)^2 -> 3.1002997e-05 | EU5: =4*(AH5)^2*(0.0002/F5)^2 -> 0.21502819 | EV5: =4*(AI5)^2*(0.0002/G5)^2 -> 0.0014063276 | EW5: =4*(AF5)^2*(0.0002/I5)^2 -> 0.0023300787 | EX5: =(AH5)^2*ET5+1*EU5 -> 2.2087209 | EY5: =(AJ5)^2*ET5+1*EU5+1*EV5+9*EW5 -> 0.78303982 | EZ5: =(AI5)^2*ET5+1*EV5 -> 0.071130864 | FA5: =(AH5)*(AJ5)*ET5+1*EU5 -> 1.258018 | FB5: =(AH5)*(AI5)*ET5 -> 0.37283951 | FC5: =(AJ5)*(AI5)*ET5+1*EV5 -> 0.19645534 | FD5: =20*(AI5)^2/(3*((AH5)-(AJ5))+4*(AI5))^2 -> 0.1473672 | FE5: =15*((AH5)-(AJ5))^2/(3*((AH5)-(AJ5))+4*(AI5))^2 -> 0.71863425 | FF5: =(0.2+FD5)/2 -> 0.1736836 | FG5: =(-0.2-FD5)/2 -> -0.1736836 | FH5: =(0.6+FE5)/2 -> 0.65931712 | FI5: =SQRT(EX5) -> 1.4861766 | FJ5: =SQRT(EY5) -> 0.88489537 | FK5: =SQRT(EZ5) -> 0.2667037 | FL5: =SQRT(EX5/9+4*EY5/9+(4/9)*FA5) -> 1.0735689 | FM5: =SQRT((EX5+EY5+9*EZ5)/25+(-2*FA5+6*FB5-6*FC5)/25) -> 0.29490389 | FN5: =SQRT(FD5^2*(EX5+EY5)-2*FD5^2*FA5+FE5^2*EZ5+2*FD5*FE5*(FB5-FC5)) -> 0.29055998 | FO5: =SQRT(FF5^2*EX5+FG5^2*EY5+FH5^2*EZ5+2*FF5*FG5*FA5+2*FF5*FH5*FB5+2*FG5*FH5*FC5) -> 0.29269035
A6: 3.4435442 | B6: 120 | C6: 0.19552144 | D6: 0.39786989 | E6: 3.4435442 | F6: 0.21654572 | G6: 0.50523365 | H6: =C6*0.704/0.607 -> 0.22676622 | I6: =D6*0.704/0.607 -> 0.46145042 | J6: =1/((-2/(I6^2))+(1/(F6^2))+(0.6666/(G6^2))) -> 0.068754278 | K6: =(J6*(E6-E5)+0.5*(E6-E5)*(J5-J6)) -> 0.065770455 | L6: =SUM(K$3:$K6) -> 0.24530801 | M6: =$B$38/((L6*$B$43+1)) -> 0.69918419 | N6: =(6*F6*G6*SQRT(9*(G6^6)*(0.0002^2)+16*(F6^6)*(0.0002)^2))/((4*F6^2 - 3*G6^2)^2) -> 0.00015276458 | O6: =(((E6-E5)/2)^2)*(N6^2+N7^2) -> 1.0265501e-08 | P6: =SUM(O$2:$O6) -> 4.768843e-08 | Q6: =SQRT(((M33*0.001)^2)+((N33*0.02)^2)+((O33*P6)^2)) -> 0.0010068696 | R6: =M6^3 -> 0.34180216 | S6: =3*Q6/M6*R6 -> 0.0014766503 | T6: =R6/$R$2 -> 0.97961815 | U6: =T6*3*SQRT((Q6/M6)^2)+(0.001/$M$2)^2 -> 0.0042341545 | V6: =$B$40/((M6/$M$2)^3) -> 6.216708 | W6: =(SQRT((0.02/$V$2)^2+(9*(0.001/$M$2)^2)+(9*(Q6/M6)^2))*V6) -> 0.042894562 | X6: =(1-((V6/$B$40)^0.66666667))/2 -> -0.006911476 | Y6: =(SQRT((Q6/M6)^2 + (0.0002/F6)^2))*AD6 -> 0.011047625 | Z6: =SQRT((Q6/M6)^2 + (0.0002/G6)^2)*AE6 -> 0.0041336051 | AA6: =SQRT((Q6/M6)^2 + (0.0002/H6)^2)*#REF! -> #REF! | AB6: =SQRT((Q6/M6)^2+(0.0002/I6)^2)*AC6 -> 0.0045572991 | AC6: =2*M6/I6 -> 3.0303762 | AD6: =2*M6/F6 -> 6.4576126 | AE6: =2*M6/G6 -> 2.7677657 | AF6: =V6*AC6^2 -> 57.08915 | AG6: =V6*#REF!*#REF! -> #REF! | AH6: =V6*AD6^2 -> 259.24146 | AI6: =V6*AE6^2 -> 47.623261 | AJ6: =AH6+AI6-3*AF6 -> 135.59727 | AL6: =M6 -> 0.69918419 | AM6: =AL6^3 -> 0.34180216 | AN6: =$BG$2/AM6 -> 1.0208059 | AO6: =$AO$2/((AL6/$AL$2)^3) -> 6.216708 | AP6: =-3*$AY$33*((1-2*AQ6)^2.5)*(1+3*(4-$AY$34)*AQ6/2)*AQ6 -> 3.5021634 | AQ6: =0.5*(1-AN6^0.666666667) -> -0.006911476 | AR6: =(1-2*AQ6)^(3.5)*($AY$27-$AY$40*AQ6)+AP6*3 -> 259.35566 | AS6: =(1-2*AQ6)^(3.5)*($AY$29-$AY$42*AQ6)+AP6*1 -> 47.550552 | AT6: =(1-2*AQ6)^(3.5)*($AY$28-$AY$41*AQ6)+AP6*1 -> 135.03631 | AV6: =AR6-AH6 -> 0.11420391 | AW6: =AS6-AI6 -> -0.072709246 | AX6: =AT6-AJ6 -> -0.56095809 | AY6: =AP6-A6 -> 0.058619185 | BB6: 0.21654572 | BC6: 0.50523365 | BD6: =C6*$BF$2/0.607 -> 0.22676622 | BE6: =D6*$BF$2/0.607 -> 0.46145042 | BF6: 0.69917884 | BG6: =BF6^3 -> 0.34179431 | BH6: =$BG$2/BG6 -> 1.0208293 | BI6: =$BI$2/((BF6/$BF$2)^3) -> 6.2168507 | BJ6: =-3*$BC$33*((1-2*BK6)^2.5)*(1+3*(4-$BC$34)*BK6/2)*BK6 -> 3.5058369 | BK6: =0.5*(1-BH6^0.666666667) -> -0.0069192336 | BL6: =BJ6-E6 -> 0.062292635 | BM6: =2*BF6/BE6 -> 3.030353 | BN6: =2*BF6/BB6 -> 6.4575632 | BO6: =2*BF6/BC6 -> 2.7677446 | BP6: =BI6*BM6^2 -> 57.089586 | BQ6: =BI6*BN6^2 -> 259.24344 | BR6: =BI6*BO6^2 -> 47.623626 | BS6: =BQ6+BR6-3*BP6 -> 135.59831 | BT6: =(1-2*BK6)^(3.5)*($BC$27-$BC$40*BK6)+BJ6*3 -> 259.51335 | BU6: =(1-2*BK6)^(3.5)*($BC$29-$BC$42*BK6)+BJ6*1 -> 47.567081 | BV6: =(1-2*BK6)^(3.5)*($BC$28-$BC$41*BK6)+BJ6*1 -> 135.13078 | BW6: =BT6-BQ6 -> 0.26991364 | BX6: =BV6-AJ6 -> -0.46649205 | BY6: =BU6-AI6 -> -0.056180428 | BZ6: =(BT6+2*BV6)/3 -> 176.59164 | CA6: =SQRT(BT6/BI6) -> 6.460924 | CB6: =SQRT(BU6/BI6) -> 2.766101 | CC6: =SQRT((0.33333334*(BT6+2*BV6+4*BU6))/BI6) -> 6.2134591 | CD6: =SQRT((0.3333334*(BT6-BV6+BU6))/BI6) -> 3.0363711 | CE6: =(BT6-BV6+3*BU6)/5 -> 53.416764 | CF6: =((5*(BT6-BV6)*BU6)/(3*(BT6-BV6)+4*BU6)) -> 52.505746 | CG6: =(CE6+CF6)/2 -> 52.961255 | CH6: =CA6-AD6 -> 0.003311388 | CI6: =CB6-AE6 -> -0.0016647759 | CK6: =CD6-AC6 -> 0.0059948972 | ET6: =(0.02/$B$40)^2+9*(0.001/$B$38)^2+(Q6/M6)^2 -> 3.1018133e-05 | EU6: =4*(AH6)^2*(0.0002/F6)^2 -> 0.22931353 | EV6: =4*(AI6)^2*(0.0002/G6)^2 -> 0.0014215879 | EW6: =4*(AF6)^2*(0.0002/I6)^2 -> 0.0024489338 | EX6: =(AH6)^2*ET6+1*EU6 -> 2.3139223 | EY6: =(AJ6)^2*ET6+1*EU6+1*EV6+9*EW6 -> 0.82309413 | EZ6: =(AI6)^2*ET6+1*EV6 -> 0.071769939 | FA6: =(AH6)*(AJ6)*ET6+1*EU6 -> 1.3196764 | FB6: =(AH6)*(AI6)*ET6 -> 0.3829475 | FC6: =(AJ6)*(AI6)*ET6+1*EV6 -> 0.20172379 | FD6: =20*(AI6)^2/(3*((AH6)-(AJ6))+4*(AI6))^2 -> 0.14390763 | FE6: =15*((AH6)-(AJ6))^2/(3*((AH6)-(AJ6))+4*(AI6))^2 -> 0.72753558 | FF6: =(0.2+FD6)/2 -> 0.17195382 | FG6: =(-0.2-FD6)/2 -> -0.17195382 | FH6: =(0.6+FE6)/2 -> 0.66376779 | FI6: =SQRT(EX6) -> 1.5211582 | FJ6: =SQRT(EY6) -> 0.90724535 | FK6: =SQRT(EZ6) -> 0.26789912 | FL6: =SQRT(EX6/9+4*EY6/9+(4/9)*FA6) -> 1.0997477 | FM6: =SQRT((EX6+EY6+9*EZ6)/25+(-2*FA6+6*FB6-6*FC6)/25) -> 0.29872632 | FN6: =SQRT(FD6^2*(EX6+EY6)-2*FD6^2*FA6+FE6^2*EZ6+2*FD6*FE6*(FB6-FC6)) -> 0.29367025 | FO6: =SQRT(FF6^2*EX6+FG6^2*EY6+FH6^2*EZ6+2*FF6*FG6*FA6+2*FF6*FH6*FB6+2*FG6*FH6*FC6) -> 0.29614985
A7: 4.4335632 | B7: 150 | C7: 0.19396667 | D7: 0.39485534 | E7: 4.4335632 | F7: 0.21474572 | G7: 0.50523365 | H7: =C7*0.704/0.607 -> 0.224963 | I7: =D7*0.704/0.607 -> 0.45795413 | J7: =1/((-2/(I7^2))+(1/(F7^2))+(0.6666/(G7^2))) -> 0.067752571 | K7: =(J7*(E7-E6)+0.5*(E7-E6)*(J6-J7)) -> 0.067572185 | L7: =SUM(K$3:$K7) -> 0.31288019 | M7: =$B$38/((L7*$B$43+1)) -> 0.69786919 | N7: =(6*F7*G7*SQRT(9*(G7^6)*(0.0002^2)+16*(F7^6)*(0.0002)^2))/((4*F7^2 - 3*G7^2)^2) -> 0.00014984065 | O7: =(((E7-E6)/2)^2)*(N7^2+N8^2) -> 1.0840844e-08 | P7: =SUM(O$2:$O7) -> 5.8529274e-08 | Q7: =SQRT(((M34*0.001)^2)+((N34*0.02)^2)+((O34*P7)^2)) -> 0.0010087543 | R7: =M7^3 -> 0.33987723 | S7: =3*Q7/M7*R7 -> 0.0014738548 | T7: =R7/$R$2 -> 0.97410123 | U7: =T7*3*SQRT((Q7/M7)^2)+(0.001/$M$2)^2 -> 0.0042261424 | V7: =$B$40/((M7/$M$2)^3) -> 6.251917 | W7: =(SQRT((0.02/$V$2)^2+(9*(0.001/$M$2)^2)+(9*(Q7/M7)^2))*V7) -> 0.043201154 | X7: =(1-((V7/$B$40)^0.66666667))/2 -> -0.008823635 | Y7: =(SQRT((Q7/M7)^2 + (0.0002/F7)^2))*AD7 -> 0.011176084 | Z7: =SQRT((Q7/M7)^2 + (0.0002/G7)^2)*AE7 -> 0.0041402549 | AA7: =SQRT((Q7/M7)^2 + (0.0002/H7)^2)*#REF! -> #REF! | AB7: =SQRT((Q7/M7)^2+(0.0002/I7)^2)*AC7 -> 0.0046021658 | AC7: =2*M7/I7 -> 3.0477689 | AD7: =2*M7/F7 -> 6.4994933 | AE7: =2*M7/G7 -> 2.7625602 | AF7: =V7*AC7^2 -> 58.073402 | AG7: =V7*#REF!*#REF! -> #REF! | AH7: =V7*AD7^2 -> 264.10231 | AI7: =V7*AE7^2 -> 47.712998 | AJ7: =AH7+AI7-3*AF7 -> 137.5951 | AL7: =M7 -> 0.69786919 | AM7: =AL7^3 -> 0.33987723 | AN7: =$BG$2/AM7 -> 1.0265873 | AO7: =$AO$2/((AL7/$AL$2)^3) -> 6.251917 | AP7: =-3*$AY$33*((1-2*AQ7)^2.5)*(1+3*(4-$AY$34)*AQ7/2)*AQ7 -> 4.5089859 | AQ7: =0.5*(1-AN7^0.666666667) -> -0.0088236349 | AR7: =(1-2*AQ7)^(3.5)*($AY$27-$AY$40*AQ7)+AP7*3 -> 264.55308 | AS7: =(1-2*AQ7)^(3.5)*($AY$29-$AY$42*AQ7)+AP7*1 -> 47.734995 | AT7: =(1-2*AQ7)^(3.5)*($AY$28-$AY$41*AQ7)+AP7*1 -> 137.84422 | AV7: =AR7-AH7 -> 0.45077094 | AW7: =AS7-AI7 -> 0.021997113 | AX7: =AT7-AJ7 -> 0.24911317 | AY7: =AP7-A7 -> 0.075422675 | BB7: 0.21474572 | BC7: 0.50523365 | BD7: =C7*$BF$2/0.607 -> 0.224963 | BE7: =D7*$BF$2/0.607 -> 0.45795413 | BF7: 0.69804941 | BG7: =BF7^3 -> 0.34014061 | BH7: =$BG$2/BG7 -> 1.0257924 | BI7: =$BI$2/((BF7/$BF$2)^3) -> 6.2470759 | BJ7: =-3*$BC$33*((1-2*BK7)^2.5)*(1+3*(4-$BC$34)*BK7/2)*BK7 -> 4.3699387 | BK7: =0.5*(1-BH7^0.666666667) -> -0.008560935 | BL7: =BJ7-E7 -> -0.063624508 | BM7: =2*BF7/BE7 -> 3.048556 | BN7: =2*BF7/BB7 -> 6.5011718 | BO7: =2*BF7/BC7 -> 2.7632736 | BP7: =BI7*BM7^2 -> 58.058409 | BQ7: =BI7*BN7^2 -> 264.03413 | BR7: =BI7*BO7^2 -> 47.70068 | BS7: =BQ7+BR7-3*BP7 -> 137.55958 | BT7: =(1-2*BK7)^(3.5)*($BC$27-$BC$40*BK7)+BJ7*3 -> 264.05331 | BU7: =(1-2*BK7)^(3.5)*($BC$29-$BC$42*BK7)+BJ7*1 -> 47.725023 | BV7: =(1-2*BK7)^(3.5)*($BC$28-$BC$41*BK7)+BJ7*1 -> 137.58903 | BW7: =BT7-BQ7 -> 0.019179458 | BX7: =BV7-AJ7 -> -0.0060768764 | BY7: =BU7-AI7 -> 0.012024622 | BZ7: =(BT7+2*BV7)/3 -> 179.74379 | CA7: =SQRT(BT7/BI7) -> 6.5014079 | CB7: =SQRT(BU7/BI7) -> 2.7639786 | CC7: =SQRT((0.33333334*(BT7+2*BV7+4*BU7))/BI7) -> 6.2416802 | CD7: =SQRT((0.3333334*(BT7-BV7+BU7))/BI7) -> 3.0486795 | CE7: =(BT7-BV7+3*BU7)/5 -> 53.92787 | CF7: =((5*(BT7-BV7)*BU7)/(3*(BT7-BV7)+4*BU7)) -> 52.915882 | CG7: =(CE7+CF7)/2 -> 53.421876 | CH7: =CA7-AD7 -> 0.0019145761 | CI7: =CB7-AE7 -> 0.0014184154 | CK7: =CD7-AC7 -> 0.00091055109 | ET7: =(0.02/$B$40)^2+9*(0.001/$B$38)^2+(Q7/M7)^2 -> 3.1033756e-05 | EU7: =4*(AH7)^2*(0.0002/F7)^2 -> 0.242 | EV7: =4*(AI7)^2*(0.0002/G7)^2 -> 0.0014269504 | EW7: =4*(AF7)^2*(0.0002/I7)^2 -> 0.0025729453 | EX7: =(AH7)^2*ET7+1*EU7 -> 2.4066055 | EY7: =(AJ7)^2*ET7+1*EU7+1*EV7+9*EW7 -> 0.85412734 | EZ7: =(AI7)^2*ET7+1*EV7 -> 0.072076234 | FA7: =(AH7)*(AJ7)*ET7+1*EU7 -> 1.3697414 | FB7: =(AH7)*(AI7)*ET7 -> 0.39105988 | FC7: =(AJ7)*(AI7)*ET7+1*EV7 -> 0.20516589 | FD7: =20*(AI7)^2/(3*((AH7)-(AJ7))+4*(AI7))^2 -> 0.13995375 | FE7: =15*((AH7)-(AJ7))^2/(3*((AH7)-(AJ7))+4*(AI7))^2 -> 0.73790923 | FF7: =(0.2+FD7)/2 -> 0.16997688 | FG7: =(-0.2-FD7)/2 -> -0.16997688 | FH7: =(0.6+FE7)/2 -> 0.66895462 | FI7: =SQRT(EX7) -> 1.5513238 | FJ7: =SQRT(EY7) -> 0.9241901 | FK7: =SQRT(EZ7) -> 0.26847017 | FL7: =SQRT(EX7/9+4*EY7/9+(4/9)*FA7) -> 1.1206189 | FM7: =SQRT((EX7+EY7+9*EZ7)/25+(-2*FA7+6*FB7-6*FC7)/25) -> 0.30234418 | FN7: =SQRT(FD7^2*(EX7+EY7)-2*FD7^2*FA7+FE7^2*EZ7+2*FD7*FE7*(FB7-FC7)) -> 0.29639788 | FO7: =SQRT(FF7^2*EX7+FG7^2*EY7+FH7^2*EZ7+2*FF7*FG7*FA7+2*FF7*FH7*FB7+2*FG7*FH7*FC7) -> 0.2993142
A8: 5.122272 | B8: 180 | C8: 0.19293671 | D8: 0.3928225 | E8: 5.122272 | F8: 0.21334572 | G8: 0.50523365 | H8: =C8*0.704/0.607 -> 0.22376844 | I8: =D8*0.704/0.607 -> 0.45559644 | J8: =1/((-2/(I8^2))+(1/(F8^2))+(0.6666/(G8^2))) -> 0.066906826 | K8: =(J8*(E8-E7)+0.5*(E8-E7)*(J7-J8)) -> 0.046370559 | L8: =SUM(K$3:$K8) -> 0.35925075 | M8: =$B$38/((L8*$B$43+1)) -> 0.69696964 | N8: =(6*F8*G8*SQRT(9*(G8^6)*(0.0002^2)+16*(F8^6)*(0.0002)^2))/((4*F8^2 - 3*G8^2)^2) -> 0.00014761407 | O8: =(((E8-E7)/2)^2)*(N8^2+N9^2) -> 5.0935318e-09 | P8: =SUM(O$2:$O8) -> 6.3622806e-08 | Q8: =SQRT(((M35*0.001)^2)+((N35*0.02)^2)+((O35*P8)^2)) -> 0.0010100455 | R8: =M8^3 -> 0.33856463 | S8: =3*Q8/M8*R8 -> 0.0014719394 | T8: =R8/$R$2 -> 0.97033926 | U8: =T8*3*SQRT((Q8/M8)^2)+(0.001/$M$2)^2 -> 0.0042206527 | V8: =$B$40/((M8/$M$2)^3) -> 6.2761554 | W8: =(SQRT((0.02/$V$2)^2+(9*(0.001/$M$2)^2)+(9*(Q8/M8)^2))*V8) -> 0.043412611 | X8: =(1-((V8/$B$40)^0.66666667))/2 -> -0.010137913 | Y8: =(SQRT((Q8/M8)^2 + (0.0002/F8)^2))*AD8 -> 0.01127699 | Z8: =SQRT((Q8/M8)^2 + (0.0002/G8)^2)*AE8 -> 0.0041448132 | AA8: =SQRT((Q8/M8)^2 + (0.0002/H8)^2)*#REF! -> #REF! | AB8: =SQRT((Q8/M8)^2+(0.0002/I8)^2)*AC8 -> 0.00463291 | AC8: =2*M8/I8 -> 3.0595921 | AD8: =2*M8/F8 -> 6.533711 | AE8: =2*M8/G8 -> 2.7589993 | AF8: =V8*AC8^2 -> 58.751743 | AG8: =V8*#REF!*#REF! -> #REF! | AH8: =V8*AD8^2 -> 267.92518 | AI8: =V8*AE8^2 -> 47.774579 | AJ8: =AH8+AI8-3*AF8 -> 139.44453 | AL8: =M8 -> 0.69696964 | AM8: =AL8^3 -> 0.33856463 | AN8: =$BG$2/AM8 -> 1.0305674 | AO8: =$AO$2/((AL8/$AL$2)^3) -> 6.2761554 | AP8: =-3*$AY$33*((1-2*AQ8)^2.5)*(1+3*(4-$AY$34)*AQ8/2)*AQ8 -> 5.2106309 | AQ8: =0.5*(1-AN8^0.666666667) -> -0.010137913 | AR8: =(1-2*AQ8)^(3.5)*($AY$27-$AY$40*AQ8)+AP8*3 -> 268.15515 | AS8: =(1-2*AQ8)^(3.5)*($AY$29-$AY$42*AQ8)+AP8*1 -> 47.853067 | AT8: =(1-2*AQ8)^(3.5)*($AY$28-$AY$41*AQ8)+AP8*1 -> 139.7942 | AV8: =AR8-AH8 -> 0.22997459 | AW8: =AS8-AI8 -> 0.07848753 | AX8: =AT8-AJ8 -> 0.34967141 | AY8: =AP8-A8 -> 0.088358839 | BB8: 0.21334572 | BC8: 0.50523365 | BD8: =C8*$BF$2/0.607 -> 0.22376844 | BE8: =D8*$BF$2/0.607 -> 0.45559644 | BF8: 0.69713547 | BG8: =BF8^3 -> 0.33880634 | BH8: =$BG$2/BG8 -> 1.0298322 | BI8: =$BI$2/((BF8/$BF$2)^3) -> 6.2716778 | BJ8: =-3*$BC$33*((1-2*BK8)^2.5)*(1+3*(4-$BC$34)*BK8/2)*BK8 -> 5.0814774 | BK8: =0.5*(1-BH8^0.666666667) -> -0.0098952525 | BL8: =BJ8-E8 -> -0.040794624 | BM8: =2*BF8/BE8 -> 3.0603201 | BN8: =2*BF8/BB8 -> 6.5352655 | BO8: =2*BF8/BC8 -> 2.7596557 | BP8: =BI8*BM8^2 -> 58.737768 | BQ8: =BI8*BN8^2 -> 267.86145 | BR8: =BI8*BO8^2 -> 47.763215 | BS8: =BQ8+BR8-3*BP8 -> 139.41136 | BT8: =(1-2*BK8)^(3.5)*($BC$27-$BC$40*BK8)+BJ8*3 -> 267.77301 | BU8: =(1-2*BK8)^(3.5)*($BC$29-$BC$42*BK8)+BJ8*1 -> 47.845443 | BV8: =(1-2*BK8)^(3.5)*($BC$28-$BC$41*BK8)+BJ8*1 -> 139.60678 | BW8: =BT8-BQ8 -> -0.08843618 | BX8: =BV8-AJ8 -> 0.16224921 | BY8: =BU8-AI8 -> 0.070864147 | BZ8: =(BT8+2*BV8)/3 -> 182.32886 | CA8: =SQRT(BT8/BI8) -> 6.5341866 | CB8: =SQRT(BU8/BI8) -> 2.7620302 | CC8: =SQRT((0.33333334*(BT8+2*BV8+4*BU8))/BI8) -> 6.2644658 | CD8: =SQRT((0.3333334*(BT8-BV8+BU8))/BI8) -> 3.058569 | CE8: =(BT8-BV8+3*BU8)/5 -> 54.340513 | CF8: =((5*(BT8-BV8)*BU8)/(3*(BT8-BV8)+4*BU8)) -> 53.241693 | CG8: =(CE8+CF8)/2 -> 53.791103 | CH8: =CA8-AD8 -> 0.00047559868 | CI8: =CB8-AE8 -> 0.0030308881 | CK8: =CD8-AC8 -> -0.0010230855 | ET8: =(0.02/$B$40)^2+9*(0.001/$B$38)^2+(Q8/M8)^2 -> 3.1044519e-05 | EU8: =4*(AH8)^2*(0.0002/F8)^2 -> 0.25233598 | EV8: =4*(AI8)^2*(0.0002/G8)^2 -> 0.0014306361 | EW8: =4*(AF8)^2*(0.0002/I8)^2 -> 0.0026607302 | EX8: =(AH8)^2*ET8+1*EU8 -> 2.4808327 | EY8: =(AJ8)^2*ET8+1*EU8+1*EV8+9*EW8 -> 0.88136694 | EZ8: =(AI8)^2*ET8+1*EV8 -> 0.07228697 | FA8: =(AH8)*(AJ8)*ET8+1*EU8 -> 1.412181 | FB8: =(AH8)*(AI8)*ET8 -> 0.39737024 | FC8: =(AJ8)*(AI8)*ET8+1*EV8 -> 0.20824624 | FD8: =20*(AI8)^2/(3*((AH8)-(AJ8))+4*(AI8))^2 -> 0.13732969 | FE8: =15*((AH8)-(AJ8))^2/(3*((AH8)-(AJ8))+4*(AI8))^2 -> 0.7449162 | FF8: =(0.2+FD8)/2 -> 0.16866485 | FG8: =(-0.2-FD8)/2 -> -0.16866485 | FH8: =(0.6+FE8)/2 -> 0.6724581 | FI8: =SQRT(EX8) -> 1.5750659 | FJ8: =SQRT(EY8) -> 0.93881145 | FK8: =SQRT(EZ8) -> 0.26886236 | FL8: =SQRT(EX8/9+4*EY8/9+(4/9)*FA8) -> 1.1379819 | FM8: =SQRT((EX8+EY8+9*EZ8)/25+(-2*FA8+6*FB8-6*FC8)/25) -> 0.30483861 | FN8: =SQRT(FD8^2*(EX8+EY8)-2*FD8^2*FA8+FE8^2*EZ8+2*FD8*FE8*(FB8-FC8)) -> 0.29824454 | FO8: =SQRT(FF8^2*EX8+FG8^2*EY8+FH8^2*EZ8+2*FF8*FG8*FA8+2*FF8*FH8*FB8+2*FG8*FH8*FC8) -> 0.30147866
A9: 5.7679366 | B9: 210 | C9: 0.1919993 | D9: 0.39099582 | E9: 5.7679366 | F9: 0.21174572 | G9: 0.50423365 | H9: =C9*0.704/0.607 -> 0.22268123 | I9: =D9*0.704/0.607 -> 0.45347786 | J9: =1/((-2/(I9^2))+(1/(F9^2))+(0.6666/(G9^2))) -> 0.065791366 | K9: =(J9*(E9-E8)+0.5*(E9-E8)*(J8-J9)) -> 0.042839259 | L9: =SUM(K$3:$K9) -> 0.40209001 | M9: =$B$38/((L9*$B$43+1)) -> 0.69614066 | N9: =(6*F9*G9*SQRT(9*(G9^6)*(0.0002^2)+16*(F9^6)*(0.0002)^2))/((4*F9^2 - 3*G9^2)^2) -> 0.00014548021 | O9: =(((E9-E8)/2)^2)*(N9^2+N10^2) -> 4.3650511e-09 | P9: =SUM(O$2:$O9) -> 6.7987857e-08 | Q9: =SQRT(((M36*0.001)^2)+((N36*0.02)^2)+((O36*P9)^2)) -> 0.0010112367 | R9: =M9^3 -> 0.33735799 | S9: =3*Q9/M9*R9 -> 0.0014701718 | T9: =R9/$R$2 -> 0.96688098 | U9: =T9*3*SQRT((Q9/M9)^2)+(0.001/$M$2)^2 -> 0.0042155866 | V9: =$B$40/((M9/$M$2)^3) -> 6.2986036 | W9: =(SQRT((0.02/$V$2)^2+(9*(0.001/$M$2)^2)+(9*(Q9/M9)^2))*V9) -> 0.043608734 | X9: =(1-((V9/$B$40)^0.66666667))/2 -> -0.011353609 | Y9: =(SQRT((Q9/M9)^2 + (0.0002/F9)^2))*AD9 -> 0.011392991 | Z9: =SQRT((Q9/M9)^2 + (0.0002/G9)^2)*AE9 -> 0.0041578192 | AA9: =SQRT((Q9/M9)^2 + (0.0002/H9)^2)*#REF! -> #REF! | AB9: =SQRT((Q9/M9)^2+(0.0002/I9)^2)*AC9 -> 0.0046609433 | AC9: =2*M9/I9 -> 3.07023 | AD9: =2*M9/F9 -> 6.5752513 | AE9: =2*M9/G9 -> 2.7611829 | AF9: =V9*AC9^2 -> 59.372603 | AG9: =V9*#REF!*#REF! -> #REF! | AH9: =V9*AD9^2 -> 272.31338 | AI9: =V9*AE9^2 -> 48.021378 | AJ9: =AH9+AI9-3*AF9 -> 142.21695 | AL9: =M9 -> 0.69614066 | AM9: =AL9^3 -> 0.33735799 | AN9: =$BG$2/AM9 -> 1.0342535 | AO9: =$AO$2/((AL9/$AL$2)^3) -> 6.2986036 | AP9: =-3*$AY$33*((1-2*AQ9)^2.5)*(1+3*(4-$AY$34)*AQ9/2)*AQ9 -> 5.8666644 | AQ9: =0.5*(1-AN9^0.666666667) -> -0.011353609 | AR9: =(1-2*AQ9)^(3.5)*($AY$27-$AY$40*AQ9)+AP9*3 -> 271.50864 | AS9: =(1-2*AQ9)^(3.5)*($AY$29-$AY$42*AQ9)+AP9*1 -> 47.955843 | AT9: =(1-2*AQ9)^(3.5)*($AY$28-$AY$41*AQ9)+AP9*1 -> 141.61252 | AV9: =AR9-AH9 -> -0.80474454 | AW9: =AS9-AI9 -> -0.065535027 | AX9: =AT9-AJ9 -> -0.60442516 | AY9: =AP9-A9 -> 0.098727805 | BB9: 0.21174572 | BC9: 0.50423365 | BD9: =C9*$BF$2/0.607 -> 0.22268123 | BE9: =D9*$BF$2/0.607 -> 0.45347786 | BF9: 0.69601615 | BG9: =BF9^3 -> 0.337177 | BH9: =$BG$2/BG9 -> 1.0348086 | BI9: =$BI$2/((BF9/$BF$2)^3) -> 6.3019845 | BJ9: =-3*$BC$33*((1-2*BK9)^2.5)*(1+3*(4-$BC$34)*BK9/2)*BK9 -> 5.9681407 | BK9: =0.5*(1-BH9^0.666666667) -> -0.011536579 | BL9: =BJ9-E9 -> 0.20020414 | BM9: =2*BF9/BE9 -> 3.0696808 | BN9: =2*BF9/BB9 -> 6.5740752 | BO9: =2*BF9/BC9 -> 2.760689 | BP9: =BI9*BM9^2 -> 59.383224 | BQ9: =BI9*BN9^2 -> 272.36209 | BR9: =BI9*BO9^2 -> 48.029969 | BS9: =BQ9+BR9-3*BP9 -> 142.24239 | BT9: =(1-2*BK9)^(3.5)*($BC$27-$BC$40*BK9)+BJ9*3 -> 272.38529 | BU9: =(1-2*BK9)^(3.5)*($BC$29-$BC$42*BK9)+BJ9*1 -> 47.983589 | BV9: =(1-2*BK9)^(3.5)*($BC$28-$BC$41*BK9)+BJ9*1 -> 142.11324 | BW9: =BT9-BQ9 -> 0.023190524 | BX9: =BV9-AJ9 -> -0.10370897 | BY9: =BU9-AI9 -> -0.037789057 | BZ9: =(BT9+2*BV9)/3 -> 185.53726 | CA9: =SQRT(BT9/BI9) -> 6.5743551 | CB9: =SQRT(BU9/BI9) -> 2.7593558 | CC9: =SQRT((0.33333334*(BT9+2*BV9+4*BU9))/BI9) -> 6.2923083 | CD9: =SQRT((0.3333334*(BT9-BV9+BU9))/BI9) -> 3.0705939 | CE9: =(BT9-BV9+3*BU9)/5 -> 54.844562 | CF9: =((5*(BT9-BV9)*BU9)/(3*(BT9-BV9)+4*BU9)) -> 53.632904 | CG9: =(CE9+CF9)/2 -> 54.238733 | CH9: =CA9-AD9 -> -0.00089617119 | CI9: =CB9-AE9 -> -0.0018271001 | CK9: =CD9-AC9 -> 0.0003639367 | ET9: =(0.02/$B$40)^2+9*(0.001/$B$38)^2+(Q9/M9)^2 -> 3.1054492e-05 | EU9: =4*(AH9)^2*(0.0002/F9)^2 -> 0.26462365 | EV9: =4*(AI9)^2*(0.0002/G9)^2 -> 0.0014511943 | EW9: =4*(AF9)^2*(0.0002/I9)^2 -> 0.0027427106 | EX9: =(AH9)^2*ET9+1*EU9 -> 2.5674564 | EY9: =(AJ9)^2*ET9+1*EU9+1*EV9+9*EW9 -> 0.91885687 | EZ9: =(AI9)^2*ET9+1*EV9 -> 0.073064492 | FA9: =(AH9)*(AJ9)*ET9+1*EU9 -> 1.4672889 | FB9: =(AH9)*(AI9)*ET9 -> 0.40609537 | FC9: =(AJ9)*(AI9)*ET9+1*EV9 -> 0.21353642 | FD9: =20*(AI9)^2/(3*((AH9)-(AJ9))+4*(AI9))^2 -> 0.13598596 | FE9: =15*((AH9)-(AJ9))^2/(3*((AH9)-(AJ9))+4*(AI9))^2 -> 0.7485432 | FF9: =(0.2+FD9)/2 -> 0.16799298 | FG9: =(-0.2-FD9)/2 -> -0.16799298 | FH9: =(0.6+FE9)/2 -> 0.6742716 | FI9: =SQRT(EX9) -> 1.6023284 | FJ9: =SQRT(EY9) -> 0.95857022 | FK9: =SQRT(EZ9) -> 0.27030444 | FL9: =SQRT(EX9/9+4*EY9/9+(4/9)*FA9) -> 1.1600785 | FM9: =SQRT((EX9+EY9+9*EZ9)/25+(-2*FA9+6*FB9-6*FC9)/25) -> 0.30754964 | FN9: =SQRT(FD9^2*(EX9+EY9)-2*FD9^2*FA9+FE9^2*EZ9+2*FD9*FE9*(FB9-FC9)) -> 0.30057235 | FO9: =SQRT(FF9^2*EX9+FG9^2*EY9+FH9^2*EZ9+2*FF9*FG9*FA9+2*FF9*FH9*FB9+2*FG9*FH9*FC9) -> 0.30399424
A10: 6.5857783 | B10: 240 | C10: 0.19084422 | D10: 0.38885471 | E10: 6.5857783 | F10: 0.21074572 | G10: 0.50423365 | H10: =C10*0.704/0.607 -> 0.22134157 | I10: =D10*0.704/0.607 -> 0.45099459 | J10: =1/((-2/(I10^2))+(1/(F10^2))+(0.6666/(G10^2))) -> 0.06534099 | K10: =(J10*(E10-E9)+0.5*(E10-E9)*(J9-J10)) -> 0.053622758 | L10: =SUM(K$3:$K10) -> 0.45571277 | M10: =$B$38/((L10*$B$43+1)) -> 0.69510578 | N10: =(6*F10*G10*SQRT(9*(G10^6)*(0.0002^2)+16*(F10^6)*(0.0002)^2))/((4*F10^2 - 3*G10^2)^2) -> 0.00014393848 | O10: =(((E10-E9)/2)^2)*(N10^2+N11^2) -> 6.8066341e-09 | P10: =SUM(O$2:$O10) -> 7.4794491e-08 | Q10: =SQRT(((M37*0.001)^2)+((N37*0.02)^2)+((O37*P10)^2)) -> 0.0010127254 | R10: =M10^3 -> 0.33585568 | S10: =3*Q10/M10*R10 -> 0.0014679617 | T10: =R10/$R$2 -> 0.9625753 | U10: =T10*3*SQRT((Q10/M10)^2)+(0.001/$M$2)^2 -> 0.0042092525 | V10: =$B$40/((M10/$M$2)^3) -> 6.3267778 | W10: =(SQRT((0.02/$V$2)^2+(9*(0.001/$M$2)^2)+(9*(Q10/M10)^2))*V10) -> 0.043855269 | X10: =(1-((V10/$B$40)^0.66666667))/2 -> -0.01287736 | Y10: =(SQRT((Q10/M10)^2 + (0.0002/F10)^2))*AD10 -> 0.011469958 | Z10: =SQRT((Q10/M10)^2 + (0.0002/G10)^2)*AE10 -> 0.0041630876 | AA10: =SQRT((Q10/M10)^2 + (0.0002/H10)^2)*#REF! -> #REF! | AB10: =SQRT((Q10/M10)^2+(0.0002/I10)^2)*AC10 -> 0.0046945122 | AC10: =2*M10/I10 -> 3.082546 | AD10: =2*M10/F10 -> 6.5966301 | AE10: =2*M10/G10 -> 2.7570781 | AF10: =V10*AC10^2 -> 60.11761 | AG10: =V10*#REF!*#REF! -> #REF! | AH10: =V10*AD10^2 -> 275.31308 | AI10: =V10*AE10^2 -> 48.092873 | AJ10: =AH10+AI10-3*AF10 -> 143.05312 | AL10: =M10 -> 0.69510578 | AM10: =AL10^3 -> 0.33585568 | AN10: =$BG$2/AM10 -> 1.0388798 | AO10: =$AO$2/((AL10/$AL$2)^3) -> 6.3267778 | AP10: =-3*$AY$33*((1-2*AQ10)^2.5)*(1+3*(4-$AY$34)*AQ10/2)*AQ10 -> 6.6984994 | AQ10: =0.5*(1-AN10^0.666666667) -> -0.01287736 | AR10: =(1-2*AQ10)^(3.5)*($AY$27-$AY$40*AQ10)+AP10*3 -> 275.74121 | AS10: =(1-2*AQ10)^(3.5)*($AY$29-$AY$42*AQ10)+AP10*1 -> 48.075765 | AT10: =(1-2*AQ10)^(3.5)*($AY$28-$AY$41*AQ10)+AP10*1 -> 143.91151 | AV10: =AR10-AH10 -> 0.42813521 | AW10: =AS10-AI10 -> -0.017107655 | AX10: =AT10-AJ10 -> 0.85839109 | AY10: =AP10-A10 -> 0.11272112 | BB10: 0.21074572 | BC10: 0.50423365 | BD10: =C10*$BF$2/0.607 -> 0.22134157 | BE10: =D10*$BF$2/0.607 -> 0.45099459 | BF10: 0.69540011 | BG10: =BF10^3 -> 0.3362825 | BH10: =$BG$2/BG10 -> 1.0375612 | BI10: =$BI$2/((BF10/$BF$2)^3) -> 6.3187475 | BJ10: =-3*$BC$33*((1-2*BK10)^2.5)*(1+3*(4-$BC$34)*BK10/2)*BK10 -> 6.4633775 | BK10: =0.5*(1-BH10^0.666666667) -> -0.01244329 | BL10: =BJ10-E10 -> -0.12240085 | BM10: =2*BF10/BE10 -> 3.0838513 | BN10: =2*BF10/BB10 -> 6.5994233 | BO10: =2*BF10/BC10 -> 2.7582456 | BP10: =BI10*BM10^2 -> 60.092165 | BQ10: =BI10*BN10^2 -> 275.19655 | BR10: =BI10*BO10^2 -> 48.072517 | BS10: =BQ10+BR10-3*BP10 -> 142.99257 | BT10: =(1-2*BK10)^(3.5)*($BC$27-$BC$40*BK10)+BJ10*3 -> 274.95062 | BU10: =(1-2*BK10)^(3.5)*($BC$29-$BC$42*BK10)+BJ10*1 -> 48.0551 | BV10: =(1-2*BK10)^(3.5)*($BC$28-$BC$41*BK10)+BJ10*1 -> 143.50949 | BW10: =BT10-BQ10 -> -0.24592915 | BX10: =BV10-AJ10 -> 0.45637591 | BY10: =BU10-AI10 -> -0.037772414 | BZ10: =(BT10+2*BV10)/3 -> 187.3232 | CA10: =SQRT(BT10/BI10) -> 6.5964739 | CB10: =SQRT(BU10/BI10) -> 2.7577459 | CC10: =SQRT((0.33333334*(BT10+2*BV10+4*BU10))/BI10) -> 6.3076017 | CD10: =SQRT((0.3333334*(BT10-BV10+BU10))/BI10) -> 3.0771706 | CE10: =(BT10-BV10+3*BU10)/5 -> 55.121285 | CF10: =((5*(BT10-BV10)*BU10)/(3*(BT10-BV10)+4*BU10)) -> 53.844373 | CG10: =(CE10+CF10)/2 -> 54.482829 | CH10: =CA10-AD10 -> -0.00015616576 | CI10: =CB10-AE10 -> 0.00066775858 | CK10: =CD10-AC10 -> -0.0053753986 | ET10: =(0.02/$B$40)^2+9*(0.001/$B$38)^2+(Q10/M10)^2 -> 3.1067016e-05 | EU10: =4*(AH10)^2*(0.0002/F10)^2 -> 0.27305877 | EV10: =4*(AI10)^2*(0.0002/G10)^2 -> 0.0014555187 | EW10: =4*(AF10)^2*(0.0002/I10)^2 -> 0.0028430254 | EX10: =(AH10)^2*ET10+1*EU10 -> 2.6278544 | EY10: =(AJ10)^2*ET10+1*EU10+1*EV10+9*EW10 -> 0.93586298 | EZ10: =(AI10)^2*ET10+1*EV10 -> 0.073311179 | FA10: =(AH10)*(AJ10)*ET10+1*EU10 -> 1.4966144 | FB10: =(AH10)*(AI10)*ET10 -> 0.41134583 | FC10: =(AJ10)*(AI10)*ET10+1*EV10 -> 0.21519148 | FD10: =20*(AI10)^2/(3*((AH10)-(AJ10))+4*(AI10))^2 -> 0.13327162 | FE10: =15*((AH10)-(AJ10))^2/(3*((AH10)-(AJ10))+4*(AI10))^2 -> 0.75595204 | FF10: =(0.2+FD10)/2 -> 0.16663581 | FG10: =(-0.2-FD10)/2 -> -0.16663581 | FH10: =(0.6+FE10)/2 -> 0.67797602 | FI10: =SQRT(EX10) -> 1.6210658 | FJ10: =SQRT(EY10) -> 0.96740011 | FK10: =SQRT(EZ10) -> 0.27076037 | FL10: =SQRT(EX10/9+4*EY10/9+(4/9)*FA10) -> 1.171787 | FM10: =SQRT((EX10+EY10+9*EZ10)/25+(-2*FA10+6*FB10-6*FC10)/25) -> 0.31030407 | FN10: =SQRT(FD10^2*(EX10+EY10)-2*FD10^2*FA10+FE10^2*EZ10+2*FD10*FE10*(FB10-FC10)) -> 0.30257429 | FO10: =SQRT(FF10^2*EX10+FG10^2*EY10+FH10^2*EZ10+2*FF10*FG10*FA10+2*FF10*FH10*FB10+2*FG10*FH10*FC10) -> 0.30636537
